Predicted_X,Predicted_Y,Z_HW_elev,Z_FW_elev
418381.47,337624.75,,
418591.34,337624.75,,
418801.2,337624.75,,
419011.06,337624.75,,
419220.94,337624.75,,
419430.78,337624.75,,
419640.66,337624.75,,
419850.5,337624.75,,
420060.38,337624.75,,
420270.25,337624.75,,
420480.1,337624.75,,
420689.97,337624.75,,
420899.84,337624.75,,
421109.7,337624.75,,
421319.56,337624.75,,
421529.4,337624.75,,
421739.28,337624.75,,
421949.16,337624.75,,
422159.0,337624.75,,
422368.88,337624.75,,
422578.72,337624.75,,
422788.6,337624.75,,
422998.47,337624.75,,
423208.3,337624.75,,
423418.2,337624.75,,
423628.06,337624.75,,
423837.9,337624.75,332.0,80.0
424047.78,337624.75,332.0,80.0
424257.62,337624.75,320.0,80.0
424467.5,337624.75,320.0,80.0
424677.38,337624.75,320.0,80.0
424887.22,337624.75,320.0,80.0
425097.1,337624.75,320.0,80.0
425306.94,337624.75,320.0,80.0
425516.8,337624.75,308.0,80.0
425726.7,337624.75,308.0,80.0
425936.53,337624.75,308.0,80.0
426146.4,337624.75,308.0,80.0
426356.28,337624.75,308.0,80.0
426566.12,337624.75,296.0,80.0
426776.0,337624.75,296.0,92.0
426985.84,337624.75,296.0,92.0
427195.72,337624.75,284.0,92.0
427405.6,337624.75,284.0,92.0
427615.44,337624.75,284.0,92.0
427825.3,337624.75,272.0,92.0
428035.16,337624.75,272.0,92.0
428245.03,337624.75,260.0,92.0
428454.9,337624.75,260.0,92.0
428664.75,337624.75,248.0,104.0
428874.62,337624.75,,
429084.5,337624.75,,
429294.34,337624.75,,
429504.22,337624.75,,
429714.06,337624.75,,
429923.94,337624.75,,
430133.8,337624.75,,
430343.66,337624.75,,
430553.53,337624.75,,
430763.38,337624.75,,
430973.25,337624.75,,
431183.12,337624.75,,
431392.97,337624.75,,
431602.84,337624.75,,
431812.72,337624.75,,
432022.56,337624.75,,
432232.44,337624.75,,
432442.28,337624.75,,
432652.16,337624.75,,
432862.03,337624.75,,
433071.88,337624.75,,
433281.75,337624.75,,
433491.6,337624.75,,
433701.47,337624.75,,
433911.34,337624.75,,
434121.2,337624.75,,
434331.06,337624.75,,
434540.94,337624.75,,
434750.78,337624.75,,
434960.66,337624.75,,
435170.5,337624.75,,
435380.38,337624.75,,
435590.25,337624.75,,
435800.1,337624.75,,
436009.97,337624.75,,
436219.8,337624.75,,
436429.7,337624.75,,
436639.56,337624.75,,
436849.4,337624.75,,
437059.28,337624.75,,
437269.16,337624.75,,
437479.0,337624.75,,
437688.88,337624.75,,
437898.72,337624.75,,
438108.6,337624.75,,
438318.47,337624.75,,
438528.3,337624.75,,
438738.2,337624.75,,
438948.03,337624.75,,
439157.9,337624.75,,
439367.78,337624.75,,
439577.62,337624.75,,
439787.5,337624.75,,
439997.38,337624.75,,
440207.22,337624.75,,
440417.1,337624.75,,
440626.94,337624.75,,
440836.8,337624.75,,
441046.7,337624.75,,
441256.53,337624.75,,
441466.4,337624.75,,
441676.25,337624.75,,
441886.12,337624.75,,
442096.0,337624.75,,
442305.84,337624.75,,
442515.72,337624.75,,
442725.6,337624.75,,
442935.44,337624.75,,
443145.3,337624.75,,
443355.16,337624.75,,
443565.03,337624.75,,
443774.9,337624.75,,
443984.75,337624.75,,
444194.62,337624.75,,
444404.47,337624.75,,
444614.34,337624.75,,
444824.22,337624.75,,
445034.06,337624.75,,
445243.94,337624.75,,
445453.8,337624.75,,
445663.66,337624.75,,
445873.53,337624.75,,
446083.38,337624.75,,
446293.25,337624.75,,
446503.12,337624.75,,
446712.97,337624.75,,
446922.84,337624.75,,
447132.7,337624.75,,
447342.56,337624.75,,
447552.44,337624.75,,
447762.28,337624.75,,
447972.16,337624.75,,
448182.03,337624.75,,
448391.88,337624.75,,
448601.75,337624.75,,
448811.6,337624.75,,
449021.47,337624.75,,
449231.34,337624.75,,
449441.2,337624.75,,
449651.06,337624.75,,
449860.9,337624.75,,
450070.78,337624.75,,
450280.66,337624.75,,
450490.5,337624.75,,
450700.38,337624.75,,
450910.25,337624.75,,
451120.1,337624.75,,
451329.97,337624.75,,
451539.8,337624.75,,
451749.7,337624.75,,
451959.56,337624.75,,
452169.4,337624.75,,
452379.28,337624.75,,
452589.12,337624.75,,
452799.0,337624.75,,
453008.88,337624.75,,
453218.72,337624.75,,
453428.6,337624.75,,
453638.47,337624.75,,
453848.3,337624.75,,
454058.2,337624.75,,
454268.03,337624.75,,
454477.9,337624.75,,
454687.78,337624.75,,
454897.62,337624.75,,
455107.5,337624.75,,
455317.34,337624.75,,
455527.22,337624.75,,
455737.1,337624.75,,
455946.94,337624.75,,
456156.8,337624.75,,
456366.7,337624.75,,
456576.53,337624.75,,
456786.4,337624.75,,
456996.25,337624.75,,
457206.12,337624.75,,
457416.0,337624.75,,
457625.84,337624.75,,
457835.72,337624.75,,
458045.6,337624.75,,
458255.44,337624.75,,
458465.3,337624.75,,
458675.16,337624.75,,
458885.03,337624.75,,
459094.9,337624.75,,
459304.75,337624.75,,
459514.62,337624.75,,
459724.47,337624.75,,
459934.34,337624.75,,
460144.22,337624.75,,
418381.47,337827.38,,
418591.34,337827.38,,
418801.2,337827.38,,
419011.06,337827.38,,
419220.94,337827.38,,
419430.78,337827.38,,
419640.66,337827.38,,
419850.5,337827.38,,
420060.38,337827.38,,
420270.25,337827.38,,
420480.1,337827.38,,
420689.97,337827.38,,
420899.84,337827.38,,
421109.7,337827.38,,
421319.56,337827.38,,
421529.4,337827.38,,
421739.28,337827.38,,
421949.16,337827.38,,
422159.0,337827.38,,
422368.88,337827.38,,
422578.72,337827.38,,
422788.6,337827.38,,
422998.47,337827.38,,
423208.3,337827.38,,
423418.2,337827.38,,
423628.06,337827.38,,
423837.9,337827.38,332.0,80.0
424047.78,337827.38,332.0,80.0
424257.62,337827.38,332.0,80.0
424467.5,337827.38,320.0,80.0
424677.38,337827.38,320.0,80.0
424887.22,337827.38,320.0,80.0
425097.1,337827.38,320.0,80.0
425306.94,337827.38,320.0,80.0
425516.8,337827.38,320.0,80.0
425726.7,337827.38,308.0,80.0
425936.53,337827.38,308.0,80.0
426146.4,337827.38,308.0,80.0
426356.28,337827.38,308.0,80.0
426566.12,337827.38,308.0,80.0
426776.0,337827.38,296.0,80.0
426985.84,337827.38,296.0,92.0
427195.72,337827.38,296.0,92.0
427405.6,337827.38,284.0,92.0
427615.44,337827.38,284.0,92.0
427825.3,337827.38,272.0,92.0
428035.16,337827.38,272.0,92.0
428245.03,337827.38,272.0,92.0
428454.9,337827.38,260.0,92.0
428664.75,337827.38,260.0,92.0
428874.62,337827.38,,
429084.5,337827.38,,
429294.34,337827.38,,
429504.22,337827.38,,
429714.06,337827.38,,
429923.94,337827.38,,
430133.8,337827.38,,
430343.66,337827.38,,
430553.53,337827.38,,
430763.38,337827.38,,
430973.25,337827.38,,
431183.12,337827.38,,
431392.97,337827.38,,
431602.84,337827.38,,
431812.72,337827.38,,
432022.56,337827.38,,
432232.44,337827.38,,
432442.28,337827.38,,
432652.16,337827.38,,
432862.03,337827.38,,
433071.88,337827.38,,
433281.75,337827.38,,
433491.6,337827.38,,
433701.47,337827.38,,
433911.34,337827.38,,
434121.2,337827.38,,
434331.06,337827.38,,
434540.94,337827.38,,
434750.78,337827.38,,
434960.66,337827.38,,
435170.5,337827.38,,
435380.38,337827.38,,
435590.25,337827.38,,
435800.1,337827.38,,
436009.97,337827.38,,
436219.8,337827.38,,
436429.7,337827.38,,
436639.56,337827.38,,
436849.4,337827.38,,
437059.28,337827.38,,
437269.16,337827.38,,
437479.0,337827.38,,
437688.88,337827.38,,
437898.72,337827.38,,
438108.6,337827.38,,
438318.47,337827.38,,
438528.3,337827.38,,
438738.2,337827.38,,
438948.03,337827.38,,
439157.9,337827.38,,
439367.78,337827.38,,
439577.62,337827.38,,
439787.5,337827.38,,
439997.38,337827.38,,
440207.22,337827.38,,
440417.1,337827.38,,
440626.94,337827.38,,
440836.8,337827.38,,
441046.7,337827.38,,
441256.53,337827.38,,
441466.4,337827.38,,
441676.25,337827.38,,
441886.12,337827.38,,
442096.0,337827.38,,
442305.84,337827.38,,
442515.72,337827.38,,
442725.6,337827.38,,
442935.44,337827.38,,
443145.3,337827.38,,
443355.16,337827.38,,
443565.03,337827.38,,
443774.9,337827.38,,
443984.75,337827.38,,
444194.62,337827.38,,
444404.47,337827.38,,
444614.34,337827.38,,
444824.22,337827.38,,
445034.06,337827.38,,
445243.94,337827.38,,
445453.8,337827.38,,
445663.66,337827.38,,
445873.53,337827.38,,
446083.38,337827.38,,
446293.25,337827.38,,
446503.12,337827.38,,
446712.97,337827.38,,
446922.84,337827.38,,
447132.7,337827.38,,
447342.56,337827.38,,
447552.44,337827.38,,
447762.28,337827.38,,
447972.16,337827.38,,
448182.03,337827.38,,
448391.88,337827.38,,
448601.75,337827.38,,
448811.6,337827.38,,
449021.47,337827.38,,
449231.34,337827.38,,
449441.2,337827.38,,
449651.06,337827.38,,
449860.9,337827.38,,
450070.78,337827.38,,
450280.66,337827.38,,
450490.5,337827.38,,
450700.38,337827.38,,
450910.25,337827.38,,
451120.1,337827.38,,
451329.97,337827.38,,
451539.8,337827.38,,
451749.7,337827.38,,
451959.56,337827.38,,
452169.4,337827.38,,
452379.28,337827.38,,
452589.12,337827.38,,
452799.0,337827.38,,
453008.88,337827.38,,
453218.72,337827.38,,
453428.6,337827.38,,
453638.47,337827.38,,
453848.3,337827.38,,
454058.2,337827.38,,
454268.03,337827.38,,
454477.9,337827.38,,
454687.78,337827.38,,
454897.62,337827.38,,
455107.5,337827.38,,
455317.34,337827.38,,
455527.22,337827.38,,
455737.1,337827.38,,
455946.94,337827.38,,
456156.8,337827.38,,
456366.7,337827.38,,
456576.53,337827.38,,
456786.4,337827.38,,
456996.25,337827.38,,
457206.12,337827.38,,
457416.0,337827.38,,
457625.84,337827.38,,
457835.72,337827.38,,
458045.6,337827.38,,
458255.44,337827.38,,
458465.3,337827.38,,
458675.16,337827.38,,
458885.03,337827.38,,
459094.9,337827.38,,
459304.75,337827.38,,
459514.62,337827.38,,
459724.47,337827.38,,
459934.34,337827.38,,
460144.22,337827.38,,
418381.47,338030.0,,
418591.34,338030.0,,
418801.2,338030.0,,
419011.06,338030.0,,
419220.94,338030.0,,
419430.78,338030.0,,
419640.66,338030.0,,
419850.5,338030.0,,
420060.38,338030.0,,
420270.25,338030.0,,
420480.1,338030.0,,
420689.97,338030.0,,
420899.84,338030.0,,
421109.7,338030.0,,
421319.56,338030.0,,
421529.4,338030.0,,
421739.28,338030.0,,
421949.16,338030.0,,
422159.0,338030.0,,
422368.88,338030.0,,
422578.72,338030.0,,
422788.6,338030.0,,
422998.47,338030.0,,
423208.3,338030.0,,
423418.2,338030.0,,
423628.06,338030.0,332.0,80.0
423837.9,338030.0,332.0,80.0
424047.78,338030.0,332.0,80.0
424257.62,338030.0,332.0,80.0
424467.5,338030.0,332.0,80.0
424677.38,338030.0,320.0,80.0
424887.22,338030.0,320.0,80.0
425097.1,338030.0,320.0,80.0
425306.94,338030.0,320.0,80.0
425516.8,338030.0,320.0,80.0
425726.7,338030.0,320.0,80.0
425936.53,338030.0,308.0,80.0
426146.4,338030.0,308.0,80.0
426356.28,338030.0,308.0,80.0
426566.12,338030.0,308.0,80.0
426776.0,338030.0,296.0,80.0
426985.84,338030.0,296.0,80.0
427195.72,338030.0,296.0,80.0
427405.6,338030.0,284.0,92.0
427615.44,338030.0,284.0,92.0
427825.3,338030.0,284.0,92.0
428035.16,338030.0,272.0,92.0
428245.03,338030.0,272.0,92.0
428454.9,338030.0,272.0,92.0
428664.75,338030.0,260.0,92.0
428874.62,338030.0,,
429084.5,338030.0,,
429294.34,338030.0,,
429504.22,338030.0,,
429714.06,338030.0,,
429923.94,338030.0,,
430133.8,338030.0,,
430343.66,338030.0,,
430553.53,338030.0,,
430763.38,338030.0,,
430973.25,338030.0,,
431183.12,338030.0,,
431392.97,338030.0,,
431602.84,338030.0,,
431812.72,338030.0,,
432022.56,338030.0,,
432232.44,338030.0,,
432442.28,338030.0,,
432652.16,338030.0,,
432862.03,338030.0,,
433071.88,338030.0,,
433281.75,338030.0,,
433491.6,338030.0,,
433701.47,338030.0,,
433911.34,338030.0,,
434121.2,338030.0,,
434331.06,338030.0,,
434540.94,338030.0,,
434750.78,338030.0,,
434960.66,338030.0,,
435170.5,338030.0,,
435380.38,338030.0,,
435590.25,338030.0,,
435800.1,338030.0,,
436009.97,338030.0,,
436219.8,338030.0,,
436429.7,338030.0,,
436639.56,338030.0,,
436849.4,338030.0,,
437059.28,338030.0,,
437269.16,338030.0,,
437479.0,338030.0,,
437688.88,338030.0,,
437898.72,338030.0,,
438108.6,338030.0,,
438318.47,338030.0,,
438528.3,338030.0,,
438738.2,338030.0,,
438948.03,338030.0,,
439157.9,338030.0,,
439367.78,338030.0,,
439577.62,338030.0,,
439787.5,338030.0,,
439997.38,338030.0,,
440207.22,338030.0,,
440417.1,338030.0,,
440626.94,338030.0,,
440836.8,338030.0,,
441046.7,338030.0,,
441256.53,338030.0,,
441466.4,338030.0,,
441676.25,338030.0,,
441886.12,338030.0,,
442096.0,338030.0,,
442305.84,338030.0,,
442515.72,338030.0,,
442725.6,338030.0,,
442935.44,338030.0,,
443145.3,338030.0,,
443355.16,338030.0,,
443565.03,338030.0,,
443774.9,338030.0,,
443984.75,338030.0,,
444194.62,338030.0,,
444404.47,338030.0,,
444614.34,338030.0,,
444824.22,338030.0,,
445034.06,338030.0,,
445243.94,338030.0,,
445453.8,338030.0,,
445663.66,338030.0,,
445873.53,338030.0,,
446083.38,338030.0,,
446293.25,338030.0,,
446503.12,338030.0,,
446712.97,338030.0,,
446922.84,338030.0,,
447132.7,338030.0,,
447342.56,338030.0,,
447552.44,338030.0,,
447762.28,338030.0,,
447972.16,338030.0,,
448182.03,338030.0,,
448391.88,338030.0,,
448601.75,338030.0,,
448811.6,338030.0,,
449021.47,338030.0,,
449231.34,338030.0,,
449441.2,338030.0,,
449651.06,338030.0,,
449860.9,338030.0,,
450070.78,338030.0,,
450280.66,338030.0,,
450490.5,338030.0,,
450700.38,338030.0,,
450910.25,338030.0,,
451120.1,338030.0,,
451329.97,338030.0,,
451539.8,338030.0,,
451749.7,338030.0,,
451959.56,338030.0,,
452169.4,338030.0,,
452379.28,338030.0,,
452589.12,338030.0,,
452799.0,338030.0,,
453008.88,338030.0,,
453218.72,338030.0,,
453428.6,338030.0,,
453638.47,338030.0,,
453848.3,338030.0,,
454058.2,338030.0,,
454268.03,338030.0,,
454477.9,338030.0,,
454687.78,338030.0,,
454897.62,338030.0,,
455107.5,338030.0,,
455317.34,338030.0,,
455527.22,338030.0,,
455737.1,338030.0,,
455946.94,338030.0,,
456156.8,338030.0,,
456366.7,338030.0,,
456576.53,338030.0,,
456786.4,338030.0,,
456996.25,338030.0,,
457206.12,338030.0,,
457416.0,338030.0,,
457625.84,338030.0,,
457835.72,338030.0,,
458045.6,338030.0,,
458255.44,338030.0,,
458465.3,338030.0,,
458675.16,338030.0,,
458885.03,338030.0,,
459094.9,338030.0,,
459304.75,338030.0,,
459514.62,338030.0,,
459724.47,338030.0,,
459934.34,338030.0,,
460144.22,338030.0,,
418381.47,338232.62,,
418591.34,338232.62,,
418801.2,338232.62,,
419011.06,338232.62,,
419220.94,338232.62,,
419430.78,338232.62,,
419640.66,338232.62,,
419850.5,338232.62,,
420060.38,338232.62,,
420270.25,338232.62,,
420480.1,338232.62,,
420689.97,338232.62,,
420899.84,338232.62,,
421109.7,338232.62,,
421319.56,338232.62,,
421529.4,338232.62,,
421739.28,338232.62,,
421949.16,338232.62,,
422159.0,338232.62,,
422368.88,338232.62,,
422578.72,338232.62,,
422788.6,338232.62,,
422998.47,338232.62,,
423208.3,338232.62,,
423418.2,338232.62,,
423628.06,338232.62,332.0,80.0
423837.9,338232.62,332.0,80.0
424047.78,338232.62,332.0,80.0
424257.62,338232.62,332.0,80.0
424467.5,338232.62,332.0,80.0
424677.38,338232.62,332.0,80.0
424887.22,338232.62,320.0,80.0
425097.1,338232.62,320.0,80.0
425306.94,338232.62,320.0,80.0
425516.8,338232.62,320.0,80.0
425726.7,338232.62,320.0,80.0
425936.53,338232.62,320.0,80.0
426146.4,338232.62,308.0,80.0
426356.28,338232.62,308.0,80.0
426566.12,338232.62,308.0,80.0
426776.0,338232.62,308.0,80.0
426985.84,338232.62,296.0,80.0
427195.72,338232.62,296.0,80.0
427405.6,338232.62,296.0,80.0
427615.44,338232.62,284.0,92.0
427825.3,338232.62,284.0,92.0
428035.16,338232.62,284.0,92.0
428245.03,338232.62,272.0,92.0
428454.9,338232.62,272.0,92.0
428664.75,338232.62,,
428874.62,338232.62,,
429084.5,338232.62,,
429294.34,338232.62,,
429504.22,338232.62,,
429714.06,338232.62,,
429923.94,338232.62,,
430133.8,338232.62,,
430343.66,338232.62,,
430553.53,338232.62,,
430763.38,338232.62,,
430973.25,338232.62,,
431183.12,338232.62,,
431392.97,338232.62,,
431602.84,338232.62,,
431812.72,338232.62,,
432022.56,338232.62,,
432232.44,338232.62,,
432442.28,338232.62,,
432652.16,338232.62,,
432862.03,338232.62,,
433071.88,338232.62,,
433281.75,338232.62,,
433491.6,338232.62,,
433701.47,338232.62,,
433911.34,338232.62,,
434121.2,338232.62,,
434331.06,338232.62,,
434540.94,338232.62,,
434750.78,338232.62,,
434960.66,338232.62,,
435170.5,338232.62,,
435380.38,338232.62,,
435590.25,338232.62,,
435800.1,338232.62,,
436009.97,338232.62,,
436219.8,338232.62,,
436429.7,338232.62,,
436639.56,338232.62,,
436849.4,338232.62,,
437059.28,338232.62,,
437269.16,338232.62,,
437479.0,338232.62,,
437688.88,338232.62,,
437898.72,338232.62,,
438108.6,338232.62,,
438318.47,338232.62,,
438528.3,338232.62,,
438738.2,338232.62,,
438948.03,338232.62,,
439157.9,338232.62,,
439367.78,338232.62,,
439577.62,338232.62,,
439787.5,338232.62,,
439997.38,338232.62,,
440207.22,338232.62,,
440417.1,338232.62,,
440626.94,338232.62,,
440836.8,338232.62,,
441046.7,338232.62,,
441256.53,338232.62,,
441466.4,338232.62,,
441676.25,338232.62,,
441886.12,338232.62,,
442096.0,338232.62,,
442305.84,338232.62,,
442515.72,338232.62,,
442725.6,338232.62,,
442935.44,338232.62,,
443145.3,338232.62,,
443355.16,338232.62,,
443565.03,338232.62,,
443774.9,338232.62,,
443984.75,338232.62,,
444194.62,338232.62,,
444404.47,338232.62,,
444614.34,338232.62,,
444824.22,338232.62,,
445034.06,338232.62,,
445243.94,338232.62,,
445453.8,338232.62,,
445663.66,338232.62,,
445873.53,338232.62,,
446083.38,338232.62,,
446293.25,338232.62,,
446503.12,338232.62,,
446712.97,338232.62,,
446922.84,338232.62,,
447132.7,338232.62,,
447342.56,338232.62,,
447552.44,338232.62,,
447762.28,338232.62,,
447972.16,338232.62,,
448182.03,338232.62,,
448391.88,338232.62,,
448601.75,338232.62,,
448811.6,338232.62,,
449021.47,338232.62,,
449231.34,338232.62,,
449441.2,338232.62,,
449651.06,338232.62,,
449860.9,338232.62,,
450070.78,338232.62,,
450280.66,338232.62,,
450490.5,338232.62,,
450700.38,338232.62,,
450910.25,338232.62,,
451120.1,338232.62,,
451329.97,338232.62,,
451539.8,338232.62,,
451749.7,338232.62,,
451959.56,338232.62,,
452169.4,338232.62,,
452379.28,338232.62,,
452589.12,338232.62,,
452799.0,338232.62,,
453008.88,338232.62,,
453218.72,338232.62,,
453428.6,338232.62,,
453638.47,338232.62,,
453848.3,338232.62,,
454058.2,338232.62,,
454268.03,338232.62,,
454477.9,338232.62,,
454687.78,338232.62,,
454897.62,338232.62,,
455107.5,338232.62,,
455317.34,338232.62,,
455527.22,338232.62,,
455737.1,338232.62,,
455946.94,338232.62,,
456156.8,338232.62,,
456366.7,338232.62,,
456576.53,338232.62,,
456786.4,338232.62,,
456996.25,338232.62,,
457206.12,338232.62,,
457416.0,338232.62,,
457625.84,338232.62,,
457835.72,338232.62,,
458045.6,338232.62,,
458255.44,338232.62,,
458465.3,338232.62,,
458675.16,338232.62,,
458885.03,338232.62,,
459094.9,338232.62,,
459304.75,338232.62,,
459514.62,338232.62,,
459724.47,338232.62,,
459934.34,338232.62,,
460144.22,338232.62,,
418381.47,338435.25,,
418591.34,338435.25,,
418801.2,338435.25,,
419011.06,338435.25,,
419220.94,338435.25,,
419430.78,338435.25,,
419640.66,338435.25,,
419850.5,338435.25,,
420060.38,338435.25,,
420270.25,338435.25,,
420480.1,338435.25,,
420689.97,338435.25,,
420899.84,338435.25,,
421109.7,338435.25,,
421319.56,338435.25,,
421529.4,338435.25,,
421739.28,338435.25,,
421949.16,338435.25,,
422159.0,338435.25,,
422368.88,338435.25,,
422578.72,338435.25,,
422788.6,338435.25,,
422998.47,338435.25,,
423208.3,338435.25,,
423418.2,338435.25,332.0,68.0
423628.06,338435.25,332.0,68.0
423837.9,338435.25,332.0,68.0
424047.78,338435.25,332.0,80.0
424257.62,338435.25,332.0,80.0
424467.5,338435.25,332.0,80.0
424677.38,338435.25,332.0,80.0
424887.22,338435.25,332.0,80.0
425097.1,338435.25,320.0,80.0
425306.94,338435.25,320.0,80.0
425516.8,338435.25,320.0,80.0
425726.7,338435.25,320.0,80.0
425936.53,338435.25,320.0,80.0
426146.4,338435.25,320.0,80.0
426356.28,338435.25,308.0,80.0
426566.12,338435.25,308.0,80.0
426776.0,338435.25,308.0,80.0
426985.84,338435.25,308.0,80.0
427195.72,338435.25,296.0,80.0
427405.6,338435.25,296.0,80.0
427615.44,338435.25,296.0,80.0
427825.3,338435.25,284.0,92.0
428035.16,338435.25,284.0,92.0
428245.03,338435.25,284.0,92.0
428454.9,338435.25,272.0,92.0
428664.75,338435.25,,
428874.62,338435.25,,
429084.5,338435.25,,
429294.34,338435.25,,
429504.22,338435.25,,
429714.06,338435.25,,
429923.94,338435.25,,
430133.8,338435.25,,
430343.66,338435.25,,
430553.53,338435.25,,
430763.38,338435.25,,
430973.25,338435.25,,
431183.12,338435.25,,
431392.97,338435.25,,
431602.84,338435.25,,
431812.72,338435.25,,
432022.56,338435.25,,
432232.44,338435.25,,
432442.28,338435.25,,
432652.16,338435.25,,
432862.03,338435.25,,
433071.88,338435.25,,
433281.75,338435.25,,
433491.6,338435.25,,
433701.47,338435.25,,
433911.34,338435.25,,
434121.2,338435.25,,
434331.06,338435.25,,
434540.94,338435.25,,
434750.78,338435.25,,
434960.66,338435.25,,
435170.5,338435.25,,
435380.38,338435.25,,
435590.25,338435.25,,
435800.1,338435.25,,
436009.97,338435.25,,
436219.8,338435.25,,
436429.7,338435.25,,
436639.56,338435.25,,
436849.4,338435.25,,
437059.28,338435.25,,
437269.16,338435.25,,
437479.0,338435.25,,
437688.88,338435.25,,
437898.72,338435.25,,
438108.6,338435.25,,
438318.47,338435.25,,
438528.3,338435.25,,
438738.2,338435.25,,
438948.03,338435.25,,
439157.9,338435.25,,
439367.78,338435.25,,
439577.62,338435.25,,
439787.5,338435.25,,
439997.38,338435.25,,
440207.22,338435.25,,
440417.1,338435.25,,
440626.94,338435.25,,
440836.8,338435.25,,
441046.7,338435.25,,
441256.53,338435.25,,
441466.4,338435.25,,
441676.25,338435.25,,
441886.12,338435.25,,
442096.0,338435.25,,
442305.84,338435.25,,
442515.72,338435.25,,
442725.6,338435.25,,
442935.44,338435.25,,
443145.3,338435.25,,
443355.16,338435.25,,
443565.03,338435.25,,
443774.9,338435.25,,
443984.75,338435.25,,
444194.62,338435.25,,
444404.47,338435.25,,
444614.34,338435.25,,
444824.22,338435.25,,
445034.06,338435.25,,
445243.94,338435.25,,
445453.8,338435.25,,
445663.66,338435.25,,
445873.53,338435.25,,
446083.38,338435.25,,
446293.25,338435.25,,
446503.12,338435.25,,
446712.97,338435.25,,
446922.84,338435.25,,
447132.7,338435.25,,
447342.56,338435.25,,
447552.44,338435.25,,
447762.28,338435.25,,
447972.16,338435.25,,
448182.03,338435.25,,
448391.88,338435.25,,
448601.75,338435.25,,
448811.6,338435.25,,
449021.47,338435.25,,
449231.34,338435.25,,
449441.2,338435.25,,
449651.06,338435.25,,
449860.9,338435.25,,
450070.78,338435.25,,
450280.66,338435.25,,
450490.5,338435.25,,
450700.38,338435.25,,
450910.25,338435.25,,
451120.1,338435.25,,
451329.97,338435.25,,
451539.8,338435.25,,
451749.7,338435.25,,
451959.56,338435.25,,
452169.4,338435.25,,
452379.28,338435.25,,
452589.12,338435.25,,
452799.0,338435.25,,
453008.88,338435.25,,
453218.72,338435.25,,
453428.6,338435.25,,
453638.47,338435.25,,
453848.3,338435.25,,
454058.2,338435.25,,
454268.03,338435.25,,
454477.9,338435.25,,
454687.78,338435.25,,
454897.62,338435.25,,
455107.5,338435.25,,
455317.34,338435.25,,
455527.22,338435.25,,
455737.1,338435.25,,
455946.94,338435.25,,
456156.8,338435.25,,
456366.7,338435.25,,
456576.53,338435.25,,
456786.4,338435.25,,
456996.25,338435.25,,
457206.12,338435.25,,
457416.0,338435.25,,
457625.84,338435.25,,
457835.72,338435.25,,
458045.6,338435.25,,
458255.44,338435.25,,
458465.3,338435.25,,
458675.16,338435.25,,
458885.03,338435.25,,
459094.9,338435.25,,
459304.75,338435.25,,
459514.62,338435.25,,
459724.47,338435.25,,
459934.34,338435.25,,
460144.22,338435.25,,
418381.47,338637.84,,
418591.34,338637.84,,
418801.2,338637.84,,
419011.06,338637.84,,
419220.94,338637.84,,
419430.78,338637.84,,
419640.66,338637.84,,
419850.5,338637.84,,
420060.38,338637.84,,
420270.25,338637.84,,
420480.1,338637.84,,
420689.97,338637.84,,
420899.84,338637.84,,
421109.7,338637.84,,
421319.56,338637.84,,
421529.4,338637.84,,
421739.28,338637.84,,
421949.16,338637.84,,
422159.0,338637.84,,
422368.88,338637.84,,
422578.72,338637.84,,
422788.6,338637.84,,
422998.47,338637.84,,
423208.3,338637.84,,
423418.2,338637.84,344.0,68.0
423628.06,338637.84,332.0,68.0
423837.9,338637.84,332.0,68.0
424047.78,338637.84,332.0,68.0
424257.62,338637.84,332.0,68.0
424467.5,338637.84,332.0,68.0
424677.38,338637.84,332.0,80.0
424887.22,338637.84,332.0,80.0
425097.1,338637.84,332.0,80.0
425306.94,338637.84,320.0,80.0
425516.8,338637.84,320.0,80.0
425726.7,338637.84,320.0,80.0
425936.53,338637.84,320.0,80.0
426146.4,338637.84,320.0,80.0
426356.28,338637.84,320.0,80.0
426566.12,338637.84,308.0,80.0
426776.0,338637.84,308.0,80.0
426985.84,338637.84,308.0,80.0
427195.72,338637.84,308.0,80.0
427405.6,338637.84,296.0,80.0
427615.44,338637.84,296.0,80.0
427825.3,338637.84,296.0,80.0
428035.16,338637.84,284.0,92.0
428245.03,338637.84,284.0,92.0
428454.9,338637.84,284.0,92.0
428664.75,338637.84,,
428874.62,338637.84,,
429084.5,338637.84,,
429294.34,338637.84,,
429504.22,338637.84,,
429714.06,338637.84,,
429923.94,338637.84,,
430133.8,338637.84,,
430343.66,338637.84,,
430553.53,338637.84,,
430763.38,338637.84,,
430973.25,338637.84,,
431183.12,338637.84,,
431392.97,338637.84,,
431602.84,338637.84,,
431812.72,338637.84,,
432022.56,338637.84,,
432232.44,338637.84,,
432442.28,338637.84,,
432652.16,338637.84,,
432862.03,338637.84,,
433071.88,338637.84,,
433281.75,338637.84,,
433491.6,338637.84,,
433701.47,338637.84,,
433911.34,338637.84,,
434121.2,338637.84,,
434331.06,338637.84,,
434540.94,338637.84,,
434750.78,338637.84,,
434960.66,338637.84,,
435170.5,338637.84,,
435380.38,338637.84,,
435590.25,338637.84,,
435800.1,338637.84,,
436009.97,338637.84,,
436219.8,338637.84,,
436429.7,338637.84,,
436639.56,338637.84,,
436849.4,338637.84,,
437059.28,338637.84,,
437269.16,338637.84,,
437479.0,338637.84,,
437688.88,338637.84,,
437898.72,338637.84,,
438108.6,338637.84,,
438318.47,338637.84,,
438528.3,338637.84,,
438738.2,338637.84,,
438948.03,338637.84,,
439157.9,338637.84,,
439367.78,338637.84,,
439577.62,338637.84,,
439787.5,338637.84,,
439997.38,338637.84,,
440207.22,338637.84,,
440417.1,338637.84,,
440626.94,338637.84,,
440836.8,338637.84,,
441046.7,338637.84,,
441256.53,338637.84,,
441466.4,338637.84,,
441676.25,338637.84,,
441886.12,338637.84,,
442096.0,338637.84,,
442305.84,338637.84,,
442515.72,338637.84,,
442725.6,338637.84,,
442935.44,338637.84,,
443145.3,338637.84,,
443355.16,338637.84,,
443565.03,338637.84,,
443774.9,338637.84,,
443984.75,338637.84,,
444194.62,338637.84,,
444404.47,338637.84,,
444614.34,338637.84,,
444824.22,338637.84,,
445034.06,338637.84,,
445243.94,338637.84,,
445453.8,338637.84,,
445663.66,338637.84,,
445873.53,338637.84,,
446083.38,338637.84,,
446293.25,338637.84,,
446503.12,338637.84,,
446712.97,338637.84,,
446922.84,338637.84,,
447132.7,338637.84,,
447342.56,338637.84,,
447552.44,338637.84,,
447762.28,338637.84,,
447972.16,338637.84,,
448182.03,338637.84,,
448391.88,338637.84,,
448601.75,338637.84,,
448811.6,338637.84,,
449021.47,338637.84,,
449231.34,338637.84,,
449441.2,338637.84,,
449651.06,338637.84,,
449860.9,338637.84,,
450070.78,338637.84,,
450280.66,338637.84,,
450490.5,338637.84,,
450700.38,338637.84,,
450910.25,338637.84,,
451120.1,338637.84,,
451329.97,338637.84,,
451539.8,338637.84,,
451749.7,338637.84,,
451959.56,338637.84,,
452169.4,338637.84,,
452379.28,338637.84,,
452589.12,338637.84,,
452799.0,338637.84,,
453008.88,338637.84,,
453218.72,338637.84,,
453428.6,338637.84,,
453638.47,338637.84,,
453848.3,338637.84,,
454058.2,338637.84,,
454268.03,338637.84,,
454477.9,338637.84,,
454687.78,338637.84,,
454897.62,338637.84,,
455107.5,338637.84,,
455317.34,338637.84,,
455527.22,338637.84,,
455737.1,338637.84,,
455946.94,338637.84,,
456156.8,338637.84,,
456366.7,338637.84,,
456576.53,338637.84,,
456786.4,338637.84,,
456996.25,338637.84,,
457206.12,338637.84,,
457416.0,338637.84,,
457625.84,338637.84,,
457835.72,338637.84,,
458045.6,338637.84,,
458255.44,338637.84,,
458465.3,338637.84,,
458675.16,338637.84,,
458885.03,338637.84,,
459094.9,338637.84,,
459304.75,338637.84,,
459514.62,338637.84,,
459724.47,338637.84,,
459934.34,338637.84,,
460144.22,338637.84,,
418381.47,338840.47,,
418591.34,338840.47,,
418801.2,338840.47,,
419011.06,338840.47,,
419220.94,338840.47,,
419430.78,338840.47,,
419640.66,338840.47,,
419850.5,338840.47,,
420060.38,338840.47,,
420270.25,338840.47,,
420480.1,338840.47,,
420689.97,338840.47,,
420899.84,338840.47,,
421109.7,338840.47,,
421319.56,338840.47,,
421529.4,338840.47,,
421739.28,338840.47,,
421949.16,338840.47,,
422159.0,338840.47,,
422368.88,338840.47,,
422578.72,338840.47,,
422788.6,338840.47,,
422998.47,338840.47,,
423208.3,338840.47,344.0,68.0
423418.2,338840.47,344.0,68.0
423628.06,338840.47,344.0,68.0
423837.9,338840.47,332.0,68.0
424047.78,338840.47,332.0,68.0
424257.62,338840.47,332.0,68.0
424467.5,338840.47,332.0,68.0
424677.38,338840.47,332.0,68.0
424887.22,338840.47,332.0,68.0
425097.1,338840.47,332.0,80.0
425306.94,338840.47,332.0,80.0
425516.8,338840.47,320.0,80.0
425726.7,338840.47,320.0,80.0
425936.53,338840.47,320.0,80.0
426146.4,338840.47,320.0,80.0
426356.28,338840.47,320.0,80.0
426566.12,338840.47,320.0,80.0
426776.0,338840.47,308.0,80.0
426985.84,338840.47,308.0,80.0
427195.72,338840.47,308.0,80.0
427405.6,338840.47,308.0,80.0
427615.44,338840.47,296.0,80.0
427825.3,338840.47,296.0,80.0
428035.16,338840.47,284.0,80.0
428245.03,338840.47,284.0,92.0
428454.9,338840.47,284.0,92.0
428664.75,338840.47,,
428874.62,338840.47,,
429084.5,338840.47,,
429294.34,338840.47,,
429504.22,338840.47,,
429714.06,338840.47,,
429923.94,338840.47,,
430133.8,338840.47,,
430343.66,338840.47,,
430553.53,338840.47,,
430763.38,338840.47,,
430973.25,338840.47,,
431183.12,338840.47,,
431392.97,338840.47,,
431602.84,338840.47,,
431812.72,338840.47,,
432022.56,338840.47,,
432232.44,338840.47,,
432442.28,338840.47,,
432652.16,338840.47,,
432862.03,338840.47,,
433071.88,338840.47,,
433281.75,338840.47,,
433491.6,338840.47,,
433701.47,338840.47,,
433911.34,338840.47,,
434121.2,338840.47,,
434331.06,338840.47,,
434540.94,338840.47,,
434750.78,338840.47,,
434960.66,338840.47,,
435170.5,338840.47,,
435380.38,338840.47,,
435590.25,338840.47,,
435800.1,338840.47,,
436009.97,338840.47,,
436219.8,338840.47,,
436429.7,338840.47,,
436639.56,338840.47,,
436849.4,338840.47,,
437059.28,338840.47,,
437269.16,338840.47,,
437479.0,338840.47,,
437688.88,338840.47,,
437898.72,338840.47,,
438108.6,338840.47,,
438318.47,338840.47,,
438528.3,338840.47,,
438738.2,338840.47,,
438948.03,338840.47,,
439157.9,338840.47,,
439367.78,338840.47,,
439577.62,338840.47,,
439787.5,338840.47,,
439997.38,338840.47,,
440207.22,338840.47,,
440417.1,338840.47,,
440626.94,338840.47,,
440836.8,338840.47,,
441046.7,338840.47,,
441256.53,338840.47,,
441466.4,338840.47,,
441676.25,338840.47,,
441886.12,338840.47,,
442096.0,338840.47,,
442305.84,338840.47,,
442515.72,338840.47,,
442725.6,338840.47,,
442935.44,338840.47,,
443145.3,338840.47,,
443355.16,338840.47,,
443565.03,338840.47,,
443774.9,338840.47,,
443984.75,338840.47,,
444194.62,338840.47,,
444404.47,338840.47,,
444614.34,338840.47,,
444824.22,338840.47,,
445034.06,338840.47,,
445243.94,338840.47,,
445453.8,338840.47,,
445663.66,338840.47,,
445873.53,338840.47,,
446083.38,338840.47,,
446293.25,338840.47,,
446503.12,338840.47,,
446712.97,338840.47,,
446922.84,338840.47,,
447132.7,338840.47,,
447342.56,338840.47,,
447552.44,338840.47,,
447762.28,338840.47,,
447972.16,338840.47,,
448182.03,338840.47,,
448391.88,338840.47,,
448601.75,338840.47,,
448811.6,338840.47,,
449021.47,338840.47,,
449231.34,338840.47,,
449441.2,338840.47,,
449651.06,338840.47,,
449860.9,338840.47,,
450070.78,338840.47,,
450280.66,338840.47,,
450490.5,338840.47,,
450700.38,338840.47,,
450910.25,338840.47,,
451120.1,338840.47,,
451329.97,338840.47,,
451539.8,338840.47,,
451749.7,338840.47,,
451959.56,338840.47,,
452169.4,338840.47,,
452379.28,338840.47,,
452589.12,338840.47,,
452799.0,338840.47,,
453008.88,338840.47,,
453218.72,338840.47,,
453428.6,338840.47,,
453638.47,338840.47,,
453848.3,338840.47,,
454058.2,338840.47,,
454268.03,338840.47,,
454477.9,338840.47,,
454687.78,338840.47,,
454897.62,338840.47,,
455107.5,338840.47,,
455317.34,338840.47,,
455527.22,338840.47,,
455737.1,338840.47,,
455946.94,338840.47,,
456156.8,338840.47,,
456366.7,338840.47,,
456576.53,338840.47,,
456786.4,338840.47,,
456996.25,338840.47,,
457206.12,338840.47,,
457416.0,338840.47,,
457625.84,338840.47,,
457835.72,338840.47,,
458045.6,338840.47,,
458255.44,338840.47,,
458465.3,338840.47,,
458675.16,338840.47,,
458885.03,338840.47,,
459094.9,338840.47,,
459304.75,338840.47,,
459514.62,338840.47,,
459724.47,338840.47,,
459934.34,338840.47,,
460144.22,338840.47,,
418381.47,339043.1,,
418591.34,339043.1,,
418801.2,339043.1,,
419011.06,339043.1,,
419220.94,339043.1,,
419430.78,339043.1,,
419640.66,339043.1,,
419850.5,339043.1,,
420060.38,339043.1,,
420270.25,339043.1,,
420480.1,339043.1,,
420689.97,339043.1,,
420899.84,339043.1,,
421109.7,339043.1,,
421319.56,339043.1,,
421529.4,339043.1,,
421739.28,339043.1,,
421949.16,339043.1,,
422159.0,339043.1,,
422368.88,339043.1,,
422578.72,339043.1,,
422788.6,339043.1,,
422998.47,339043.1,,
423208.3,339043.1,344.0,68.0
423418.2,339043.1,344.0,68.0
423628.06,339043.1,344.0,68.0
423837.9,339043.1,344.0,68.0
424047.78,339043.1,344.0,68.0
424257.62,339043.1,332.0,68.0
424467.5,339043.1,332.0,68.0
424677.38,339043.1,332.0,68.0
424887.22,339043.1,332.0,68.0
425097.1,339043.1,332.0,68.0
425306.94,339043.1,332.0,80.0
425516.8,339043.1,332.0,80.0
425726.7,339043.1,320.0,80.0
425936.53,339043.1,320.0,80.0
426146.4,339043.1,320.0,80.0
426356.28,339043.1,320.0,80.0
426566.12,339043.1,320.0,80.0
426776.0,339043.1,320.0,80.0
426985.84,339043.1,308.0,80.0
427195.72,339043.1,308.0,80.0
427405.6,339043.1,308.0,80.0
427615.44,339043.1,296.0,80.0
427825.3,339043.1,296.0,80.0
428035.16,339043.1,296.0,80.0
428245.03,339043.1,284.0,80.0
428454.9,339043.1,284.0,92.0
428664.75,339043.1,,
428874.62,339043.1,,
429084.5,339043.1,,
429294.34,339043.1,,
429504.22,339043.1,,
429714.06,339043.1,,
429923.94,339043.1,,
430133.8,339043.1,,
430343.66,339043.1,,
430553.53,339043.1,,
430763.38,339043.1,,
430973.25,339043.1,,
431183.12,339043.1,,
431392.97,339043.1,,
431602.84,339043.1,,
431812.72,339043.1,,
432022.56,339043.1,,
432232.44,339043.1,,
432442.28,339043.1,,
432652.16,339043.1,,
432862.03,339043.1,,
433071.88,339043.1,,
433281.75,339043.1,,
433491.6,339043.1,,
433701.47,339043.1,,
433911.34,339043.1,,
434121.2,339043.1,,
434331.06,339043.1,,
434540.94,339043.1,,
434750.78,339043.1,,
434960.66,339043.1,,
435170.5,339043.1,,
435380.38,339043.1,,
435590.25,339043.1,,
435800.1,339043.1,,
436009.97,339043.1,,
436219.8,339043.1,,
436429.7,339043.1,,
436639.56,339043.1,,
436849.4,339043.1,,
437059.28,339043.1,,
437269.16,339043.1,,
437479.0,339043.1,,
437688.88,339043.1,,
437898.72,339043.1,,
438108.6,339043.1,,
438318.47,339043.1,,
438528.3,339043.1,,
438738.2,339043.1,,
438948.03,339043.1,,
439157.9,339043.1,,
439367.78,339043.1,,
439577.62,339043.1,,
439787.5,339043.1,,
439997.38,339043.1,,
440207.22,339043.1,,
440417.1,339043.1,,
440626.94,339043.1,,
440836.8,339043.1,,
441046.7,339043.1,,
441256.53,339043.1,,
441466.4,339043.1,,
441676.25,339043.1,,
441886.12,339043.1,,
442096.0,339043.1,,
442305.84,339043.1,,
442515.72,339043.1,,
442725.6,339043.1,,
442935.44,339043.1,,
443145.3,339043.1,,
443355.16,339043.1,,
443565.03,339043.1,,
443774.9,339043.1,,
443984.75,339043.1,,
444194.62,339043.1,,
444404.47,339043.1,,
444614.34,339043.1,,
444824.22,339043.1,,
445034.06,339043.1,,
445243.94,339043.1,,
445453.8,339043.1,,
445663.66,339043.1,,
445873.53,339043.1,,
446083.38,339043.1,,
446293.25,339043.1,,
446503.12,339043.1,,
446712.97,339043.1,,
446922.84,339043.1,,
447132.7,339043.1,,
447342.56,339043.1,,
447552.44,339043.1,,
447762.28,339043.1,,
447972.16,339043.1,,
448182.03,339043.1,,
448391.88,339043.1,,
448601.75,339043.1,,
448811.6,339043.1,,
449021.47,339043.1,,
449231.34,339043.1,,
449441.2,339043.1,,
449651.06,339043.1,,
449860.9,339043.1,,
450070.78,339043.1,,
450280.66,339043.1,,
450490.5,339043.1,,
450700.38,339043.1,,
450910.25,339043.1,,
451120.1,339043.1,,
451329.97,339043.1,,
451539.8,339043.1,,
451749.7,339043.1,,
451959.56,339043.1,,
452169.4,339043.1,,
452379.28,339043.1,,
452589.12,339043.1,,
452799.0,339043.1,,
453008.88,339043.1,,
453218.72,339043.1,,
453428.6,339043.1,,
453638.47,339043.1,,
453848.3,339043.1,,
454058.2,339043.1,,
454268.03,339043.1,,
454477.9,339043.1,,
454687.78,339043.1,,
454897.62,339043.1,,
455107.5,339043.1,,
455317.34,339043.1,,
455527.22,339043.1,,
455737.1,339043.1,,
455946.94,339043.1,,
456156.8,339043.1,,
456366.7,339043.1,,
456576.53,339043.1,,
456786.4,339043.1,,
456996.25,339043.1,,
457206.12,339043.1,,
457416.0,339043.1,,
457625.84,339043.1,,
457835.72,339043.1,,
458045.6,339043.1,,
458255.44,339043.1,,
458465.3,339043.1,,
458675.16,339043.1,,
458885.03,339043.1,,
459094.9,339043.1,,
459304.75,339043.1,,
459514.62,339043.1,,
459724.47,339043.1,,
459934.34,339043.1,,
460144.22,339043.1,,
418381.47,339245.72,,
418591.34,339245.72,,
418801.2,339245.72,,
419011.06,339245.72,,
419220.94,339245.72,,
419430.78,339245.72,,
419640.66,339245.72,,
419850.5,339245.72,,
420060.38,339245.72,,
420270.25,339245.72,,
420480.1,339245.72,,
420689.97,339245.72,,
420899.84,339245.72,,
421109.7,339245.72,,
421319.56,339245.72,,
421529.4,339245.72,,
421739.28,339245.72,,
421949.16,339245.72,,
422159.0,339245.72,,
422368.88,339245.72,,
422578.72,339245.72,,
422788.6,339245.72,,
422998.47,339245.72,344.0,68.0
423208.3,339245.72,344.0,68.0
423418.2,339245.72,344.0,68.0
423628.06,339245.72,344.0,68.0
423837.9,339245.72,344.0,68.0
424047.78,339245.72,344.0,68.0
424257.62,339245.72,344.0,68.0
424467.5,339245.72,332.0,68.0
424677.38,339245.72,332.0,68.0
424887.22,339245.72,332.0,68.0
425097.1,339245.72,332.0,68.0
425306.94,339245.72,332.0,68.0
425516.8,339245.72,332.0,68.0
425726.7,339245.72,332.0,80.0
425936.53,339245.72,320.0,80.0
426146.4,339245.72,320.0,80.0
426356.28,339245.72,320.0,80.0
426566.12,339245.72,320.0,80.0
426776.0,339245.72,320.0,80.0
426985.84,339245.72,320.0,80.0
427195.72,339245.72,308.0,80.0
427405.6,339245.72,308.0,80.0
427615.44,339245.72,308.0,80.0
427825.3,339245.72,296.0,80.0
428035.16,339245.72,296.0,80.0
428245.03,339245.72,296.0,80.0
428454.9,339245.72,,
428664.75,339245.72,,
428874.62,339245.72,,
429084.5,339245.72,,
429294.34,339245.72,,
429504.22,339245.72,,
429714.06,339245.72,,
429923.94,339245.72,,
430133.8,339245.72,,
430343.66,339245.72,,
430553.53,339245.72,,
430763.38,339245.72,,
430973.25,339245.72,,
431183.12,339245.72,,
431392.97,339245.72,,
431602.84,339245.72,,
431812.72,339245.72,,
432022.56,339245.72,,
432232.44,339245.72,,
432442.28,339245.72,,
432652.16,339245.72,,
432862.03,339245.72,,
433071.88,339245.72,,
433281.75,339245.72,,
433491.6,339245.72,,
433701.47,339245.72,,
433911.34,339245.72,,
434121.2,339245.72,,
434331.06,339245.72,,
434540.94,339245.72,,
434750.78,339245.72,,
434960.66,339245.72,,
435170.5,339245.72,,
435380.38,339245.72,,
435590.25,339245.72,,
435800.1,339245.72,,
436009.97,339245.72,,
436219.8,339245.72,,
436429.7,339245.72,,
436639.56,339245.72,,
436849.4,339245.72,,
437059.28,339245.72,,
437269.16,339245.72,,
437479.0,339245.72,,
437688.88,339245.72,,
437898.72,339245.72,,
438108.6,339245.72,,
438318.47,339245.72,,
438528.3,339245.72,,
438738.2,339245.72,,
438948.03,339245.72,,
439157.9,339245.72,,
439367.78,339245.72,,
439577.62,339245.72,,
439787.5,339245.72,,
439997.38,339245.72,,
440207.22,339245.72,,
440417.1,339245.72,,
440626.94,339245.72,,
440836.8,339245.72,,
441046.7,339245.72,,
441256.53,339245.72,,
441466.4,339245.72,,
441676.25,339245.72,,
441886.12,339245.72,,
442096.0,339245.72,,
442305.84,339245.72,,
442515.72,339245.72,,
442725.6,339245.72,,
442935.44,339245.72,,
443145.3,339245.72,,
443355.16,339245.72,,
443565.03,339245.72,,
443774.9,339245.72,,
443984.75,339245.72,,
444194.62,339245.72,,
444404.47,339245.72,,
444614.34,339245.72,,
444824.22,339245.72,,
445034.06,339245.72,,
445243.94,339245.72,,
445453.8,339245.72,,
445663.66,339245.72,,
445873.53,339245.72,,
446083.38,339245.72,,
446293.25,339245.72,,
446503.12,339245.72,,
446712.97,339245.72,,
446922.84,339245.72,,
447132.7,339245.72,,
447342.56,339245.72,,
447552.44,339245.72,,
447762.28,339245.72,,
447972.16,339245.72,,
448182.03,339245.72,,
448391.88,339245.72,,
448601.75,339245.72,,
448811.6,339245.72,,
449021.47,339245.72,,
449231.34,339245.72,,
449441.2,339245.72,,
449651.06,339245.72,,
449860.9,339245.72,,
450070.78,339245.72,,
450280.66,339245.72,,
450490.5,339245.72,,
450700.38,339245.72,,
450910.25,339245.72,,
451120.1,339245.72,,
451329.97,339245.72,,
451539.8,339245.72,,
451749.7,339245.72,,
451959.56,339245.72,,
452169.4,339245.72,,
452379.28,339245.72,,
452589.12,339245.72,,
452799.0,339245.72,,
453008.88,339245.72,,
453218.72,339245.72,,
453428.6,339245.72,,
453638.47,339245.72,,
453848.3,339245.72,,
454058.2,339245.72,,
454268.03,339245.72,,
454477.9,339245.72,,
454687.78,339245.72,,
454897.62,339245.72,,
455107.5,339245.72,,
455317.34,339245.72,,
455527.22,339245.72,,
455737.1,339245.72,,
455946.94,339245.72,,
456156.8,339245.72,,
456366.7,339245.72,,
456576.53,339245.72,,
456786.4,339245.72,,
456996.25,339245.72,,
457206.12,339245.72,,
457416.0,339245.72,,
457625.84,339245.72,,
457835.72,339245.72,,
458045.6,339245.72,,
458255.44,339245.72,,
458465.3,339245.72,,
458675.16,339245.72,,
458885.03,339245.72,,
459094.9,339245.72,,
459304.75,339245.72,,
459514.62,339245.72,,
459724.47,339245.72,,
459934.34,339245.72,,
460144.22,339245.72,,
418381.47,339448.34,,
418591.34,339448.34,,
418801.2,339448.34,,
419011.06,339448.34,,
419220.94,339448.34,,
419430.78,339448.34,,
419640.66,339448.34,,
419850.5,339448.34,,
420060.38,339448.34,,
420270.25,339448.34,,
420480.1,339448.34,,
420689.97,339448.34,,
420899.84,339448.34,,
421109.7,339448.34,,
421319.56,339448.34,,
421529.4,339448.34,,
421739.28,339448.34,,
421949.16,339448.34,,
422159.0,339448.34,,
422368.88,339448.34,,
422578.72,339448.34,,
422788.6,339448.34,,
422998.47,339448.34,344.0,68.0
423208.3,339448.34,344.0,68.0
423418.2,339448.34,344.0,68.0
423628.06,339448.34,344.0,68.0
423837.9,339448.34,344.0,68.0
424047.78,339448.34,344.0,68.0
424257.62,339448.34,344.0,68.0
424467.5,339448.34,344.0,68.0
424677.38,339448.34,332.0,68.0
424887.22,339448.34,332.0,68.0
425097.1,339448.34,332.0,68.0
425306.94,339448.34,332.0,68.0
425516.8,339448.34,332.0,68.0
425726.7,339448.34,332.0,68.0
425936.53,339448.34,332.0,80.0
426146.4,339448.34,320.0,80.0
426356.28,339448.34,320.0,80.0
426566.12,339448.34,320.0,80.0
426776.0,339448.34,320.0,80.0
426985.84,339448.34,320.0,80.0
427195.72,339448.34,308.0,80.0
427405.6,339448.34,308.0,80.0
427615.44,339448.34,308.0,80.0
427825.3,339448.34,308.0,80.0
428035.16,339448.34,296.0,80.0
428245.03,339448.34,296.0,80.0
428454.9,339448.34,,
428664.75,339448.34,,
428874.62,339448.34,,
429084.5,339448.34,,
429294.34,339448.34,,
429504.22,339448.34,,
429714.06,339448.34,,
429923.94,339448.34,,
430133.8,339448.34,,
430343.66,339448.34,,
430553.53,339448.34,,
430763.38,339448.34,,
430973.25,339448.34,,
431183.12,339448.34,,
431392.97,339448.34,,
431602.84,339448.34,,
431812.72,339448.34,,
432022.56,339448.34,,
432232.44,339448.34,,
432442.28,339448.34,,
432652.16,339448.34,,
432862.03,339448.34,,
433071.88,339448.34,,
433281.75,339448.34,,
433491.6,339448.34,,
433701.47,339448.34,,
433911.34,339448.34,,
434121.2,339448.34,,
434331.06,339448.34,,
434540.94,339448.34,,
434750.78,339448.34,,
434960.66,339448.34,,
435170.5,339448.34,,
435380.38,339448.34,,
435590.25,339448.34,,
435800.1,339448.34,,
436009.97,339448.34,,
436219.8,339448.34,,
436429.7,339448.34,,
436639.56,339448.34,,
436849.4,339448.34,,
437059.28,339448.34,,
437269.16,339448.34,,
437479.0,339448.34,,
437688.88,339448.34,,
437898.72,339448.34,,
438108.6,339448.34,,
438318.47,339448.34,,
438528.3,339448.34,,
438738.2,339448.34,,
438948.03,339448.34,,
439157.9,339448.34,,
439367.78,339448.34,,
439577.62,339448.34,,
439787.5,339448.34,,
439997.38,339448.34,,
440207.22,339448.34,,
440417.1,339448.34,,
440626.94,339448.34,,
440836.8,339448.34,,
441046.7,339448.34,,
441256.53,339448.34,,
441466.4,339448.34,,
441676.25,339448.34,,
441886.12,339448.34,,
442096.0,339448.34,,
442305.84,339448.34,,
442515.72,339448.34,,
442725.6,339448.34,,
442935.44,339448.34,,
443145.3,339448.34,,
443355.16,339448.34,,
443565.03,339448.34,,
443774.9,339448.34,,
443984.75,339448.34,,
444194.62,339448.34,,
444404.47,339448.34,,
444614.34,339448.34,,
444824.22,339448.34,,
445034.06,339448.34,,
445243.94,339448.34,,
445453.8,339448.34,,
445663.66,339448.34,,
445873.53,339448.34,,
446083.38,339448.34,,
446293.25,339448.34,,
446503.12,339448.34,,
446712.97,339448.34,,
446922.84,339448.34,,
447132.7,339448.34,,
447342.56,339448.34,,
447552.44,339448.34,,
447762.28,339448.34,,
447972.16,339448.34,,
448182.03,339448.34,,
448391.88,339448.34,,
448601.75,339448.34,,
448811.6,339448.34,,
449021.47,339448.34,,
449231.34,339448.34,,
449441.2,339448.34,,
449651.06,339448.34,,
449860.9,339448.34,,
450070.78,339448.34,,
450280.66,339448.34,,
450490.5,339448.34,,
450700.38,339448.34,,
450910.25,339448.34,,
451120.1,339448.34,,
451329.97,339448.34,,
451539.8,339448.34,,
451749.7,339448.34,,
451959.56,339448.34,,
452169.4,339448.34,,
452379.28,339448.34,,
452589.12,339448.34,,
452799.0,339448.34,,
453008.88,339448.34,,
453218.72,339448.34,,
453428.6,339448.34,,
453638.47,339448.34,,
453848.3,339448.34,,
454058.2,339448.34,,
454268.03,339448.34,,
454477.9,339448.34,,
454687.78,339448.34,,
454897.62,339448.34,,
455107.5,339448.34,,
455317.34,339448.34,,
455527.22,339448.34,,
455737.1,339448.34,,
455946.94,339448.34,,
456156.8,339448.34,,
456366.7,339448.34,,
456576.53,339448.34,,
456786.4,339448.34,,
456996.25,339448.34,,
457206.12,339448.34,,
457416.0,339448.34,,
457625.84,339448.34,,
457835.72,339448.34,,
458045.6,339448.34,,
458255.44,339448.34,,
458465.3,339448.34,,
458675.16,339448.34,,
458885.03,339448.34,,
459094.9,339448.34,,
459304.75,339448.34,,
459514.62,339448.34,,
459724.47,339448.34,,
459934.34,339448.34,,
460144.22,339448.34,,
418381.47,339650.94,,
418591.34,339650.94,,
418801.2,339650.94,,
419011.06,339650.94,,
419220.94,339650.94,,
419430.78,339650.94,,
419640.66,339650.94,,
419850.5,339650.94,,
420060.38,339650.94,,
420270.25,339650.94,,
420480.1,339650.94,,
420689.97,339650.94,,
420899.84,339650.94,,
421109.7,339650.94,,
421319.56,339650.94,,
421529.4,339650.94,,
421739.28,339650.94,,
421949.16,339650.94,,
422159.0,339650.94,,
422368.88,339650.94,,
422578.72,339650.94,,
422788.6,339650.94,356.0,68.0
422998.47,339650.94,344.0,68.0
423208.3,339650.94,344.0,68.0
423418.2,339650.94,344.0,68.0
423628.06,339650.94,344.0,68.0
423837.9,339650.94,344.0,68.0
424047.78,339650.94,344.0,68.0
424257.62,339650.94,344.0,68.0
424467.5,339650.94,344.0,68.0
424677.38,339650.94,344.0,68.0
424887.22,339650.94,332.0,68.0
425097.1,339650.94,332.0,68.0
425306.94,339650.94,332.0,68.0
425516.8,339650.94,332.0,68.0
425726.7,339650.94,332.0,68.0
425936.53,339650.94,332.0,68.0
426146.4,339650.94,332.0,80.0
426356.28,339650.94,320.0,80.0
426566.12,339650.94,320.0,80.0
426776.0,339650.94,320.0,80.0
426985.84,339650.94,320.0,80.0
427195.72,339650.94,320.0,80.0
427405.6,339650.94,308.0,80.0
427615.44,339650.94,308.0,80.0
427825.3,339650.94,308.0,80.0
428035.16,339650.94,308.0,80.0
428245.03,339650.94,296.0,80.0
428454.9,339650.94,,
428664.75,339650.94,,
428874.62,339650.94,,
429084.5,339650.94,,
429294.34,339650.94,,
429504.22,339650.94,,
429714.06,339650.94,,
429923.94,339650.94,,
430133.8,339650.94,,
430343.66,339650.94,,
430553.53,339650.94,,
430763.38,339650.94,,
430973.25,339650.94,,
431183.12,339650.94,,
431392.97,339650.94,,
431602.84,339650.94,,
431812.72,339650.94,,
432022.56,339650.94,,
432232.44,339650.94,,
432442.28,339650.94,,
432652.16,339650.94,,
432862.03,339650.94,,
433071.88,339650.94,,
433281.75,339650.94,,
433491.6,339650.94,,
433701.47,339650.94,,
433911.34,339650.94,,
434121.2,339650.94,,
434331.06,339650.94,,
434540.94,339650.94,,
434750.78,339650.94,,
434960.66,339650.94,,
435170.5,339650.94,,
435380.38,339650.94,,
435590.25,339650.94,,
435800.1,339650.94,,
436009.97,339650.94,,
436219.8,339650.94,,
436429.7,339650.94,,
436639.56,339650.94,,
436849.4,339650.94,,
437059.28,339650.94,,
437269.16,339650.94,,
437479.0,339650.94,,
437688.88,339650.94,,
437898.72,339650.94,,
438108.6,339650.94,,
438318.47,339650.94,,
438528.3,339650.94,,
438738.2,339650.94,,
438948.03,339650.94,,
439157.9,339650.94,,
439367.78,339650.94,,
439577.62,339650.94,,
439787.5,339650.94,,
439997.38,339650.94,,
440207.22,339650.94,,
440417.1,339650.94,,
440626.94,339650.94,,
440836.8,339650.94,,
441046.7,339650.94,,
441256.53,339650.94,,
441466.4,339650.94,,
441676.25,339650.94,,
441886.12,339650.94,,
442096.0,339650.94,,
442305.84,339650.94,,
442515.72,339650.94,,
442725.6,339650.94,,
442935.44,339650.94,,
443145.3,339650.94,,
443355.16,339650.94,,
443565.03,339650.94,,
443774.9,339650.94,,
443984.75,339650.94,,
444194.62,339650.94,,
444404.47,339650.94,,
444614.34,339650.94,,
444824.22,339650.94,,
445034.06,339650.94,,
445243.94,339650.94,,
445453.8,339650.94,,
445663.66,339650.94,,
445873.53,339650.94,,
446083.38,339650.94,,
446293.25,339650.94,,
446503.12,339650.94,,
446712.97,339650.94,,
446922.84,339650.94,,
447132.7,339650.94,,
447342.56,339650.94,,
447552.44,339650.94,,
447762.28,339650.94,,
447972.16,339650.94,,
448182.03,339650.94,,
448391.88,339650.94,,
448601.75,339650.94,,
448811.6,339650.94,,
449021.47,339650.94,,
449231.34,339650.94,,
449441.2,339650.94,,
449651.06,339650.94,,
449860.9,339650.94,,
450070.78,339650.94,,
450280.66,339650.94,,
450490.5,339650.94,,
450700.38,339650.94,,
450910.25,339650.94,,
451120.1,339650.94,,
451329.97,339650.94,,
451539.8,339650.94,,
451749.7,339650.94,,
451959.56,339650.94,,
452169.4,339650.94,,
452379.28,339650.94,,
452589.12,339650.94,,
452799.0,339650.94,,
453008.88,339650.94,,
453218.72,339650.94,,
453428.6,339650.94,,
453638.47,339650.94,,
453848.3,339650.94,,
454058.2,339650.94,,
454268.03,339650.94,,
454477.9,339650.94,,
454687.78,339650.94,,
454897.62,339650.94,,
455107.5,339650.94,,
455317.34,339650.94,,
455527.22,339650.94,,
455737.1,339650.94,,
455946.94,339650.94,,
456156.8,339650.94,,
456366.7,339650.94,,
456576.53,339650.94,,
456786.4,339650.94,,
456996.25,339650.94,,
457206.12,339650.94,,
457416.0,339650.94,,
457625.84,339650.94,,
457835.72,339650.94,,
458045.6,339650.94,,
458255.44,339650.94,,
458465.3,339650.94,,
458675.16,339650.94,,
458885.03,339650.94,,
459094.9,339650.94,,
459304.75,339650.94,,
459514.62,339650.94,,
459724.47,339650.94,,
459934.34,339650.94,,
460144.22,339650.94,,
418381.47,339853.56,,
418591.34,339853.56,,
418801.2,339853.56,,
419011.06,339853.56,,
419220.94,339853.56,,
419430.78,339853.56,,
419640.66,339853.56,,
419850.5,339853.56,,
420060.38,339853.56,,
420270.25,339853.56,,
420480.1,339853.56,,
420689.97,339853.56,,
420899.84,339853.56,,
421109.7,339853.56,,
421319.56,339853.56,,
421529.4,339853.56,,
421739.28,339853.56,,
421949.16,339853.56,,
422159.0,339853.56,,
422368.88,339853.56,,
422578.72,339853.56,356.0,68.0
422788.6,339853.56,356.0,68.0
422998.47,339853.56,356.0,68.0
423208.3,339853.56,344.0,68.0
423418.2,339853.56,344.0,68.0
423628.06,339853.56,344.0,68.0
423837.9,339853.56,344.0,68.0
424047.78,339853.56,344.0,68.0
424257.62,339853.56,344.0,68.0
424467.5,339853.56,344.0,68.0
424677.38,339853.56,344.0,68.0
424887.22,339853.56,344.0,68.0
425097.1,339853.56,332.0,68.0
425306.94,339853.56,332.0,68.0
425516.8,339853.56,332.0,68.0
425726.7,339853.56,332.0,68.0
425936.53,339853.56,332.0,68.0
426146.4,339853.56,332.0,68.0
426356.28,339853.56,332.0,80.0
426566.12,339853.56,320.0,80.0
426776.0,339853.56,320.0,80.0
426985.84,339853.56,320.0,80.0
427195.72,339853.56,320.0,80.0
427405.6,339853.56,320.0,80.0
427615.44,339853.56,308.0,80.0
427825.3,339853.56,308.0,80.0
428035.16,339853.56,308.0,80.0
428245.03,339853.56,296.0,80.0
428454.9,339853.56,,
428664.75,339853.56,,
428874.62,339853.56,,
429084.5,339853.56,,
429294.34,339853.56,,
429504.22,339853.56,,
429714.06,339853.56,,
429923.94,339853.56,,
430133.8,339853.56,,
430343.66,339853.56,,
430553.53,339853.56,,
430763.38,339853.56,,
430973.25,339853.56,,
431183.12,339853.56,,
431392.97,339853.56,,
431602.84,339853.56,,
431812.72,339853.56,,
432022.56,339853.56,,
432232.44,339853.56,,
432442.28,339853.56,,
432652.16,339853.56,,
432862.03,339853.56,,
433071.88,339853.56,,
433281.75,339853.56,,
433491.6,339853.56,,
433701.47,339853.56,,
433911.34,339853.56,,
434121.2,339853.56,,
434331.06,339853.56,,
434540.94,339853.56,,
434750.78,339853.56,,
434960.66,339853.56,,
435170.5,339853.56,,
435380.38,339853.56,,
435590.25,339853.56,,
435800.1,339853.56,,
436009.97,339853.56,,
436219.8,339853.56,,
436429.7,339853.56,,
436639.56,339853.56,,
436849.4,339853.56,,
437059.28,339853.56,,
437269.16,339853.56,,
437479.0,339853.56,,
437688.88,339853.56,,
437898.72,339853.56,,
438108.6,339853.56,,
438318.47,339853.56,,
438528.3,339853.56,,
438738.2,339853.56,,
438948.03,339853.56,,
439157.9,339853.56,,
439367.78,339853.56,,
439577.62,339853.56,,
439787.5,339853.56,,
439997.38,339853.56,,
440207.22,339853.56,,
440417.1,339853.56,,
440626.94,339853.56,,
440836.8,339853.56,,
441046.7,339853.56,,
441256.53,339853.56,,
441466.4,339853.56,,
441676.25,339853.56,,
441886.12,339853.56,,
442096.0,339853.56,,
442305.84,339853.56,,
442515.72,339853.56,,
442725.6,339853.56,,
442935.44,339853.56,,
443145.3,339853.56,,
443355.16,339853.56,,
443565.03,339853.56,,
443774.9,339853.56,,
443984.75,339853.56,,
444194.62,339853.56,,
444404.47,339853.56,,
444614.34,339853.56,,
444824.22,339853.56,,
445034.06,339853.56,,
445243.94,339853.56,,
445453.8,339853.56,,
445663.66,339853.56,,
445873.53,339853.56,,
446083.38,339853.56,,
446293.25,339853.56,,
446503.12,339853.56,,
446712.97,339853.56,,
446922.84,339853.56,,
447132.7,339853.56,,
447342.56,339853.56,,
447552.44,339853.56,,
447762.28,339853.56,,
447972.16,339853.56,,
448182.03,339853.56,,
448391.88,339853.56,,
448601.75,339853.56,,
448811.6,339853.56,,
449021.47,339853.56,,
449231.34,339853.56,,
449441.2,339853.56,,
449651.06,339853.56,,
449860.9,339853.56,,
450070.78,339853.56,,
450280.66,339853.56,,
450490.5,339853.56,,
450700.38,339853.56,,
450910.25,339853.56,,
451120.1,339853.56,,
451329.97,339853.56,,
451539.8,339853.56,,
451749.7,339853.56,,
451959.56,339853.56,,
452169.4,339853.56,,
452379.28,339853.56,,
452589.12,339853.56,,
452799.0,339853.56,,
453008.88,339853.56,,
453218.72,339853.56,,
453428.6,339853.56,,
453638.47,339853.56,,
453848.3,339853.56,,
454058.2,339853.56,,
454268.03,339853.56,,
454477.9,339853.56,,
454687.78,339853.56,,
454897.62,339853.56,,
455107.5,339853.56,,
455317.34,339853.56,,
455527.22,339853.56,,
455737.1,339853.56,,
455946.94,339853.56,,
456156.8,339853.56,,
456366.7,339853.56,,
456576.53,339853.56,,
456786.4,339853.56,,
456996.25,339853.56,,
457206.12,339853.56,,
457416.0,339853.56,,
457625.84,339853.56,,
457835.72,339853.56,,
458045.6,339853.56,,
458255.44,339853.56,,
458465.3,339853.56,,
458675.16,339853.56,,
458885.03,339853.56,,
459094.9,339853.56,,
459304.75,339853.56,,
459514.62,339853.56,,
459724.47,339853.56,,
459934.34,339853.56,,
460144.22,339853.56,,
418381.47,340056.2,,
418591.34,340056.2,,
418801.2,340056.2,,
419011.06,340056.2,,
419220.94,340056.2,,
419430.78,340056.2,,
419640.66,340056.2,,
419850.5,340056.2,,
420060.38,340056.2,,
420270.25,340056.2,,
420480.1,340056.2,,
420689.97,340056.2,,
420899.84,340056.2,,
421109.7,340056.2,,
421319.56,340056.2,,
421529.4,340056.2,,
421739.28,340056.2,,
421949.16,340056.2,,
422159.0,340056.2,,
422368.88,340056.2,,
422578.72,340056.2,356.0,68.0
422788.6,340056.2,356.0,68.0
422998.47,340056.2,356.0,68.0
423208.3,340056.2,356.0,68.0
423418.2,340056.2,344.0,68.0
423628.06,340056.2,344.0,68.0
423837.9,340056.2,344.0,68.0
424047.78,340056.2,344.0,68.0
424257.62,340056.2,344.0,68.0
424467.5,340056.2,344.0,68.0
424677.38,340056.2,344.0,68.0
424887.22,340056.2,344.0,68.0
425097.1,340056.2,344.0,68.0
425306.94,340056.2,332.0,68.0
425516.8,340056.2,332.0,68.0
425726.7,340056.2,332.0,68.0
425936.53,340056.2,332.0,68.0
426146.4,340056.2,332.0,68.0
426356.28,340056.2,332.0,80.0
426566.12,340056.2,332.0,80.0
426776.0,340056.2,320.0,80.0
426985.84,340056.2,320.0,80.0
427195.72,340056.2,320.0,80.0
427405.6,340056.2,320.0,80.0
427615.44,340056.2,320.0,80.0
427825.3,340056.2,308.0,80.0
428035.16,340056.2,308.0,80.0
428245.03,340056.2,,
428454.9,340056.2,,
428664.75,340056.2,,
428874.62,340056.2,,
429084.5,340056.2,,
429294.34,340056.2,,
429504.22,340056.2,,
429714.06,340056.2,,
429923.94,340056.2,,
430133.8,340056.2,,
430343.66,340056.2,,
430553.53,340056.2,,
430763.38,340056.2,,
430973.25,340056.2,,
431183.12,340056.2,,
431392.97,340056.2,,
431602.84,340056.2,,
431812.72,340056.2,,
432022.56,340056.2,,
432232.44,340056.2,,
432442.28,340056.2,,
432652.16,340056.2,,
432862.03,340056.2,,
433071.88,340056.2,,
433281.75,340056.2,,
433491.6,340056.2,,
433701.47,340056.2,,
433911.34,340056.2,,
434121.2,340056.2,,
434331.06,340056.2,,
434540.94,340056.2,,
434750.78,340056.2,,
434960.66,340056.2,,
435170.5,340056.2,,
435380.38,340056.2,,
435590.25,340056.2,,
435800.1,340056.2,,
436009.97,340056.2,,
436219.8,340056.2,,
436429.7,340056.2,,
436639.56,340056.2,,
436849.4,340056.2,,
437059.28,340056.2,,
437269.16,340056.2,,
437479.0,340056.2,,
437688.88,340056.2,,
437898.72,340056.2,,
438108.6,340056.2,,
438318.47,340056.2,,
438528.3,340056.2,,
438738.2,340056.2,,
438948.03,340056.2,,
439157.9,340056.2,,
439367.78,340056.2,,
439577.62,340056.2,,
439787.5,340056.2,,
439997.38,340056.2,,
440207.22,340056.2,,
440417.1,340056.2,,
440626.94,340056.2,,
440836.8,340056.2,,
441046.7,340056.2,,
441256.53,340056.2,,
441466.4,340056.2,,
441676.25,340056.2,,
441886.12,340056.2,,
442096.0,340056.2,,
442305.84,340056.2,,
442515.72,340056.2,,
442725.6,340056.2,,
442935.44,340056.2,,
443145.3,340056.2,,
443355.16,340056.2,,
443565.03,340056.2,,
443774.9,340056.2,,
443984.75,340056.2,,
444194.62,340056.2,,
444404.47,340056.2,,
444614.34,340056.2,,
444824.22,340056.2,,
445034.06,340056.2,,
445243.94,340056.2,,
445453.8,340056.2,,
445663.66,340056.2,,
445873.53,340056.2,,
446083.38,340056.2,,
446293.25,340056.2,,
446503.12,340056.2,,
446712.97,340056.2,,
446922.84,340056.2,,
447132.7,340056.2,,
447342.56,340056.2,,
447552.44,340056.2,,
447762.28,340056.2,,
447972.16,340056.2,,
448182.03,340056.2,,
448391.88,340056.2,,
448601.75,340056.2,,
448811.6,340056.2,,
449021.47,340056.2,,
449231.34,340056.2,,
449441.2,340056.2,,
449651.06,340056.2,,
449860.9,340056.2,,
450070.78,340056.2,,
450280.66,340056.2,,
450490.5,340056.2,,
450700.38,340056.2,,
450910.25,340056.2,,
451120.1,340056.2,,
451329.97,340056.2,,
451539.8,340056.2,,
451749.7,340056.2,,
451959.56,340056.2,,
452169.4,340056.2,,
452379.28,340056.2,,
452589.12,340056.2,,
452799.0,340056.2,,
453008.88,340056.2,,
453218.72,340056.2,,
453428.6,340056.2,,
453638.47,340056.2,,
453848.3,340056.2,,
454058.2,340056.2,,
454268.03,340056.2,,
454477.9,340056.2,,
454687.78,340056.2,,
454897.62,340056.2,,
455107.5,340056.2,,
455317.34,340056.2,,
455527.22,340056.2,,
455737.1,340056.2,,
455946.94,340056.2,,
456156.8,340056.2,,
456366.7,340056.2,,
456576.53,340056.2,,
456786.4,340056.2,,
456996.25,340056.2,,
457206.12,340056.2,,
457416.0,340056.2,,
457625.84,340056.2,,
457835.72,340056.2,,
458045.6,340056.2,,
458255.44,340056.2,,
458465.3,340056.2,,
458675.16,340056.2,,
458885.03,340056.2,,
459094.9,340056.2,,
459304.75,340056.2,,
459514.62,340056.2,,
459724.47,340056.2,,
459934.34,340056.2,,
460144.22,340056.2,,
418381.47,340258.8,,
418591.34,340258.8,,
418801.2,340258.8,,
419011.06,340258.8,,
419220.94,340258.8,,
419430.78,340258.8,,
419640.66,340258.8,,
419850.5,340258.8,,
420060.38,340258.8,,
420270.25,340258.8,,
420480.1,340258.8,,
420689.97,340258.8,,
420899.84,340258.8,,
421109.7,340258.8,,
421319.56,340258.8,,
421529.4,340258.8,,
421739.28,340258.8,,
421949.16,340258.8,,
422159.0,340258.8,,
422368.88,340258.8,356.0,68.0
422578.72,340258.8,356.0,68.0
422788.6,340258.8,356.0,68.0
422998.47,340258.8,356.0,68.0
423208.3,340258.8,356.0,68.0
423418.2,340258.8,356.0,68.0
423628.06,340258.8,356.0,68.0
423837.9,340258.8,344.0,68.0
424047.78,340258.8,344.0,68.0
424257.62,340258.8,344.0,68.0
424467.5,340258.8,344.0,68.0
424677.38,340258.8,344.0,68.0
424887.22,340258.8,344.0,68.0
425097.1,340258.8,344.0,68.0
425306.94,340258.8,344.0,68.0
425516.8,340258.8,344.0,68.0
425726.7,340258.8,332.0,68.0
425936.53,340258.8,332.0,68.0
426146.4,340258.8,332.0,68.0
426356.28,340258.8,332.0,68.0
426566.12,340258.8,332.0,80.0
426776.0,340258.8,332.0,80.0
426985.84,340258.8,320.0,80.0
427195.72,340258.8,320.0,80.0
427405.6,340258.8,320.0,80.0
427615.44,340258.8,320.0,80.0
427825.3,340258.8,320.0,80.0
428035.16,340258.8,308.0,80.0
428245.03,340258.8,,
428454.9,340258.8,,
428664.75,340258.8,,
428874.62,340258.8,,
429084.5,340258.8,,
429294.34,340258.8,,
429504.22,340258.8,,
429714.06,340258.8,,
429923.94,340258.8,,
430133.8,340258.8,,
430343.66,340258.8,,
430553.53,340258.8,,
430763.38,340258.8,,
430973.25,340258.8,,
431183.12,340258.8,,
431392.97,340258.8,,
431602.84,340258.8,,
431812.72,340258.8,,
432022.56,340258.8,,
432232.44,340258.8,,
432442.28,340258.8,,
432652.16,340258.8,,
432862.03,340258.8,,
433071.88,340258.8,,
433281.75,340258.8,,
433491.6,340258.8,,
433701.47,340258.8,,
433911.34,340258.8,,
434121.2,340258.8,,
434331.06,340258.8,,
434540.94,340258.8,,
434750.78,340258.8,,
434960.66,340258.8,,
435170.5,340258.8,,
435380.38,340258.8,,
435590.25,340258.8,,
435800.1,340258.8,,
436009.97,340258.8,,
436219.8,340258.8,,
436429.7,340258.8,,
436639.56,340258.8,,
436849.4,340258.8,,
437059.28,340258.8,,
437269.16,340258.8,,
437479.0,340258.8,,
437688.88,340258.8,,
437898.72,340258.8,,
438108.6,340258.8,,
438318.47,340258.8,,
438528.3,340258.8,,
438738.2,340258.8,,
438948.03,340258.8,,
439157.9,340258.8,,
439367.78,340258.8,,
439577.62,340258.8,,
439787.5,340258.8,,
439997.38,340258.8,,
440207.22,340258.8,,
440417.1,340258.8,,
440626.94,340258.8,,
440836.8,340258.8,,
441046.7,340258.8,,
441256.53,340258.8,,
441466.4,340258.8,,
441676.25,340258.8,,
441886.12,340258.8,,
442096.0,340258.8,,
442305.84,340258.8,,
442515.72,340258.8,,
442725.6,340258.8,,
442935.44,340258.8,,
443145.3,340258.8,,
443355.16,340258.8,,
443565.03,340258.8,,
443774.9,340258.8,,
443984.75,340258.8,,
444194.62,340258.8,,
444404.47,340258.8,,
444614.34,340258.8,,
444824.22,340258.8,,
445034.06,340258.8,,
445243.94,340258.8,,
445453.8,340258.8,,
445663.66,340258.8,,
445873.53,340258.8,,
446083.38,340258.8,,
446293.25,340258.8,,
446503.12,340258.8,,
446712.97,340258.8,,
446922.84,340258.8,,
447132.7,340258.8,,
447342.56,340258.8,,
447552.44,340258.8,,
447762.28,340258.8,,
447972.16,340258.8,,
448182.03,340258.8,,
448391.88,340258.8,,
448601.75,340258.8,,
448811.6,340258.8,,
449021.47,340258.8,,
449231.34,340258.8,,
449441.2,340258.8,,
449651.06,340258.8,,
449860.9,340258.8,,
450070.78,340258.8,,
450280.66,340258.8,,
450490.5,340258.8,,
450700.38,340258.8,,
450910.25,340258.8,,
451120.1,340258.8,,
451329.97,340258.8,,
451539.8,340258.8,,
451749.7,340258.8,,
451959.56,340258.8,,
452169.4,340258.8,,
452379.28,340258.8,,
452589.12,340258.8,,
452799.0,340258.8,,
453008.88,340258.8,,
453218.72,340258.8,,
453428.6,340258.8,,
453638.47,340258.8,,
453848.3,340258.8,,
454058.2,340258.8,,
454268.03,340258.8,,
454477.9,340258.8,,
454687.78,340258.8,,
454897.62,340258.8,,
455107.5,340258.8,,
455317.34,340258.8,,
455527.22,340258.8,,
455737.1,340258.8,,
455946.94,340258.8,,
456156.8,340258.8,,
456366.7,340258.8,,
456576.53,340258.8,,
456786.4,340258.8,,
456996.25,340258.8,,
457206.12,340258.8,,
457416.0,340258.8,,
457625.84,340258.8,,
457835.72,340258.8,,
458045.6,340258.8,,
458255.44,340258.8,,
458465.3,340258.8,,
458675.16,340258.8,,
458885.03,340258.8,,
459094.9,340258.8,,
459304.75,340258.8,,
459514.62,340258.8,,
459724.47,340258.8,,
459934.34,340258.8,,
460144.22,340258.8,,
418381.47,340461.44,,
418591.34,340461.44,,
418801.2,340461.44,,
419011.06,340461.44,,
419220.94,340461.44,,
419430.78,340461.44,,
419640.66,340461.44,,
419850.5,340461.44,,
420060.38,340461.44,,
420270.25,340461.44,,
420480.1,340461.44,,
420689.97,340461.44,,
420899.84,340461.44,,
421109.7,340461.44,,
421319.56,340461.44,,
421529.4,340461.44,,
421739.28,340461.44,,
421949.16,340461.44,,
422159.0,340461.44,,
422368.88,340461.44,356.0,68.0
422578.72,340461.44,356.0,68.0
422788.6,340461.44,356.0,68.0
422998.47,340461.44,356.0,68.0
423208.3,340461.44,356.0,68.0
423418.2,340461.44,356.0,68.0
423628.06,340461.44,356.0,68.0
423837.9,340461.44,356.0,68.0
424047.78,340461.44,344.0,68.0
424257.62,340461.44,344.0,68.0
424467.5,340461.44,344.0,68.0
424677.38,340461.44,344.0,68.0
424887.22,340461.44,344.0,68.0
425097.1,340461.44,344.0,68.0
425306.94,340461.44,344.0,68.0
425516.8,340461.44,344.0,68.0
425726.7,340461.44,344.0,68.0
425936.53,340461.44,332.0,68.0
426146.4,340461.44,332.0,68.0
426356.28,340461.44,332.0,68.0
426566.12,340461.44,332.0,80.0
426776.0,340461.44,332.0,80.0
426985.84,340461.44,332.0,80.0
427195.72,340461.44,320.0,80.0
427405.6,340461.44,320.0,80.0
427615.44,340461.44,320.0,80.0
427825.3,340461.44,320.0,80.0
428035.16,340461.44,308.0,80.0
428245.03,340461.44,,
428454.9,340461.44,,
428664.75,340461.44,,
428874.62,340461.44,,
429084.5,340461.44,,
429294.34,340461.44,,
429504.22,340461.44,,
429714.06,340461.44,,
429923.94,340461.44,,
430133.8,340461.44,,
430343.66,340461.44,,
430553.53,340461.44,,
430763.38,340461.44,,
430973.25,340461.44,,
431183.12,340461.44,,
431392.97,340461.44,,
431602.84,340461.44,,
431812.72,340461.44,,
432022.56,340461.44,,
432232.44,340461.44,,
432442.28,340461.44,,
432652.16,340461.44,,
432862.03,340461.44,,
433071.88,340461.44,,
433281.75,340461.44,,
433491.6,340461.44,,
433701.47,340461.44,,
433911.34,340461.44,,
434121.2,340461.44,,
434331.06,340461.44,,
434540.94,340461.44,,
434750.78,340461.44,,
434960.66,340461.44,,
435170.5,340461.44,,
435380.38,340461.44,,
435590.25,340461.44,,
435800.1,340461.44,,
436009.97,340461.44,,
436219.8,340461.44,,
436429.7,340461.44,,
436639.56,340461.44,,
436849.4,340461.44,,
437059.28,340461.44,,
437269.16,340461.44,,
437479.0,340461.44,,
437688.88,340461.44,,
437898.72,340461.44,,
438108.6,340461.44,,
438318.47,340461.44,,
438528.3,340461.44,,
438738.2,340461.44,,
438948.03,340461.44,,
439157.9,340461.44,,
439367.78,340461.44,,
439577.62,340461.44,,
439787.5,340461.44,,
439997.38,340461.44,,
440207.22,340461.44,,
440417.1,340461.44,,
440626.94,340461.44,,
440836.8,340461.44,,
441046.7,340461.44,,
441256.53,340461.44,,
441466.4,340461.44,,
441676.25,340461.44,,
441886.12,340461.44,,
442096.0,340461.44,,
442305.84,340461.44,,
442515.72,340461.44,,
442725.6,340461.44,,
442935.44,340461.44,,
443145.3,340461.44,,
443355.16,340461.44,,
443565.03,340461.44,,
443774.9,340461.44,,
443984.75,340461.44,,
444194.62,340461.44,,
444404.47,340461.44,,
444614.34,340461.44,,
444824.22,340461.44,,
445034.06,340461.44,,
445243.94,340461.44,,
445453.8,340461.44,,
445663.66,340461.44,,
445873.53,340461.44,,
446083.38,340461.44,,
446293.25,340461.44,,
446503.12,340461.44,,
446712.97,340461.44,,
446922.84,340461.44,,
447132.7,340461.44,,
447342.56,340461.44,,
447552.44,340461.44,,
447762.28,340461.44,,
447972.16,340461.44,,
448182.03,340461.44,,
448391.88,340461.44,,
448601.75,340461.44,,
448811.6,340461.44,,
449021.47,340461.44,,
449231.34,340461.44,,
449441.2,340461.44,,
449651.06,340461.44,,
449860.9,340461.44,,
450070.78,340461.44,,
450280.66,340461.44,,
450490.5,340461.44,,
450700.38,340461.44,,
450910.25,340461.44,,
451120.1,340461.44,,
451329.97,340461.44,,
451539.8,340461.44,,
451749.7,340461.44,,
451959.56,340461.44,,
452169.4,340461.44,,
452379.28,340461.44,,
452589.12,340461.44,,
452799.0,340461.44,,
453008.88,340461.44,,
453218.72,340461.44,,
453428.6,340461.44,,
453638.47,340461.44,,
453848.3,340461.44,,
454058.2,340461.44,,
454268.03,340461.44,,
454477.9,340461.44,,
454687.78,340461.44,,
454897.62,340461.44,,
455107.5,340461.44,,
455317.34,340461.44,,
455527.22,340461.44,,
455737.1,340461.44,,
455946.94,340461.44,,
456156.8,340461.44,,
456366.7,340461.44,,
456576.53,340461.44,,
456786.4,340461.44,,
456996.25,340461.44,,
457206.12,340461.44,,
457416.0,340461.44,,
457625.84,340461.44,,
457835.72,340461.44,,
458045.6,340461.44,,
458255.44,340461.44,,
458465.3,340461.44,,
458675.16,340461.44,,
458885.03,340461.44,,
459094.9,340461.44,,
459304.75,340461.44,,
459514.62,340461.44,,
459724.47,340461.44,,
459934.34,340461.44,,
460144.22,340461.44,,
418381.47,340664.03,,
418591.34,340664.03,,
418801.2,340664.03,,
419011.06,340664.03,,
419220.94,340664.03,,
419430.78,340664.03,,
419640.66,340664.03,,
419850.5,340664.03,,
420060.38,340664.03,,
420270.25,340664.03,,
420480.1,340664.03,,
420689.97,340664.03,,
420899.84,340664.03,,
421109.7,340664.03,,
421319.56,340664.03,,
421529.4,340664.03,,
421739.28,340664.03,,
421949.16,340664.03,,
422159.0,340664.03,368.0,68.0
422368.88,340664.03,356.0,68.0
422578.72,340664.03,356.0,68.0
422788.6,340664.03,356.0,68.0
422998.47,340664.03,356.0,68.0
423208.3,340664.03,356.0,68.0
423418.2,340664.03,356.0,68.0
423628.06,340664.03,356.0,68.0
423837.9,340664.03,356.0,68.0
424047.78,340664.03,356.0,68.0
424257.62,340664.03,344.0,68.0
424467.5,340664.03,344.0,68.0
424677.38,340664.03,344.0,68.0
424887.22,340664.03,344.0,68.0
425097.1,340664.03,344.0,68.0
425306.94,340664.03,344.0,68.0
425516.8,340664.03,344.0,68.0
425726.7,340664.03,344.0,68.0
425936.53,340664.03,332.0,68.0
426146.4,340664.03,332.0,68.0
426356.28,340664.03,332.0,68.0
426566.12,340664.03,332.0,68.0
426776.0,340664.03,332.0,80.0
426985.84,340664.03,332.0,80.0
427195.72,340664.03,332.0,80.0
427405.6,340664.03,320.0,80.0
427615.44,340664.03,320.0,80.0
427825.3,340664.03,320.0,80.0
428035.16,340664.03,320.0,80.0
428245.03,340664.03,,
428454.9,340664.03,,
428664.75,340664.03,,
428874.62,340664.03,,
429084.5,340664.03,,
429294.34,340664.03,,
429504.22,340664.03,,
429714.06,340664.03,,
429923.94,340664.03,,
430133.8,340664.03,,
430343.66,340664.03,,
430553.53,340664.03,,
430763.38,340664.03,,
430973.25,340664.03,,
431183.12,340664.03,,
431392.97,340664.03,,
431602.84,340664.03,,
431812.72,340664.03,,
432022.56,340664.03,,
432232.44,340664.03,,
432442.28,340664.03,,
432652.16,340664.03,,
432862.03,340664.03,,
433071.88,340664.03,,
433281.75,340664.03,,
433491.6,340664.03,,
433701.47,340664.03,,
433911.34,340664.03,,
434121.2,340664.03,,
434331.06,340664.03,,
434540.94,340664.03,,
434750.78,340664.03,,
434960.66,340664.03,,
435170.5,340664.03,,
435380.38,340664.03,,
435590.25,340664.03,,
435800.1,340664.03,,
436009.97,340664.03,,
436219.8,340664.03,,
436429.7,340664.03,,
436639.56,340664.03,,
436849.4,340664.03,,
437059.28,340664.03,,
437269.16,340664.03,,
437479.0,340664.03,,
437688.88,340664.03,,
437898.72,340664.03,,
438108.6,340664.03,,
438318.47,340664.03,,
438528.3,340664.03,,
438738.2,340664.03,,
438948.03,340664.03,,
439157.9,340664.03,,
439367.78,340664.03,,
439577.62,340664.03,,
439787.5,340664.03,,
439997.38,340664.03,,
440207.22,340664.03,,
440417.1,340664.03,,
440626.94,340664.03,,
440836.8,340664.03,,
441046.7,340664.03,,
441256.53,340664.03,,
441466.4,340664.03,,
441676.25,340664.03,,
441886.12,340664.03,,
442096.0,340664.03,,
442305.84,340664.03,,
442515.72,340664.03,,
442725.6,340664.03,,
442935.44,340664.03,,
443145.3,340664.03,,
443355.16,340664.03,,
443565.03,340664.03,,
443774.9,340664.03,,
443984.75,340664.03,,
444194.62,340664.03,,
444404.47,340664.03,,
444614.34,340664.03,,
444824.22,340664.03,,
445034.06,340664.03,,
445243.94,340664.03,,
445453.8,340664.03,,
445663.66,340664.03,,
445873.53,340664.03,,
446083.38,340664.03,,
446293.25,340664.03,,
446503.12,340664.03,,
446712.97,340664.03,,
446922.84,340664.03,,
447132.7,340664.03,,
447342.56,340664.03,,
447552.44,340664.03,,
447762.28,340664.03,,
447972.16,340664.03,,
448182.03,340664.03,,
448391.88,340664.03,,
448601.75,340664.03,,
448811.6,340664.03,,
449021.47,340664.03,,
449231.34,340664.03,,
449441.2,340664.03,,
449651.06,340664.03,,
449860.9,340664.03,,
450070.78,340664.03,,
450280.66,340664.03,,
450490.5,340664.03,,
450700.38,340664.03,,
450910.25,340664.03,,
451120.1,340664.03,,
451329.97,340664.03,,
451539.8,340664.03,,
451749.7,340664.03,,
451959.56,340664.03,,
452169.4,340664.03,,
452379.28,340664.03,,
452589.12,340664.03,,
452799.0,340664.03,,
453008.88,340664.03,,
453218.72,340664.03,,
453428.6,340664.03,,
453638.47,340664.03,,
453848.3,340664.03,,
454058.2,340664.03,,
454268.03,340664.03,,
454477.9,340664.03,,
454687.78,340664.03,,
454897.62,340664.03,,
455107.5,340664.03,,
455317.34,340664.03,,
455527.22,340664.03,,
455737.1,340664.03,,
455946.94,340664.03,,
456156.8,340664.03,,
456366.7,340664.03,,
456576.53,340664.03,,
456786.4,340664.03,,
456996.25,340664.03,,
457206.12,340664.03,,
457416.0,340664.03,,
457625.84,340664.03,,
457835.72,340664.03,,
458045.6,340664.03,,
458255.44,340664.03,,
458465.3,340664.03,,
458675.16,340664.03,,
458885.03,340664.03,,
459094.9,340664.03,,
459304.75,340664.03,,
459514.62,340664.03,,
459724.47,340664.03,,
459934.34,340664.03,,
460144.22,340664.03,,
418381.47,340866.66,,
418591.34,340866.66,,
418801.2,340866.66,,
419011.06,340866.66,,
419220.94,340866.66,,
419430.78,340866.66,,
419640.66,340866.66,,
419850.5,340866.66,,
420060.38,340866.66,,
420270.25,340866.66,,
420480.1,340866.66,,
420689.97,340866.66,,
420899.84,340866.66,,
421109.7,340866.66,,
421319.56,340866.66,,
421529.4,340866.66,,
421739.28,340866.66,,
421949.16,340866.66,,
422159.0,340866.66,368.0,68.0
422368.88,340866.66,368.0,68.0
422578.72,340866.66,356.0,68.0
422788.6,340866.66,356.0,68.0
422998.47,340866.66,356.0,68.0
423208.3,340866.66,356.0,68.0
423418.2,340866.66,356.0,68.0
423628.06,340866.66,356.0,68.0
423837.9,340866.66,356.0,68.0
424047.78,340866.66,356.0,68.0
424257.62,340866.66,356.0,68.0
424467.5,340866.66,344.0,68.0
424677.38,340866.66,344.0,68.0
424887.22,340866.66,344.0,68.0
425097.1,340866.66,344.0,68.0
425306.94,340866.66,344.0,68.0
425516.8,340866.66,344.0,68.0
425726.7,340866.66,344.0,68.0
425936.53,340866.66,344.0,68.0
426146.4,340866.66,332.0,68.0
426356.28,340866.66,332.0,68.0
426566.12,340866.66,332.0,68.0
426776.0,340866.66,332.0,80.0
426985.84,340866.66,332.0,80.0
427195.72,340866.66,332.0,80.0
427405.6,340866.66,332.0,80.0
427615.44,340866.66,320.0,80.0
427825.3,340866.66,320.0,80.0
428035.16,340866.66,320.0,80.0
428245.03,340866.66,,
428454.9,340866.66,,
428664.75,340866.66,,
428874.62,340866.66,,
429084.5,340866.66,,
429294.34,340866.66,,
429504.22,340866.66,,
429714.06,340866.66,,
429923.94,340866.66,,
430133.8,340866.66,,
430343.66,340866.66,,
430553.53,340866.66,,
430763.38,340866.66,,
430973.25,340866.66,,
431183.12,340866.66,,
431392.97,340866.66,,
431602.84,340866.66,,
431812.72,340866.66,,
432022.56,340866.66,,
432232.44,340866.66,,
432442.28,340866.66,,
432652.16,340866.66,,
432862.03,340866.66,,
433071.88,340866.66,,
433281.75,340866.66,,
433491.6,340866.66,,
433701.47,340866.66,,
433911.34,340866.66,,
434121.2,340866.66,,
434331.06,340866.66,,
434540.94,340866.66,,
434750.78,340866.66,,
434960.66,340866.66,,
435170.5,340866.66,,
435380.38,340866.66,,
435590.25,340866.66,,
435800.1,340866.66,,
436009.97,340866.66,,
436219.8,340866.66,,
436429.7,340866.66,,
436639.56,340866.66,,
436849.4,340866.66,,
437059.28,340866.66,,
437269.16,340866.66,,
437479.0,340866.66,,
437688.88,340866.66,,
437898.72,340866.66,,
438108.6,340866.66,,
438318.47,340866.66,,
438528.3,340866.66,,
438738.2,340866.66,,
438948.03,340866.66,,
439157.9,340866.66,,
439367.78,340866.66,,
439577.62,340866.66,,
439787.5,340866.66,,
439997.38,340866.66,,
440207.22,340866.66,,
440417.1,340866.66,,
440626.94,340866.66,,
440836.8,340866.66,,
441046.7,340866.66,,
441256.53,340866.66,,
441466.4,340866.66,,
441676.25,340866.66,,
441886.12,340866.66,,
442096.0,340866.66,,
442305.84,340866.66,,
442515.72,340866.66,,
442725.6,340866.66,,
442935.44,340866.66,,
443145.3,340866.66,,
443355.16,340866.66,,
443565.03,340866.66,,
443774.9,340866.66,,
443984.75,340866.66,,
444194.62,340866.66,,
444404.47,340866.66,,
444614.34,340866.66,,
444824.22,340866.66,,
445034.06,340866.66,,
445243.94,340866.66,,
445453.8,340866.66,,
445663.66,340866.66,,
445873.53,340866.66,,
446083.38,340866.66,,
446293.25,340866.66,,
446503.12,340866.66,,
446712.97,340866.66,,
446922.84,340866.66,,
447132.7,340866.66,,
447342.56,340866.66,,
447552.44,340866.66,,
447762.28,340866.66,,
447972.16,340866.66,,
448182.03,340866.66,,
448391.88,340866.66,,
448601.75,340866.66,,
448811.6,340866.66,,
449021.47,340866.66,,
449231.34,340866.66,,
449441.2,340866.66,,
449651.06,340866.66,,
449860.9,340866.66,,
450070.78,340866.66,,
450280.66,340866.66,,
450490.5,340866.66,,
450700.38,340866.66,,
450910.25,340866.66,,
451120.1,340866.66,,
451329.97,340866.66,,
451539.8,340866.66,,
451749.7,340866.66,,
451959.56,340866.66,,
452169.4,340866.66,,
452379.28,340866.66,,
452589.12,340866.66,,
452799.0,340866.66,,
453008.88,340866.66,,
453218.72,340866.66,,
453428.6,340866.66,,
453638.47,340866.66,,
453848.3,340866.66,,
454058.2,340866.66,,
454268.03,340866.66,,
454477.9,340866.66,,
454687.78,340866.66,,
454897.62,340866.66,,
455107.5,340866.66,,
455317.34,340866.66,,
455527.22,340866.66,,
455737.1,340866.66,,
455946.94,340866.66,,
456156.8,340866.66,,
456366.7,340866.66,,
456576.53,340866.66,,
456786.4,340866.66,,
456996.25,340866.66,,
457206.12,340866.66,,
457416.0,340866.66,,
457625.84,340866.66,,
457835.72,340866.66,,
458045.6,340866.66,,
458255.44,340866.66,,
458465.3,340866.66,,
458675.16,340866.66,,
458885.03,340866.66,,
459094.9,340866.66,,
459304.75,340866.66,,
459514.62,340866.66,,
459724.47,340866.66,,
459934.34,340866.66,,
460144.22,340866.66,,
418381.47,341069.28,,
418591.34,341069.28,,
418801.2,341069.28,,
419011.06,341069.28,,
419220.94,341069.28,,
419430.78,341069.28,,
419640.66,341069.28,,
419850.5,341069.28,,
420060.38,341069.28,,
420270.25,341069.28,,
420480.1,341069.28,,
420689.97,341069.28,,
420899.84,341069.28,,
421109.7,341069.28,,
421319.56,341069.28,,
421529.4,341069.28,,
421739.28,341069.28,,
421949.16,341069.28,368.0,68.0
422159.0,341069.28,368.0,68.0
422368.88,341069.28,368.0,68.0
422578.72,341069.28,368.0,68.0
422788.6,341069.28,356.0,68.0
422998.47,341069.28,356.0,68.0
423208.3,341069.28,356.0,68.0
423418.2,341069.28,356.0,68.0
423628.06,341069.28,356.0,68.0
423837.9,341069.28,356.0,68.0
424047.78,341069.28,356.0,68.0
424257.62,341069.28,356.0,68.0
424467.5,341069.28,356.0,68.0
424677.38,341069.28,344.0,68.0
424887.22,341069.28,344.0,68.0
425097.1,341069.28,344.0,68.0
425306.94,341069.28,344.0,68.0
425516.8,341069.28,344.0,68.0
425726.7,341069.28,344.0,68.0
425936.53,341069.28,344.0,68.0
426146.4,341069.28,344.0,68.0
426356.28,341069.28,332.0,68.0
426566.12,341069.28,332.0,68.0
426776.0,341069.28,332.0,68.0
426985.84,341069.28,332.0,80.0
427195.72,341069.28,332.0,80.0
427405.6,341069.28,332.0,80.0
427615.44,341069.28,320.0,80.0
427825.3,341069.28,320.0,80.0
428035.16,341069.28,164.0,152.0
428245.03,341069.28,,
428454.9,341069.28,,
428664.75,341069.28,,
428874.62,341069.28,,
429084.5,341069.28,,
429294.34,341069.28,,
429504.22,341069.28,,
429714.06,341069.28,,
429923.94,341069.28,,
430133.8,341069.28,,
430343.66,341069.28,,
430553.53,341069.28,,
430763.38,341069.28,,
430973.25,341069.28,,
431183.12,341069.28,,
431392.97,341069.28,,
431602.84,341069.28,,
431812.72,341069.28,,
432022.56,341069.28,,
432232.44,341069.28,,
432442.28,341069.28,,
432652.16,341069.28,,
432862.03,341069.28,,
433071.88,341069.28,,
433281.75,341069.28,,
433491.6,341069.28,,
433701.47,341069.28,,
433911.34,341069.28,,
434121.2,341069.28,,
434331.06,341069.28,,
434540.94,341069.28,,
434750.78,341069.28,,
434960.66,341069.28,,
435170.5,341069.28,,
435380.38,341069.28,,
435590.25,341069.28,,
435800.1,341069.28,,
436009.97,341069.28,,
436219.8,341069.28,,
436429.7,341069.28,,
436639.56,341069.28,,
436849.4,341069.28,,
437059.28,341069.28,,
437269.16,341069.28,,
437479.0,341069.28,,
437688.88,341069.28,,
437898.72,341069.28,,
438108.6,341069.28,,
438318.47,341069.28,,
438528.3,341069.28,,
438738.2,341069.28,,
438948.03,341069.28,,
439157.9,341069.28,,
439367.78,341069.28,,
439577.62,341069.28,,
439787.5,341069.28,,
439997.38,341069.28,,
440207.22,341069.28,,
440417.1,341069.28,,
440626.94,341069.28,,
440836.8,341069.28,,
441046.7,341069.28,,
441256.53,341069.28,,
441466.4,341069.28,,
441676.25,341069.28,,
441886.12,341069.28,,
442096.0,341069.28,,
442305.84,341069.28,,
442515.72,341069.28,,
442725.6,341069.28,,
442935.44,341069.28,,
443145.3,341069.28,,
443355.16,341069.28,,
443565.03,341069.28,,
443774.9,341069.28,,
443984.75,341069.28,,
444194.62,341069.28,,
444404.47,341069.28,,
444614.34,341069.28,,
444824.22,341069.28,,
445034.06,341069.28,,
445243.94,341069.28,,
445453.8,341069.28,,
445663.66,341069.28,,
445873.53,341069.28,,
446083.38,341069.28,,
446293.25,341069.28,,
446503.12,341069.28,,
446712.97,341069.28,,
446922.84,341069.28,,
447132.7,341069.28,,
447342.56,341069.28,,
447552.44,341069.28,,
447762.28,341069.28,,
447972.16,341069.28,,
448182.03,341069.28,,
448391.88,341069.28,,
448601.75,341069.28,,
448811.6,341069.28,,
449021.47,341069.28,,
449231.34,341069.28,,
449441.2,341069.28,,
449651.06,341069.28,,
449860.9,341069.28,,
450070.78,341069.28,,
450280.66,341069.28,,
450490.5,341069.28,,
450700.38,341069.28,,
450910.25,341069.28,,
451120.1,341069.28,,
451329.97,341069.28,,
451539.8,341069.28,,
451749.7,341069.28,,
451959.56,341069.28,,
452169.4,341069.28,,
452379.28,341069.28,,
452589.12,341069.28,,
452799.0,341069.28,,
453008.88,341069.28,,
453218.72,341069.28,,
453428.6,341069.28,,
453638.47,341069.28,,
453848.3,341069.28,,
454058.2,341069.28,,
454268.03,341069.28,,
454477.9,341069.28,,
454687.78,341069.28,,
454897.62,341069.28,,
455107.5,341069.28,,
455317.34,341069.28,,
455527.22,341069.28,,
455737.1,341069.28,,
455946.94,341069.28,,
456156.8,341069.28,,
456366.7,341069.28,,
456576.53,341069.28,,
456786.4,341069.28,,
456996.25,341069.28,,
457206.12,341069.28,,
457416.0,341069.28,,
457625.84,341069.28,,
457835.72,341069.28,,
458045.6,341069.28,,
458255.44,341069.28,,
458465.3,341069.28,,
458675.16,341069.28,,
458885.03,341069.28,,
459094.9,341069.28,,
459304.75,341069.28,,
459514.62,341069.28,,
459724.47,341069.28,,
459934.34,341069.28,,
460144.22,341069.28,,
418381.47,341271.9,,
418591.34,341271.9,,
418801.2,341271.9,,
419011.06,341271.9,,
419220.94,341271.9,,
419430.78,341271.9,,
419640.66,341271.9,,
419850.5,341271.9,,
420060.38,341271.9,,
420270.25,341271.9,,
420480.1,341271.9,,
420689.97,341271.9,,
420899.84,341271.9,,
421109.7,341271.9,,
421319.56,341271.9,,
421529.4,341271.9,,
421739.28,341271.9,,
421949.16,341271.9,368.0,68.0
422159.0,341271.9,368.0,68.0
422368.88,341271.9,368.0,68.0
422578.72,341271.9,368.0,68.0
422788.6,341271.9,368.0,68.0
422998.47,341271.9,356.0,68.0
423208.3,341271.9,356.0,68.0
423418.2,341271.9,356.0,68.0
423628.06,341271.9,356.0,68.0
423837.9,341271.9,356.0,68.0
424047.78,341271.9,356.0,68.0
424257.62,341271.9,356.0,68.0
424467.5,341271.9,356.0,68.0
424677.38,341271.9,356.0,68.0
424887.22,341271.9,344.0,68.0
425097.1,341271.9,344.0,68.0
425306.94,341271.9,344.0,68.0
425516.8,341271.9,344.0,68.0
425726.7,341271.9,344.0,68.0
425936.53,341271.9,344.0,68.0
426146.4,341271.9,344.0,68.0
426356.28,341271.9,344.0,68.0
426566.12,341271.9,332.0,68.0
426776.0,341271.9,332.0,68.0
426985.84,341271.9,332.0,80.0
427195.72,341271.9,332.0,80.0
427405.6,341271.9,332.0,80.0
427615.44,341271.9,332.0,80.0
427825.3,341271.9,320.0,80.0
428035.16,341271.9,176.0,152.0
428245.03,341271.9,164.0,152.0
428454.9,341271.9,,
428664.75,341271.9,,
428874.62,341271.9,,
429084.5,341271.9,,
429294.34,341271.9,,
429504.22,341271.9,,
429714.06,341271.9,,
429923.94,341271.9,,
430133.8,341271.9,,
430343.66,341271.9,,
430553.53,341271.9,,
430763.38,341271.9,,
430973.25,341271.9,,
431183.12,341271.9,,
431392.97,341271.9,,
431602.84,341271.9,,
431812.72,341271.9,,
432022.56,341271.9,,
432232.44,341271.9,,
432442.28,341271.9,,
432652.16,341271.9,,
432862.03,341271.9,,
433071.88,341271.9,,
433281.75,341271.9,,
433491.6,341271.9,,
433701.47,341271.9,,
433911.34,341271.9,,
434121.2,341271.9,,
434331.06,341271.9,,
434540.94,341271.9,,
434750.78,341271.9,,
434960.66,341271.9,,
435170.5,341271.9,,
435380.38,341271.9,,
435590.25,341271.9,,
435800.1,341271.9,,
436009.97,341271.9,,
436219.8,341271.9,,
436429.7,341271.9,,
436639.56,341271.9,,
436849.4,341271.9,,
437059.28,341271.9,,
437269.16,341271.9,,
437479.0,341271.9,,
437688.88,341271.9,,
437898.72,341271.9,,
438108.6,341271.9,,
438318.47,341271.9,,
438528.3,341271.9,,
438738.2,341271.9,,
438948.03,341271.9,,
439157.9,341271.9,,
439367.78,341271.9,,
439577.62,341271.9,,
439787.5,341271.9,,
439997.38,341271.9,,
440207.22,341271.9,,
440417.1,341271.9,,
440626.94,341271.9,,
440836.8,341271.9,,
441046.7,341271.9,,
441256.53,341271.9,,
441466.4,341271.9,,
441676.25,341271.9,,
441886.12,341271.9,,
442096.0,341271.9,,
442305.84,341271.9,,
442515.72,341271.9,,
442725.6,341271.9,,
442935.44,341271.9,,
443145.3,341271.9,,
443355.16,341271.9,,
443565.03,341271.9,,
443774.9,341271.9,,
443984.75,341271.9,,
444194.62,341271.9,,
444404.47,341271.9,,
444614.34,341271.9,,
444824.22,341271.9,,
445034.06,341271.9,,
445243.94,341271.9,,
445453.8,341271.9,,
445663.66,341271.9,,
445873.53,341271.9,,
446083.38,341271.9,,
446293.25,341271.9,,
446503.12,341271.9,,
446712.97,341271.9,,
446922.84,341271.9,,
447132.7,341271.9,,
447342.56,341271.9,,
447552.44,341271.9,,
447762.28,341271.9,,
447972.16,341271.9,,
448182.03,341271.9,,
448391.88,341271.9,,
448601.75,341271.9,,
448811.6,341271.9,,
449021.47,341271.9,,
449231.34,341271.9,,
449441.2,341271.9,,
449651.06,341271.9,,
449860.9,341271.9,,
450070.78,341271.9,,
450280.66,341271.9,,
450490.5,341271.9,,
450700.38,341271.9,,
450910.25,341271.9,,
451120.1,341271.9,,
451329.97,341271.9,,
451539.8,341271.9,,
451749.7,341271.9,,
451959.56,341271.9,,
452169.4,341271.9,,
452379.28,341271.9,,
452589.12,341271.9,,
452799.0,341271.9,,
453008.88,341271.9,,
453218.72,341271.9,,
453428.6,341271.9,,
453638.47,341271.9,,
453848.3,341271.9,,
454058.2,341271.9,,
454268.03,341271.9,,
454477.9,341271.9,,
454687.78,341271.9,,
454897.62,341271.9,,
455107.5,341271.9,,
455317.34,341271.9,,
455527.22,341271.9,,
455737.1,341271.9,,
455946.94,341271.9,,
456156.8,341271.9,,
456366.7,341271.9,,
456576.53,341271.9,,
456786.4,341271.9,,
456996.25,341271.9,,
457206.12,341271.9,,
457416.0,341271.9,,
457625.84,341271.9,,
457835.72,341271.9,,
458045.6,341271.9,,
458255.44,341271.9,,
458465.3,341271.9,,
458675.16,341271.9,,
458885.03,341271.9,,
459094.9,341271.9,,
459304.75,341271.9,,
459514.62,341271.9,,
459724.47,341271.9,,
459934.34,341271.9,,
460144.22,341271.9,,
418381.47,341474.53,,
418591.34,341474.53,,
418801.2,341474.53,,
419011.06,341474.53,,
419220.94,341474.53,,
419430.78,341474.53,,
419640.66,341474.53,,
419850.5,341474.53,,
420060.38,341474.53,,
420270.25,341474.53,,
420480.1,341474.53,,
420689.97,341474.53,,
420899.84,341474.53,,
421109.7,341474.53,,
421319.56,341474.53,,
421529.4,341474.53,,
421739.28,341474.53,368.0,68.0
421949.16,341474.53,368.0,68.0
422159.0,341474.53,368.0,68.0
422368.88,341474.53,368.0,68.0
422578.72,341474.53,368.0,68.0
422788.6,341474.53,368.0,68.0
422998.47,341474.53,368.0,68.0
423208.3,341474.53,356.0,68.0
423418.2,341474.53,356.0,68.0
423628.06,341474.53,356.0,68.0
423837.9,341474.53,356.0,68.0
424047.78,341474.53,356.0,68.0
424257.62,341474.53,356.0,68.0
424467.5,341474.53,356.0,68.0
424677.38,341474.53,356.0,68.0
424887.22,341474.53,356.0,68.0
425097.1,341474.53,344.0,68.0
425306.94,341474.53,344.0,68.0
425516.8,341474.53,344.0,68.0
425726.7,341474.53,344.0,68.0
425936.53,341474.53,344.0,68.0
426146.4,341474.53,344.0,68.0
426356.28,341474.53,344.0,68.0
426566.12,341474.53,344.0,68.0
426776.0,341474.53,332.0,68.0
426985.84,341474.53,332.0,80.0
427195.72,341474.53,332.0,80.0
427405.6,341474.53,332.0,80.0
427615.44,341474.53,332.0,80.0
427825.3,341474.53,320.0,80.0
428035.16,341474.53,176.0,152.0
428245.03,341474.53,164.0,152.0
428454.9,341474.53,152.0,152.0
428664.75,341474.53,,
428874.62,341474.53,,
429084.5,341474.53,,
429294.34,341474.53,,
429504.22,341474.53,,
429714.06,341474.53,,
429923.94,341474.53,,
430133.8,341474.53,,
430343.66,341474.53,,
430553.53,341474.53,,
430763.38,341474.53,,
430973.25,341474.53,,
431183.12,341474.53,,
431392.97,341474.53,,
431602.84,341474.53,,
431812.72,341474.53,,
432022.56,341474.53,,
432232.44,341474.53,,
432442.28,341474.53,,
432652.16,341474.53,,
432862.03,341474.53,,
433071.88,341474.53,,
433281.75,341474.53,,
433491.6,341474.53,,
433701.47,341474.53,,
433911.34,341474.53,,
434121.2,341474.53,,
434331.06,341474.53,,
434540.94,341474.53,,
434750.78,341474.53,,
434960.66,341474.53,,
435170.5,341474.53,,
435380.38,341474.53,,
435590.25,341474.53,,
435800.1,341474.53,,
436009.97,341474.53,,
436219.8,341474.53,,
436429.7,341474.53,,
436639.56,341474.53,,
436849.4,341474.53,,
437059.28,341474.53,,
437269.16,341474.53,,
437479.0,341474.53,,
437688.88,341474.53,,
437898.72,341474.53,,
438108.6,341474.53,,
438318.47,341474.53,,
438528.3,341474.53,,
438738.2,341474.53,,
438948.03,341474.53,,
439157.9,341474.53,,
439367.78,341474.53,,
439577.62,341474.53,,
439787.5,341474.53,,
439997.38,341474.53,,
440207.22,341474.53,,
440417.1,341474.53,,
440626.94,341474.53,,
440836.8,341474.53,,
441046.7,341474.53,,
441256.53,341474.53,,
441466.4,341474.53,,
441676.25,341474.53,,
441886.12,341474.53,,
442096.0,341474.53,,
442305.84,341474.53,,
442515.72,341474.53,,
442725.6,341474.53,,
442935.44,341474.53,,
443145.3,341474.53,,
443355.16,341474.53,,
443565.03,341474.53,,
443774.9,341474.53,,
443984.75,341474.53,,
444194.62,341474.53,,
444404.47,341474.53,,
444614.34,341474.53,,
444824.22,341474.53,,
445034.06,341474.53,,
445243.94,341474.53,,
445453.8,341474.53,,
445663.66,341474.53,,
445873.53,341474.53,,
446083.38,341474.53,,
446293.25,341474.53,,
446503.12,341474.53,,
446712.97,341474.53,,
446922.84,341474.53,,
447132.7,341474.53,,
447342.56,341474.53,,
447552.44,341474.53,,
447762.28,341474.53,,
447972.16,341474.53,,
448182.03,341474.53,,
448391.88,341474.53,,
448601.75,341474.53,,
448811.6,341474.53,,
449021.47,341474.53,,
449231.34,341474.53,,
449441.2,341474.53,,
449651.06,341474.53,,
449860.9,341474.53,,
450070.78,341474.53,,
450280.66,341474.53,,
450490.5,341474.53,,
450700.38,341474.53,,
450910.25,341474.53,,
451120.1,341474.53,,
451329.97,341474.53,,
451539.8,341474.53,,
451749.7,341474.53,,
451959.56,341474.53,,
452169.4,341474.53,,
452379.28,341474.53,,
452589.12,341474.53,,
452799.0,341474.53,,
453008.88,341474.53,,
453218.72,341474.53,,
453428.6,341474.53,,
453638.47,341474.53,,
453848.3,341474.53,,
454058.2,341474.53,,
454268.03,341474.53,,
454477.9,341474.53,,
454687.78,341474.53,,
454897.62,341474.53,,
455107.5,341474.53,,
455317.34,341474.53,,
455527.22,341474.53,,
455737.1,341474.53,,
455946.94,341474.53,,
456156.8,341474.53,,
456366.7,341474.53,,
456576.53,341474.53,,
456786.4,341474.53,,
456996.25,341474.53,,
457206.12,341474.53,,
457416.0,341474.53,,
457625.84,341474.53,,
457835.72,341474.53,,
458045.6,341474.53,,
458255.44,341474.53,,
458465.3,341474.53,,
458675.16,341474.53,,
458885.03,341474.53,,
459094.9,341474.53,,
459304.75,341474.53,,
459514.62,341474.53,,
459724.47,341474.53,,
459934.34,341474.53,,
460144.22,341474.53,,
418381.47,341677.12,,
418591.34,341677.12,,
418801.2,341677.12,,
419011.06,341677.12,,
419220.94,341677.12,,
419430.78,341677.12,,
419640.66,341677.12,,
419850.5,341677.12,,
420060.38,341677.12,,
420270.25,341677.12,,
420480.1,341677.12,,
420689.97,341677.12,,
420899.84,341677.12,,
421109.7,341677.12,,
421319.56,341677.12,,
421529.4,341677.12,,
421739.28,341677.12,368.0,68.0
421949.16,341677.12,368.0,68.0
422159.0,341677.12,368.0,68.0
422368.88,341677.12,368.0,68.0
422578.72,341677.12,368.0,68.0
422788.6,341677.12,368.0,68.0
422998.47,341677.12,368.0,68.0
423208.3,341677.12,368.0,68.0
423418.2,341677.12,356.0,68.0
423628.06,341677.12,356.0,68.0
423837.9,341677.12,356.0,68.0
424047.78,341677.12,356.0,68.0
424257.62,341677.12,356.0,68.0
424467.5,341677.12,356.0,68.0
424677.38,341677.12,356.0,68.0
424887.22,341677.12,356.0,68.0
425097.1,341677.12,356.0,68.0
425306.94,341677.12,344.0,68.0
425516.8,341677.12,344.0,68.0
425726.7,341677.12,344.0,68.0
425936.53,341677.12,344.0,68.0
426146.4,341677.12,344.0,68.0
426356.28,341677.12,344.0,68.0
426566.12,341677.12,344.0,68.0
426776.0,341677.12,332.0,68.0
426985.84,341677.12,332.0,68.0
427195.72,341677.12,332.0,80.0
427405.6,341677.12,332.0,80.0
427615.44,341677.12,332.0,80.0
427825.3,341677.12,320.0,80.0
428035.16,341677.12,176.0,152.0
428245.03,341677.12,176.0,152.0
428454.9,341677.12,164.0,152.0
428664.75,341677.12,152.0,152.0
428874.62,341677.12,,
429084.5,341677.12,,
429294.34,341677.12,,
429504.22,341677.12,,
429714.06,341677.12,,
429923.94,341677.12,,
430133.8,341677.12,,
430343.66,341677.12,,
430553.53,341677.12,,
430763.38,341677.12,,
430973.25,341677.12,,
431183.12,341677.12,,
431392.97,341677.12,,
431602.84,341677.12,,
431812.72,341677.12,,
432022.56,341677.12,,
432232.44,341677.12,,
432442.28,341677.12,,
432652.16,341677.12,,
432862.03,341677.12,,
433071.88,341677.12,,
433281.75,341677.12,,
433491.6,341677.12,,
433701.47,341677.12,,
433911.34,341677.12,,
434121.2,341677.12,,
434331.06,341677.12,,
434540.94,341677.12,,
434750.78,341677.12,,
434960.66,341677.12,,
435170.5,341677.12,,
435380.38,341677.12,,
435590.25,341677.12,,
435800.1,341677.12,,
436009.97,341677.12,,
436219.8,341677.12,,
436429.7,341677.12,,
436639.56,341677.12,,
436849.4,341677.12,,
437059.28,341677.12,,
437269.16,341677.12,,
437479.0,341677.12,,
437688.88,341677.12,,
437898.72,341677.12,,
438108.6,341677.12,,
438318.47,341677.12,,
438528.3,341677.12,,
438738.2,341677.12,,
438948.03,341677.12,,
439157.9,341677.12,,
439367.78,341677.12,,
439577.62,341677.12,,
439787.5,341677.12,,
439997.38,341677.12,,
440207.22,341677.12,,
440417.1,341677.12,,
440626.94,341677.12,,
440836.8,341677.12,,
441046.7,341677.12,,
441256.53,341677.12,,
441466.4,341677.12,,
441676.25,341677.12,,
441886.12,341677.12,,
442096.0,341677.12,,
442305.84,341677.12,,
442515.72,341677.12,,
442725.6,341677.12,,
442935.44,341677.12,,
443145.3,341677.12,,
443355.16,341677.12,,
443565.03,341677.12,,
443774.9,341677.12,,
443984.75,341677.12,,
444194.62,341677.12,,
444404.47,341677.12,,
444614.34,341677.12,,
444824.22,341677.12,,
445034.06,341677.12,,
445243.94,341677.12,,
445453.8,341677.12,,
445663.66,341677.12,,
445873.53,341677.12,,
446083.38,341677.12,,
446293.25,341677.12,,
446503.12,341677.12,,
446712.97,341677.12,,
446922.84,341677.12,,
447132.7,341677.12,,
447342.56,341677.12,,
447552.44,341677.12,,
447762.28,341677.12,,
447972.16,341677.12,,
448182.03,341677.12,,
448391.88,341677.12,,
448601.75,341677.12,,
448811.6,341677.12,,
449021.47,341677.12,,
449231.34,341677.12,,
449441.2,341677.12,,
449651.06,341677.12,,
449860.9,341677.12,,
450070.78,341677.12,,
450280.66,341677.12,,
450490.5,341677.12,,
450700.38,341677.12,,
450910.25,341677.12,,
451120.1,341677.12,,
451329.97,341677.12,,
451539.8,341677.12,,
451749.7,341677.12,,
451959.56,341677.12,,
452169.4,341677.12,,
452379.28,341677.12,,
452589.12,341677.12,,
452799.0,341677.12,,
453008.88,341677.12,,
453218.72,341677.12,,
453428.6,341677.12,,
453638.47,341677.12,,
453848.3,341677.12,,
454058.2,341677.12,,
454268.03,341677.12,,
454477.9,341677.12,,
454687.78,341677.12,,
454897.62,341677.12,,
455107.5,341677.12,,
455317.34,341677.12,,
455527.22,341677.12,,
455737.1,341677.12,,
455946.94,341677.12,,
456156.8,341677.12,,
456366.7,341677.12,,
456576.53,341677.12,,
456786.4,341677.12,,
456996.25,341677.12,,
457206.12,341677.12,,
457416.0,341677.12,,
457625.84,341677.12,,
457835.72,341677.12,,
458045.6,341677.12,,
458255.44,341677.12,,
458465.3,341677.12,,
458675.16,341677.12,,
458885.03,341677.12,,
459094.9,341677.12,,
459304.75,341677.12,,
459514.62,341677.12,,
459724.47,341677.12,,
459934.34,341677.12,,
460144.22,341677.12,,
418381.47,341879.75,,
418591.34,341879.75,,
418801.2,341879.75,,
419011.06,341879.75,,
419220.94,341879.75,,
419430.78,341879.75,,
419640.66,341879.75,,
419850.5,341879.75,,
420060.38,341879.75,,
420270.25,341879.75,,
420480.1,341879.75,,
420689.97,341879.75,,
420899.84,341879.75,,
421109.7,341879.75,,
421319.56,341879.75,,
421529.4,341879.75,380.0,68.0
421739.28,341879.75,380.0,68.0
421949.16,341879.75,368.0,68.0
422159.0,341879.75,368.0,68.0
422368.88,341879.75,368.0,68.0
422578.72,341879.75,368.0,68.0
422788.6,341879.75,368.0,68.0
422998.47,341879.75,368.0,68.0
423208.3,341879.75,368.0,68.0
423418.2,341879.75,368.0,68.0
423628.06,341879.75,356.0,68.0
423837.9,341879.75,356.0,68.0
424047.78,341879.75,356.0,68.0
424257.62,341879.75,356.0,68.0
424467.5,341879.75,356.0,68.0
424677.38,341879.75,356.0,68.0
424887.22,341879.75,356.0,68.0
425097.1,341879.75,356.0,68.0
425306.94,341879.75,356.0,68.0
425516.8,341879.75,344.0,68.0
425726.7,341879.75,344.0,68.0
425936.53,341879.75,344.0,68.0
426146.4,341879.75,344.0,68.0
426356.28,341879.75,344.0,68.0
426566.12,341879.75,344.0,68.0
426776.0,341879.75,344.0,68.0
426985.84,341879.75,332.0,68.0
427195.72,341879.75,332.0,80.0
427405.6,341879.75,332.0,80.0
427615.44,341879.75,332.0,80.0
427825.3,341879.75,332.0,80.0
428035.16,341879.75,176.0,152.0
428245.03,341879.75,176.0,152.0
428454.9,341879.75,176.0,152.0
428664.75,341879.75,164.0,152.0
428874.62,341879.75,,
429084.5,341879.75,,
429294.34,341879.75,,
429504.22,341879.75,,
429714.06,341879.75,,
429923.94,341879.75,,
430133.8,341879.75,,
430343.66,341879.75,,
430553.53,341879.75,,
430763.38,341879.75,,
430973.25,341879.75,,
431183.12,341879.75,,
431392.97,341879.75,,
431602.84,341879.75,,
431812.72,341879.75,,
432022.56,341879.75,,
432232.44,341879.75,,
432442.28,341879.75,,
432652.16,341879.75,,
432862.03,341879.75,,
433071.88,341879.75,,
433281.75,341879.75,,
433491.6,341879.75,,
433701.47,341879.75,,
433911.34,341879.75,,
434121.2,341879.75,,
434331.06,341879.75,,
434540.94,341879.75,,
434750.78,341879.75,,
434960.66,341879.75,,
435170.5,341879.75,,
435380.38,341879.75,,
435590.25,341879.75,,
435800.1,341879.75,,
436009.97,341879.75,,
436219.8,341879.75,,
436429.7,341879.75,,
436639.56,341879.75,,
436849.4,341879.75,,
437059.28,341879.75,,
437269.16,341879.75,,
437479.0,341879.75,,
437688.88,341879.75,,
437898.72,341879.75,,
438108.6,341879.75,,
438318.47,341879.75,,
438528.3,341879.75,,
438738.2,341879.75,,
438948.03,341879.75,,
439157.9,341879.75,,
439367.78,341879.75,,
439577.62,341879.75,,
439787.5,341879.75,,
439997.38,341879.75,,
440207.22,341879.75,,
440417.1,341879.75,,
440626.94,341879.75,,
440836.8,341879.75,,
441046.7,341879.75,,
441256.53,341879.75,,
441466.4,341879.75,,
441676.25,341879.75,,
441886.12,341879.75,,
442096.0,341879.75,,
442305.84,341879.75,,
442515.72,341879.75,,
442725.6,341879.75,,
442935.44,341879.75,,
443145.3,341879.75,,
443355.16,341879.75,,
443565.03,341879.75,,
443774.9,341879.75,,
443984.75,341879.75,,
444194.62,341879.75,,
444404.47,341879.75,,
444614.34,341879.75,,
444824.22,341879.75,,
445034.06,341879.75,,
445243.94,341879.75,,
445453.8,341879.75,,
445663.66,341879.75,,
445873.53,341879.75,,
446083.38,341879.75,,
446293.25,341879.75,,
446503.12,341879.75,,
446712.97,341879.75,,
446922.84,341879.75,,
447132.7,341879.75,,
447342.56,341879.75,,
447552.44,341879.75,,
447762.28,341879.75,,
447972.16,341879.75,,
448182.03,341879.75,,
448391.88,341879.75,,
448601.75,341879.75,,
448811.6,341879.75,,
449021.47,341879.75,,
449231.34,341879.75,,
449441.2,341879.75,,
449651.06,341879.75,,
449860.9,341879.75,,
450070.78,341879.75,,
450280.66,341879.75,,
450490.5,341879.75,,
450700.38,341879.75,,
450910.25,341879.75,,
451120.1,341879.75,,
451329.97,341879.75,,
451539.8,341879.75,,
451749.7,341879.75,,
451959.56,341879.75,,
452169.4,341879.75,,
452379.28,341879.75,,
452589.12,341879.75,,
452799.0,341879.75,,
453008.88,341879.75,,
453218.72,341879.75,,
453428.6,341879.75,,
453638.47,341879.75,,
453848.3,341879.75,,
454058.2,341879.75,,
454268.03,341879.75,,
454477.9,341879.75,,
454687.78,341879.75,,
454897.62,341879.75,,
455107.5,341879.75,,
455317.34,341879.75,,
455527.22,341879.75,,
455737.1,341879.75,,
455946.94,341879.75,,
456156.8,341879.75,,
456366.7,341879.75,,
456576.53,341879.75,,
456786.4,341879.75,,
456996.25,341879.75,,
457206.12,341879.75,,
457416.0,341879.75,,
457625.84,341879.75,-16.0,-28.0
457835.72,341879.75,,
458045.6,341879.75,,
458255.44,341879.75,,
458465.3,341879.75,,
458675.16,341879.75,,
458885.03,341879.75,,
459094.9,341879.75,,
459304.75,341879.75,,
459514.62,341879.75,,
459724.47,341879.75,,
459934.34,341879.75,,
460144.22,341879.75,,
418381.47,342082.38,,
418591.34,342082.38,,
418801.2,342082.38,,
419011.06,342082.38,,
419220.94,342082.38,,
419430.78,342082.38,,
419640.66,342082.38,,
419850.5,342082.38,,
420060.38,342082.38,,
420270.25,342082.38,,
420480.1,342082.38,,
420689.97,342082.38,,
420899.84,342082.38,,
421109.7,342082.38,,
421319.56,342082.38,,
421529.4,342082.38,380.0,68.0
421739.28,342082.38,380.0,68.0
421949.16,342082.38,380.0,68.0
422159.0,342082.38,368.0,68.0
422368.88,342082.38,368.0,68.0
422578.72,342082.38,368.0,68.0
422788.6,342082.38,368.0,68.0
422998.47,342082.38,368.0,68.0
423208.3,342082.38,368.0,68.0
423418.2,342082.38,368.0,68.0
423628.06,342082.38,368.0,68.0
423837.9,342082.38,356.0,68.0
424047.78,342082.38,356.0,68.0
424257.62,342082.38,356.0,68.0
424467.5,342082.38,356.0,68.0
424677.38,342082.38,356.0,68.0
424887.22,342082.38,356.0,68.0
425097.1,342082.38,356.0,68.0
425306.94,342082.38,356.0,68.0
425516.8,342082.38,356.0,68.0
425726.7,342082.38,344.0,68.0
425936.53,342082.38,344.0,68.0
426146.4,342082.38,344.0,68.0
426356.28,342082.38,344.0,68.0
426566.12,342082.38,344.0,68.0
426776.0,342082.38,344.0,68.0
426985.84,342082.38,344.0,68.0
427195.72,342082.38,332.0,80.0
427405.6,342082.38,332.0,80.0
427615.44,342082.38,332.0,80.0
427825.3,342082.38,176.0,152.0
428035.16,342082.38,176.0,152.0
428245.03,342082.38,176.0,152.0
428454.9,342082.38,176.0,152.0
428664.75,342082.38,164.0,152.0
428874.62,342082.38,152.0,152.0
429084.5,342082.38,,
429294.34,342082.38,,
429504.22,342082.38,,
429714.06,342082.38,,
429923.94,342082.38,,
430133.8,342082.38,,
430343.66,342082.38,,
430553.53,342082.38,,
430763.38,342082.38,,
430973.25,342082.38,,
431183.12,342082.38,,
431392.97,342082.38,,
431602.84,342082.38,,
431812.72,342082.38,,
432022.56,342082.38,,
432232.44,342082.38,,
432442.28,342082.38,,
432652.16,342082.38,,
432862.03,342082.38,,
433071.88,342082.38,,
433281.75,342082.38,,
433491.6,342082.38,,
433701.47,342082.38,,
433911.34,342082.38,,
434121.2,342082.38,,
434331.06,342082.38,,
434540.94,342082.38,,
434750.78,342082.38,176.0,-4.0
434960.66,342082.38,,
435170.5,342082.38,,
435380.38,342082.38,,
435590.25,342082.38,,
435800.1,342082.38,,
436009.97,342082.38,,
436219.8,342082.38,,
436429.7,342082.38,,
436639.56,342082.38,,
436849.4,342082.38,,
437059.28,342082.38,,
437269.16,342082.38,,
437479.0,342082.38,,
437688.88,342082.38,,
437898.72,342082.38,,
438108.6,342082.38,,
438318.47,342082.38,,
438528.3,342082.38,,
438738.2,342082.38,,
438948.03,342082.38,,
439157.9,342082.38,,
439367.78,342082.38,,
439577.62,342082.38,,
439787.5,342082.38,,
439997.38,342082.38,,
440207.22,342082.38,,
440417.1,342082.38,,
440626.94,342082.38,,
440836.8,342082.38,,
441046.7,342082.38,,
441256.53,342082.38,,
441466.4,342082.38,,
441676.25,342082.38,,
441886.12,342082.38,,
442096.0,342082.38,,
442305.84,342082.38,,
442515.72,342082.38,,
442725.6,342082.38,,
442935.44,342082.38,,
443145.3,342082.38,,
443355.16,342082.38,,
443565.03,342082.38,,
443774.9,342082.38,,
443984.75,342082.38,,
444194.62,342082.38,,
444404.47,342082.38,,
444614.34,342082.38,,
444824.22,342082.38,,
445034.06,342082.38,,
445243.94,342082.38,,
445453.8,342082.38,,
445663.66,342082.38,,
445873.53,342082.38,,
446083.38,342082.38,,
446293.25,342082.38,,
446503.12,342082.38,,
446712.97,342082.38,,
446922.84,342082.38,,
447132.7,342082.38,,
447342.56,342082.38,,
447552.44,342082.38,,
447762.28,342082.38,,
447972.16,342082.38,,
448182.03,342082.38,,
448391.88,342082.38,,
448601.75,342082.38,,
448811.6,342082.38,,
449021.47,342082.38,,
449231.34,342082.38,,
449441.2,342082.38,,
449651.06,342082.38,,
449860.9,342082.38,,
450070.78,342082.38,,
450280.66,342082.38,,
450490.5,342082.38,,
450700.38,342082.38,,
450910.25,342082.38,,
451120.1,342082.38,,
451329.97,342082.38,,
451539.8,342082.38,,
451749.7,342082.38,,
451959.56,342082.38,,
452169.4,342082.38,,
452379.28,342082.38,,
452589.12,342082.38,,
452799.0,342082.38,,
453008.88,342082.38,,
453218.72,342082.38,,
453428.6,342082.38,,
453638.47,342082.38,,
453848.3,342082.38,,
454058.2,342082.38,,
454268.03,342082.38,,
454477.9,342082.38,,
454687.78,342082.38,,
454897.62,342082.38,,
455107.5,342082.38,,
455317.34,342082.38,,
455527.22,342082.38,,
455737.1,342082.38,,
455946.94,342082.38,,
456156.8,342082.38,,
456366.7,342082.38,,
456576.53,342082.38,,
456786.4,342082.38,,
456996.25,342082.38,,
457206.12,342082.38,,
457416.0,342082.38,-4.0,-40.0
457625.84,342082.38,-4.0,-28.0
457835.72,342082.38,-16.0,-28.0
458045.6,342082.38,-16.0,-16.0
458255.44,342082.38,,
458465.3,342082.38,,
458675.16,342082.38,,
458885.03,342082.38,,
459094.9,342082.38,,
459304.75,342082.38,,
459514.62,342082.38,,
459724.47,342082.38,,
459934.34,342082.38,,
460144.22,342082.38,,
418381.47,342285.0,440.0,248.0
418591.34,342285.0,,
418801.2,342285.0,,
419011.06,342285.0,,
419220.94,342285.0,,
419430.78,342285.0,,
419640.66,342285.0,,
419850.5,342285.0,,
420060.38,342285.0,,
420270.25,342285.0,,
420480.1,342285.0,,
420689.97,342285.0,,
420899.84,342285.0,,
421109.7,342285.0,,
421319.56,342285.0,380.0,68.0
421529.4,342285.0,380.0,68.0
421739.28,342285.0,380.0,68.0
421949.16,342285.0,380.0,68.0
422159.0,342285.0,380.0,68.0
422368.88,342285.0,368.0,68.0
422578.72,342285.0,368.0,68.0
422788.6,342285.0,368.0,68.0
422998.47,342285.0,368.0,68.0
423208.3,342285.0,368.0,68.0
423418.2,342285.0,368.0,68.0
423628.06,342285.0,368.0,68.0
423837.9,342285.0,368.0,68.0
424047.78,342285.0,356.0,68.0
424257.62,342285.0,356.0,68.0
424467.5,342285.0,356.0,68.0
424677.38,342285.0,356.0,68.0
424887.22,342285.0,356.0,68.0
425097.1,342285.0,356.0,68.0
425306.94,342285.0,356.0,68.0
425516.8,342285.0,356.0,68.0
425726.7,342285.0,356.0,68.0
425936.53,342285.0,344.0,68.0
426146.4,342285.0,344.0,68.0
426356.28,342285.0,344.0,68.0
426566.12,342285.0,344.0,68.0
426776.0,342285.0,344.0,68.0
426985.84,342285.0,344.0,68.0
427195.72,342285.0,332.0,68.0
427405.6,342285.0,332.0,80.0
427615.44,342285.0,332.0,80.0
427825.3,342285.0,176.0,140.0
428035.16,342285.0,176.0,140.0
428245.03,342285.0,176.0,152.0
428454.9,342285.0,176.0,152.0
428664.75,342285.0,176.0,152.0
428874.62,342285.0,164.0,152.0
429084.5,342285.0,152.0,152.0
429294.34,342285.0,,
429504.22,342285.0,,
429714.06,342285.0,,
429923.94,342285.0,,
430133.8,342285.0,,
430343.66,342285.0,,
430553.53,342285.0,,
430763.38,342285.0,,
430973.25,342285.0,,
431183.12,342285.0,,
431392.97,342285.0,,
431602.84,342285.0,,
431812.72,342285.0,,
432022.56,342285.0,,
432232.44,342285.0,,
432442.28,342285.0,,
432652.16,342285.0,,
432862.03,342285.0,,
433071.88,342285.0,,
433281.75,342285.0,,
433491.6,342285.0,,
433701.47,342285.0,,
433911.34,342285.0,,
434121.2,342285.0,,
434331.06,342285.0,,
434540.94,342285.0,188.0,-4.0
434750.78,342285.0,176.0,-4.0
434960.66,342285.0,,
435170.5,342285.0,,
435380.38,342285.0,,
435590.25,342285.0,,
435800.1,342285.0,,
436009.97,342285.0,,
436219.8,342285.0,,
436429.7,342285.0,,
436639.56,342285.0,,
436849.4,342285.0,,
437059.28,342285.0,,
437269.16,342285.0,,
437479.0,342285.0,,
437688.88,342285.0,,
437898.72,342285.0,,
438108.6,342285.0,,
438318.47,342285.0,,
438528.3,342285.0,,
438738.2,342285.0,,
438948.03,342285.0,,
439157.9,342285.0,,
439367.78,342285.0,,
439577.62,342285.0,,
439787.5,342285.0,,
439997.38,342285.0,,
440207.22,342285.0,,
440417.1,342285.0,,
440626.94,342285.0,,
440836.8,342285.0,,
441046.7,342285.0,,
441256.53,342285.0,,
441466.4,342285.0,,
441676.25,342285.0,,
441886.12,342285.0,,
442096.0,342285.0,,
442305.84,342285.0,,
442515.72,342285.0,,
442725.6,342285.0,,
442935.44,342285.0,,
443145.3,342285.0,,
443355.16,342285.0,,
443565.03,342285.0,,
443774.9,342285.0,,
443984.75,342285.0,,
444194.62,342285.0,,
444404.47,342285.0,,
444614.34,342285.0,,
444824.22,342285.0,,
445034.06,342285.0,,
445243.94,342285.0,,
445453.8,342285.0,,
445663.66,342285.0,,
445873.53,342285.0,,
446083.38,342285.0,,
446293.25,342285.0,,
446503.12,342285.0,,
446712.97,342285.0,,
446922.84,342285.0,,
447132.7,342285.0,,
447342.56,342285.0,,
447552.44,342285.0,,
447762.28,342285.0,,
447972.16,342285.0,,
448182.03,342285.0,,
448391.88,342285.0,,
448601.75,342285.0,,
448811.6,342285.0,,
449021.47,342285.0,,
449231.34,342285.0,,
449441.2,342285.0,,
449651.06,342285.0,,
449860.9,342285.0,,
450070.78,342285.0,,
450280.66,342285.0,,
450490.5,342285.0,,
450700.38,342285.0,,
450910.25,342285.0,,
451120.1,342285.0,,
451329.97,342285.0,,
451539.8,342285.0,,
451749.7,342285.0,,
451959.56,342285.0,,
452169.4,342285.0,,
452379.28,342285.0,,
452589.12,342285.0,,
452799.0,342285.0,,
453008.88,342285.0,,
453218.72,342285.0,,
453428.6,342285.0,,
453638.47,342285.0,,
453848.3,342285.0,,
454058.2,342285.0,,
454268.03,342285.0,,
454477.9,342285.0,,
454687.78,342285.0,,
454897.62,342285.0,,
455107.5,342285.0,,
455317.34,342285.0,,
455527.22,342285.0,,
455737.1,342285.0,,
455946.94,342285.0,,
456156.8,342285.0,,
456366.7,342285.0,,
456576.53,342285.0,,
456786.4,342285.0,,
456996.25,342285.0,,
457206.12,342285.0,,
457416.0,342285.0,-4.0,-40.0
457625.84,342285.0,-4.0,-40.0
457835.72,342285.0,-4.0,-40.0
458045.6,342285.0,-4.0,-28.0
458255.44,342285.0,-16.0,-28.0
458465.3,342285.0,,
458675.16,342285.0,,
458885.03,342285.0,,
459094.9,342285.0,,
459304.75,342285.0,,
459514.62,342285.0,,
459724.47,342285.0,,
459934.34,342285.0,,
460144.22,342285.0,,
418381.47,342487.6,440.0,248.0
418591.34,342487.6,440.0,248.0
418801.2,342487.6,440.0,248.0
419011.06,342487.6,,
419220.94,342487.6,,
419430.78,342487.6,,
419640.66,342487.6,,
419850.5,342487.6,,
420060.38,342487.6,,
420270.25,342487.6,,
420480.1,342487.6,,
420689.97,342487.6,,
420899.84,342487.6,,
421109.7,342487.6,,
421319.56,342487.6,380.0,68.0
421529.4,342487.6,380.0,68.0
421739.28,342487.6,380.0,68.0
421949.16,342487.6,380.0,68.0
422159.0,342487.6,380.0,68.0
422368.88,342487.6,380.0,68.0
422578.72,342487.6,368.0,68.0
422788.6,342487.6,368.0,68.0
422998.47,342487.6,368.0,68.0
423208.3,342487.6,368.0,68.0
423418.2,342487.6,368.0,68.0
423628.06,342487.6,368.0,68.0
423837.9,342487.6,368.0,68.0
424047.78,342487.6,368.0,68.0
424257.62,342487.6,356.0,68.0
424467.5,342487.6,356.0,68.0
424677.38,342487.6,356.0,68.0
424887.22,342487.6,356.0,68.0
425097.1,342487.6,356.0,68.0
425306.94,342487.6,356.0,68.0
425516.8,342487.6,356.0,68.0
425726.7,342487.6,356.0,68.0
425936.53,342487.6,356.0,68.0
426146.4,342487.6,344.0,68.0
426356.28,342487.6,344.0,68.0
426566.12,342487.6,344.0,68.0
426776.0,342487.6,344.0,68.0
426985.84,342487.6,344.0,68.0
427195.72,342487.6,344.0,68.0
427405.6,342487.6,332.0,80.0
427615.44,342487.6,332.0,80.0
427825.3,342487.6,176.0,140.0
428035.16,342487.6,176.0,140.0
428245.03,342487.6,176.0,152.0
428454.9,342487.6,176.0,152.0
428664.75,342487.6,176.0,152.0
428874.62,342487.6,164.0,152.0
429084.5,342487.6,164.0,152.0
429294.34,342487.6,,
429504.22,342487.6,,
429714.06,342487.6,,
429923.94,342487.6,,
430133.8,342487.6,,
430343.66,342487.6,,
430553.53,342487.6,,
430763.38,342487.6,,
430973.25,342487.6,,
431183.12,342487.6,,
431392.97,342487.6,,
431602.84,342487.6,,
431812.72,342487.6,,
432022.56,342487.6,,
432232.44,342487.6,,
432442.28,342487.6,,
432652.16,342487.6,,
432862.03,342487.6,,
433071.88,342487.6,,
433281.75,342487.6,,
433491.6,342487.6,,
433701.47,342487.6,,
433911.34,342487.6,,
434121.2,342487.6,,
434331.06,342487.6,188.0,-4.0
434540.94,342487.6,188.0,-4.0
434750.78,342487.6,188.0,-4.0
434960.66,342487.6,,
435170.5,342487.6,,
435380.38,342487.6,,
435590.25,342487.6,,
435800.1,342487.6,,
436009.97,342487.6,,
436219.8,342487.6,,
436429.7,342487.6,,
436639.56,342487.6,,
436849.4,342487.6,,
437059.28,342487.6,,
437269.16,342487.6,,
437479.0,342487.6,,
437688.88,342487.6,,
437898.72,342487.6,,
438108.6,342487.6,,
438318.47,342487.6,,
438528.3,342487.6,,
438738.2,342487.6,,
438948.03,342487.6,,
439157.9,342487.6,,
439367.78,342487.6,,
439577.62,342487.6,,
439787.5,342487.6,,
439997.38,342487.6,,
440207.22,342487.6,,
440417.1,342487.6,,
440626.94,342487.6,,
440836.8,342487.6,,
441046.7,342487.6,,
441256.53,342487.6,,
441466.4,342487.6,,
441676.25,342487.6,,
441886.12,342487.6,,
442096.0,342487.6,,
442305.84,342487.6,,
442515.72,342487.6,,
442725.6,342487.6,,
442935.44,342487.6,,
443145.3,342487.6,,
443355.16,342487.6,,
443565.03,342487.6,,
443774.9,342487.6,,
443984.75,342487.6,,
444194.62,342487.6,,
444404.47,342487.6,,
444614.34,342487.6,,
444824.22,342487.6,,
445034.06,342487.6,,
445243.94,342487.6,,
445453.8,342487.6,,
445663.66,342487.6,,
445873.53,342487.6,,
446083.38,342487.6,,
446293.25,342487.6,,
446503.12,342487.6,,
446712.97,342487.6,,
446922.84,342487.6,,
447132.7,342487.6,,
447342.56,342487.6,,
447552.44,342487.6,,
447762.28,342487.6,,
447972.16,342487.6,,
448182.03,342487.6,,
448391.88,342487.6,,
448601.75,342487.6,,
448811.6,342487.6,,
449021.47,342487.6,,
449231.34,342487.6,,
449441.2,342487.6,,
449651.06,342487.6,,
449860.9,342487.6,,
450070.78,342487.6,,
450280.66,342487.6,,
450490.5,342487.6,,
450700.38,342487.6,,
450910.25,342487.6,,
451120.1,342487.6,,
451329.97,342487.6,,
451539.8,342487.6,,
451749.7,342487.6,,
451959.56,342487.6,,
452169.4,342487.6,,
452379.28,342487.6,,
452589.12,342487.6,,
452799.0,342487.6,,
453008.88,342487.6,,
453218.72,342487.6,,
453428.6,342487.6,,
453638.47,342487.6,,
453848.3,342487.6,,
454058.2,342487.6,,
454268.03,342487.6,,
454477.9,342487.6,,
454687.78,342487.6,,
454897.62,342487.6,,
455107.5,342487.6,,
455317.34,342487.6,,
455527.22,342487.6,,
455737.1,342487.6,,
455946.94,342487.6,,
456156.8,342487.6,,
456366.7,342487.6,,
456576.53,342487.6,,
456786.4,342487.6,,
456996.25,342487.6,,
457206.12,342487.6,8.0,-52.0
457416.0,342487.6,8.0,-52.0
457625.84,342487.6,8.0,-40.0
457835.72,342487.6,-4.0,-40.0
458045.6,342487.6,-4.0,-40.0
458255.44,342487.6,-4.0,-28.0
458465.3,342487.6,-16.0,-28.0
458675.16,342487.6,-28.0,-28.0
458885.03,342487.6,,
459094.9,342487.6,,
459304.75,342487.6,,
459514.62,342487.6,,
459724.47,342487.6,,
459934.34,342487.6,,
460144.22,342487.6,,
418381.47,342690.22,440.0,248.0
418591.34,342690.22,440.0,248.0
418801.2,342690.22,440.0,248.0
419011.06,342690.22,440.0,248.0
419220.94,342690.22,440.0,248.0
419430.78,342690.22,,
419640.66,342690.22,,
419850.5,342690.22,,
420060.38,342690.22,,
420270.25,342690.22,,
420480.1,342690.22,,
420689.97,342690.22,,
420899.84,342690.22,,
421109.7,342690.22,380.0,68.0
421319.56,342690.22,380.0,68.0
421529.4,342690.22,380.0,68.0
421739.28,342690.22,380.0,68.0
421949.16,342690.22,380.0,68.0
422159.0,342690.22,380.0,68.0
422368.88,342690.22,380.0,68.0
422578.72,342690.22,368.0,68.0
422788.6,342690.22,368.0,68.0
422998.47,342690.22,368.0,68.0
423208.3,342690.22,368.0,68.0
423418.2,342690.22,368.0,68.0
423628.06,342690.22,368.0,68.0
423837.9,342690.22,368.0,68.0
424047.78,342690.22,368.0,68.0
424257.62,342690.22,356.0,68.0
424467.5,342690.22,356.0,68.0
424677.38,342690.22,356.0,68.0
424887.22,342690.22,356.0,68.0
425097.1,342690.22,356.0,68.0
425306.94,342690.22,356.0,68.0
425516.8,342690.22,356.0,68.0
425726.7,342690.22,356.0,68.0
425936.53,342690.22,356.0,68.0
426146.4,342690.22,356.0,68.0
426356.28,342690.22,344.0,68.0
426566.12,342690.22,344.0,68.0
426776.0,342690.22,344.0,68.0
426985.84,342690.22,344.0,68.0
427195.72,342690.22,344.0,68.0
427405.6,342690.22,332.0,68.0
427615.44,342690.22,356.0,56.0
427825.3,342690.22,188.0,140.0
428035.16,342690.22,176.0,140.0
428245.03,342690.22,176.0,140.0
428454.9,342690.22,176.0,152.0
428664.75,342690.22,176.0,152.0
428874.62,342690.22,176.0,152.0
429084.5,342690.22,164.0,152.0
429294.34,342690.22,152.0,152.0
429504.22,342690.22,,
429714.06,342690.22,,
429923.94,342690.22,,
430133.8,342690.22,,
430343.66,342690.22,,
430553.53,342690.22,,
430763.38,342690.22,,
430973.25,342690.22,,
431183.12,342690.22,,
431392.97,342690.22,,
431602.84,342690.22,,
431812.72,342690.22,,
432022.56,342690.22,,
432232.44,342690.22,,
432442.28,342690.22,,
432652.16,342690.22,,
432862.03,342690.22,,
433071.88,342690.22,,
433281.75,342690.22,,
433491.6,342690.22,,
433701.47,342690.22,,
433911.34,342690.22,,
434121.2,342690.22,,
434331.06,342690.22,188.0,-16.0
434540.94,342690.22,188.0,-4.0
434750.78,342690.22,188.0,-4.0
434960.66,342690.22,,
435170.5,342690.22,,
435380.38,342690.22,,
435590.25,342690.22,,
435800.1,342690.22,,
436009.97,342690.22,,
436219.8,342690.22,,
436429.7,342690.22,,
436639.56,342690.22,,
436849.4,342690.22,,
437059.28,342690.22,,
437269.16,342690.22,,
437479.0,342690.22,,
437688.88,342690.22,,
437898.72,342690.22,,
438108.6,342690.22,,
438318.47,342690.22,,
438528.3,342690.22,,
438738.2,342690.22,,
438948.03,342690.22,,
439157.9,342690.22,,
439367.78,342690.22,,
439577.62,342690.22,,
439787.5,342690.22,,
439997.38,342690.22,,
440207.22,342690.22,,
440417.1,342690.22,,
440626.94,342690.22,,
440836.8,342690.22,,
441046.7,342690.22,,
441256.53,342690.22,56.0,32.0
441466.4,342690.22,56.0,32.0
441676.25,342690.22,56.0,44.0
441886.12,342690.22,,
442096.0,342690.22,,
442305.84,342690.22,,
442515.72,342690.22,,
442725.6,342690.22,,
442935.44,342690.22,68.0,44.0
443145.3,342690.22,56.0,56.0
443355.16,342690.22,,
443565.03,342690.22,,
443774.9,342690.22,,
443984.75,342690.22,,
444194.62,342690.22,,
444404.47,342690.22,,
444614.34,342690.22,,
444824.22,342690.22,,
445034.06,342690.22,,
445243.94,342690.22,,
445453.8,342690.22,,
445663.66,342690.22,,
445873.53,342690.22,,
446083.38,342690.22,,
446293.25,342690.22,,
446503.12,342690.22,,
446712.97,342690.22,,
446922.84,342690.22,,
447132.7,342690.22,,
447342.56,342690.22,,
447552.44,342690.22,,
447762.28,342690.22,,
447972.16,342690.22,,
448182.03,342690.22,,
448391.88,342690.22,,
448601.75,342690.22,,
448811.6,342690.22,,
449021.47,342690.22,,
449231.34,342690.22,,
449441.2,342690.22,,
449651.06,342690.22,,
449860.9,342690.22,,
450070.78,342690.22,,
450280.66,342690.22,,
450490.5,342690.22,,
450700.38,342690.22,,
450910.25,342690.22,,
451120.1,342690.22,,
451329.97,342690.22,,
451539.8,342690.22,,
451749.7,342690.22,,
451959.56,342690.22,,
452169.4,342690.22,,
452379.28,342690.22,,
452589.12,342690.22,,
452799.0,342690.22,,
453008.88,342690.22,,
453218.72,342690.22,,
453428.6,342690.22,,
453638.47,342690.22,,
453848.3,342690.22,,
454058.2,342690.22,,
454268.03,342690.22,,
454477.9,342690.22,,
454687.78,342690.22,,
454897.62,342690.22,,
455107.5,342690.22,,
455317.34,342690.22,,
455527.22,342690.22,,
455737.1,342690.22,,
455946.94,342690.22,,
456156.8,342690.22,,
456366.7,342690.22,,
456576.53,342690.22,,
456786.4,342690.22,,
456996.25,342690.22,,
457206.12,342690.22,8.0,-64.0
457416.0,342690.22,8.0,-52.0
457625.84,342690.22,8.0,-52.0
457835.72,342690.22,8.0,-52.0
458045.6,342690.22,8.0,-40.0
458255.44,342690.22,-4.0,-40.0
458465.3,342690.22,-4.0,-40.0
458675.16,342690.22,-4.0,-28.0
458885.03,342690.22,-16.0,-28.0
459094.9,342690.22,,
459304.75,342690.22,,
459514.62,342690.22,,
459724.47,342690.22,,
459934.34,342690.22,,
460144.22,342690.22,,
418381.47,342892.84,440.0,248.0
418591.34,342892.84,440.0,248.0
418801.2,342892.84,440.0,248.0
419011.06,342892.84,440.0,248.0
419220.94,342892.84,440.0,248.0
419430.78,342892.84,440.0,248.0
419640.66,342892.84,440.0,248.0
419850.5,342892.84,,
420060.38,342892.84,,
420270.25,342892.84,,
420480.1,342892.84,,
420689.97,342892.84,,
420899.84,342892.84,,
421109.7,342892.84,380.0,68.0
421319.56,342892.84,380.0,68.0
421529.4,342892.84,380.0,68.0
421739.28,342892.84,380.0,68.0
421949.16,342892.84,380.0,68.0
422159.0,342892.84,380.0,68.0
422368.88,342892.84,380.0,68.0
422578.72,342892.84,380.0,68.0
422788.6,342892.84,368.0,68.0
422998.47,342892.84,368.0,68.0
423208.3,342892.84,368.0,68.0
423418.2,342892.84,368.0,68.0
423628.06,342892.84,368.0,68.0
423837.9,342892.84,368.0,68.0
424047.78,342892.84,368.0,68.0
424257.62,342892.84,368.0,68.0
424467.5,342892.84,356.0,68.0
424677.38,342892.84,356.0,68.0
424887.22,342892.84,356.0,68.0
425097.1,342892.84,356.0,68.0
425306.94,342892.84,356.0,68.0
425516.8,342892.84,356.0,68.0
425726.7,342892.84,356.0,68.0
425936.53,342892.84,356.0,68.0
426146.4,342892.84,356.0,68.0
426356.28,342892.84,356.0,68.0
426566.12,342892.84,344.0,68.0
426776.0,342892.84,344.0,68.0
426985.84,342892.84,344.0,68.0
427195.72,342892.84,368.0,56.0
427405.6,342892.84,356.0,56.0
427615.44,342892.84,356.0,56.0
427825.3,342892.84,356.0,56.0
428035.16,342892.84,176.0,140.0
428245.03,342892.84,176.0,140.0
428454.9,342892.84,176.0,140.0
428664.75,342892.84,176.0,152.0
428874.62,342892.84,176.0,152.0
429084.5,342892.84,164.0,152.0
429294.34,342892.84,164.0,152.0
429504.22,342892.84,,
429714.06,342892.84,,
429923.94,342892.84,,
430133.8,342892.84,,
430343.66,342892.84,,
430553.53,342892.84,,
430763.38,342892.84,,
430973.25,342892.84,,
431183.12,342892.84,,
431392.97,342892.84,,
431602.84,342892.84,,
431812.72,342892.84,,
432022.56,342892.84,,
432232.44,342892.84,,
432442.28,342892.84,,
432652.16,342892.84,,
432862.03,342892.84,,
433071.88,342892.84,,
433281.75,342892.84,,
433491.6,342892.84,,
433701.47,342892.84,,
433911.34,342892.84,,
434121.2,342892.84,200.0,-16.0
434331.06,342892.84,188.0,-16.0
434540.94,342892.84,188.0,-4.0
434750.78,342892.84,188.0,-4.0
434960.66,342892.84,,
435170.5,342892.84,,
435380.38,342892.84,,
435590.25,342892.84,,
435800.1,342892.84,,
436009.97,342892.84,,
436219.8,342892.84,,
436429.7,342892.84,,
436639.56,342892.84,,
436849.4,342892.84,,
437059.28,342892.84,,
437269.16,342892.84,,
437479.0,342892.84,,
437688.88,342892.84,,
437898.72,342892.84,,
438108.6,342892.84,,
438318.47,342892.84,,
438528.3,342892.84,,
438738.2,342892.84,,
438948.03,342892.84,,
439157.9,342892.84,,
439367.78,342892.84,,
439577.62,342892.84,,
439787.5,342892.84,,
439997.38,342892.84,,
440207.22,342892.84,,
440417.1,342892.84,,
440626.94,342892.84,,
440836.8,342892.84,,
441046.7,342892.84,,
441256.53,342892.84,56.0,20.0
441466.4,342892.84,56.0,20.0
441676.25,342892.84,56.0,20.0
441886.12,342892.84,56.0,32.0
442096.0,342892.84,44.0,32.0
442305.84,342892.84,,
442515.72,342892.84,,
442725.6,342892.84,,
442935.44,342892.84,68.0,20.0
443145.3,342892.84,68.0,32.0
443355.16,342892.84,68.0,32.0
443565.03,342892.84,56.0,44.0
443774.9,342892.84,,
443984.75,342892.84,,
444194.62,342892.84,,
444404.47,342892.84,,
444614.34,342892.84,,
444824.22,342892.84,,
445034.06,342892.84,,
445243.94,342892.84,,
445453.8,342892.84,,
445663.66,342892.84,,
445873.53,342892.84,,
446083.38,342892.84,,
446293.25,342892.84,,
446503.12,342892.84,,
446712.97,342892.84,,
446922.84,342892.84,,
447132.7,342892.84,,
447342.56,342892.84,,
447552.44,342892.84,,
447762.28,342892.84,,
447972.16,342892.84,,
448182.03,342892.84,,
448391.88,342892.84,,
448601.75,342892.84,,
448811.6,342892.84,,
449021.47,342892.84,,
449231.34,342892.84,,
449441.2,342892.84,,
449651.06,342892.84,,
449860.9,342892.84,,
450070.78,342892.84,,
450280.66,342892.84,,
450490.5,342892.84,,
450700.38,342892.84,,
450910.25,342892.84,,
451120.1,342892.84,,
451329.97,342892.84,,
451539.8,342892.84,,
451749.7,342892.84,,
451959.56,342892.84,,
452169.4,342892.84,,
452379.28,342892.84,,
452589.12,342892.84,,
452799.0,342892.84,,
453008.88,342892.84,,
453218.72,342892.84,,
453428.6,342892.84,,
453638.47,342892.84,,
453848.3,342892.84,,
454058.2,342892.84,,
454268.03,342892.84,,
454477.9,342892.84,,
454687.78,342892.84,,
454897.62,342892.84,,
455107.5,342892.84,,
455317.34,342892.84,,
455527.22,342892.84,,
455737.1,342892.84,,
455946.94,342892.84,,
456156.8,342892.84,,
456366.7,342892.84,,
456576.53,342892.84,,
456786.4,342892.84,,
456996.25,342892.84,20.0,-64.0
457206.12,342892.84,20.0,-64.0
457416.0,342892.84,8.0,-64.0
457625.84,342892.84,8.0,-52.0
457835.72,342892.84,8.0,-52.0
458045.6,342892.84,8.0,-52.0
458255.44,342892.84,8.0,-40.0
458465.3,342892.84,-4.0,-40.0
458675.16,342892.84,-4.0,-40.0
458885.03,342892.84,-4.0,-28.0
459094.9,342892.84,-16.0,-28.0
459304.75,342892.84,-28.0,-28.0
459514.62,342892.84,,
459724.47,342892.84,,
459934.34,342892.84,,
460144.22,342892.84,,
418381.47,343095.47,440.0,248.0
418591.34,343095.47,440.0,248.0
418801.2,343095.47,440.0,248.0
419011.06,343095.47,440.0,248.0
419220.94,343095.47,440.0,248.0
419430.78,343095.47,440.0,248.0
419640.66,343095.47,440.0,248.0
419850.5,343095.47,440.0,248.0
420060.38,343095.47,440.0,248.0
420270.25,343095.47,,
420480.1,343095.47,,
420689.97,343095.47,,
420899.84,343095.47,380.0,68.0
421109.7,343095.47,380.0,68.0
421319.56,343095.47,380.0,68.0
421529.4,343095.47,380.0,68.0
421739.28,343095.47,380.0,68.0
421949.16,343095.47,380.0,68.0
422159.0,343095.47,380.0,68.0
422368.88,343095.47,380.0,68.0
422578.72,343095.47,380.0,68.0
422788.6,343095.47,380.0,68.0
422998.47,343095.47,368.0,68.0
423208.3,343095.47,368.0,68.0
423418.2,343095.47,368.0,68.0
423628.06,343095.47,368.0,68.0
423837.9,343095.47,368.0,68.0
424047.78,343095.47,368.0,68.0
424257.62,343095.47,368.0,68.0
424467.5,343095.47,368.0,68.0
424677.38,343095.47,356.0,68.0
424887.22,343095.47,356.0,68.0
425097.1,343095.47,356.0,68.0
425306.94,343095.47,356.0,68.0
425516.8,343095.47,356.0,68.0
425726.7,343095.47,356.0,68.0
425936.53,343095.47,356.0,68.0
426146.4,343095.47,356.0,68.0
426356.28,343095.47,356.0,68.0
426566.12,343095.47,344.0,68.0
426776.0,343095.47,344.0,68.0
426985.84,343095.47,368.0,56.0
427195.72,343095.47,368.0,56.0
427405.6,343095.47,368.0,56.0
427615.44,343095.47,368.0,56.0
427825.3,343095.47,356.0,56.0
428035.16,343095.47,176.0,140.0
428245.03,343095.47,176.0,140.0
428454.9,343095.47,176.0,140.0
428664.75,343095.47,176.0,140.0
428874.62,343095.47,176.0,152.0
429084.5,343095.47,176.0,152.0
429294.34,343095.47,164.0,152.0
429504.22,343095.47,164.0,152.0
429714.06,343095.47,,
429923.94,343095.47,,
430133.8,343095.47,,
430343.66,343095.47,,
430553.53,343095.47,,
430763.38,343095.47,,
430973.25,343095.47,,
431183.12,343095.47,,
431392.97,343095.47,,
431602.84,343095.47,,
431812.72,343095.47,,
432022.56,343095.47,,
432232.44,343095.47,,
432442.28,343095.47,,
432652.16,343095.47,,
432862.03,343095.47,,
433071.88,343095.47,,
433281.75,343095.47,,
433491.6,343095.47,,
433701.47,343095.47,,
433911.34,343095.47,200.0,-16.0
434121.2,343095.47,200.0,-16.0
434331.06,343095.47,188.0,-16.0
434540.94,343095.47,188.0,-16.0
434750.78,343095.47,188.0,-4.0
434960.66,343095.47,,
435170.5,343095.47,,
435380.38,343095.47,,
435590.25,343095.47,,
435800.1,343095.47,,
436009.97,343095.47,,
436219.8,343095.47,,
436429.7,343095.47,,
436639.56,343095.47,,
436849.4,343095.47,,
437059.28,343095.47,,
437269.16,343095.47,,
437479.0,343095.47,,
437688.88,343095.47,,
437898.72,343095.47,,
438108.6,343095.47,,
438318.47,343095.47,,
438528.3,343095.47,,
438738.2,343095.47,,
438948.03,343095.47,,
439157.9,343095.47,,
439367.78,343095.47,,
439577.62,343095.47,,
439787.5,343095.47,,
439997.38,343095.47,,
440207.22,343095.47,,
440417.1,343095.47,,
440626.94,343095.47,,
440836.8,343095.47,,
441046.7,343095.47,68.0,20.0
441256.53,343095.47,68.0,20.0
441466.4,343095.47,68.0,20.0
441676.25,343095.47,56.0,20.0
441886.12,343095.47,56.0,20.0
442096.0,343095.47,56.0,20.0
442305.84,343095.47,56.0,20.0
442515.72,343095.47,44.0,32.0
442725.6,343095.47,32.0,32.0
442935.44,343095.47,68.0,20.0
443145.3,343095.47,68.0,20.0
443355.16,343095.47,68.0,20.0
443565.03,343095.47,68.0,32.0
443774.9,343095.47,56.0,32.0
443984.75,343095.47,44.0,32.0
444194.62,343095.47,,
444404.47,343095.47,,
444614.34,343095.47,,
444824.22,343095.47,,
445034.06,343095.47,,
445243.94,343095.47,,
445453.8,343095.47,,
445663.66,343095.47,,
445873.53,343095.47,,
446083.38,343095.47,,
446293.25,343095.47,,
446503.12,343095.47,,
446712.97,343095.47,,
446922.84,343095.47,,
447132.7,343095.47,,
447342.56,343095.47,,
447552.44,343095.47,,
447762.28,343095.47,,
447972.16,343095.47,,
448182.03,343095.47,,
448391.88,343095.47,,
448601.75,343095.47,,
448811.6,343095.47,,
449021.47,343095.47,,
449231.34,343095.47,,
449441.2,343095.47,,
449651.06,343095.47,,
449860.9,343095.47,,
450070.78,343095.47,,
450280.66,343095.47,,
450490.5,343095.47,,
450700.38,343095.47,,
450910.25,343095.47,,
451120.1,343095.47,,
451329.97,343095.47,,
451539.8,343095.47,,
451749.7,343095.47,,
451959.56,343095.47,,
452169.4,343095.47,,
452379.28,343095.47,,
452589.12,343095.47,,
452799.0,343095.47,,
453008.88,343095.47,,
453218.72,343095.47,,
453428.6,343095.47,,
453638.47,343095.47,,
453848.3,343095.47,,
454058.2,343095.47,,
454268.03,343095.47,,
454477.9,343095.47,,
454687.78,343095.47,,
454897.62,343095.47,,
455107.5,343095.47,,
455317.34,343095.47,,
455527.22,343095.47,,
455737.1,343095.47,,
455946.94,343095.47,,
456156.8,343095.47,,
456366.7,343095.47,,
456576.53,343095.47,,
456786.4,343095.47,,
456996.25,343095.47,20.0,-76.0
457206.12,343095.47,20.0,-64.0
457416.0,343095.47,20.0,-64.0
457625.84,343095.47,8.0,-64.0
457835.72,343095.47,8.0,-52.0
458045.6,343095.47,8.0,-52.0
458255.44,343095.47,8.0,-52.0
458465.3,343095.47,8.0,-52.0
458675.16,343095.47,-4.0,-40.0
458885.03,343095.47,-4.0,-40.0
459094.9,343095.47,-4.0,-40.0
459304.75,343095.47,-16.0,-28.0
459514.62,343095.47,-16.0,-28.0
459724.47,343095.47,,
459934.34,343095.47,,
460144.22,343095.47,,
418381.47,343298.1,440.0,248.0
418591.34,343298.1,440.0,248.0
418801.2,343298.1,440.0,248.0
419011.06,343298.1,440.0,248.0
419220.94,343298.1,440.0,248.0
419430.78,343298.1,440.0,248.0
419640.66,343298.1,440.0,248.0
419850.5,343298.1,440.0,248.0
420060.38,343298.1,440.0,248.0
420270.25,343298.1,440.0,248.0
420480.1,343298.1,,
420689.97,343298.1,,
420899.84,343298.1,380.0,68.0
421109.7,343298.1,380.0,68.0
421319.56,343298.1,380.0,68.0
421529.4,343298.1,380.0,68.0
421739.28,343298.1,380.0,68.0
421949.16,343298.1,380.0,68.0
422159.0,343298.1,380.0,68.0
422368.88,343298.1,380.0,68.0
422578.72,343298.1,380.0,68.0
422788.6,343298.1,380.0,68.0
422998.47,343298.1,380.0,68.0
423208.3,343298.1,368.0,68.0
423418.2,343298.1,368.0,68.0
423628.06,343298.1,368.0,68.0
423837.9,343298.1,368.0,68.0
424047.78,343298.1,368.0,68.0
424257.62,343298.1,368.0,68.0
424467.5,343298.1,368.0,68.0
424677.38,343298.1,368.0,68.0
424887.22,343298.1,356.0,68.0
425097.1,343298.1,356.0,68.0
425306.94,343298.1,356.0,68.0
425516.8,343298.1,356.0,68.0
425726.7,343298.1,356.0,68.0
425936.53,343298.1,380.0,92.0
426146.4,343298.1,380.0,92.0
426356.28,343298.1,380.0,92.0
426566.12,343298.1,380.0,92.0
426776.0,343298.1,368.0,56.0
426985.84,343298.1,368.0,56.0
427195.72,343298.1,368.0,56.0
427405.6,343298.1,368.0,56.0
427615.44,343298.1,368.0,56.0
427825.3,343298.1,356.0,56.0
428035.16,343298.1,176.0,140.0
428245.03,343298.1,176.0,140.0
428454.9,343298.1,176.0,140.0
428664.75,343298.1,176.0,140.0
428874.62,343298.1,176.0,152.0
429084.5,343298.1,176.0,152.0
429294.34,343298.1,164.0,152.0
429504.22,343298.1,164.0,152.0
429714.06,343298.1,152.0,152.0
429923.94,343298.1,,
430133.8,343298.1,,
430343.66,343298.1,,
430553.53,343298.1,,
430763.38,343298.1,,
430973.25,343298.1,,
431183.12,343298.1,,
431392.97,343298.1,,
431602.84,343298.1,,
431812.72,343298.1,,
432022.56,343298.1,,
432232.44,343298.1,,
432442.28,343298.1,,
432652.16,343298.1,,
432862.03,343298.1,,
433071.88,343298.1,,
433281.75,343298.1,,
433491.6,343298.1,,
433701.47,343298.1,200.0,-16.0
433911.34,343298.1,200.0,-16.0
434121.2,343298.1,200.0,-16.0
434331.06,343298.1,200.0,-16.0
434540.94,343298.1,188.0,-16.0
434750.78,343298.1,188.0,-4.0
434960.66,343298.1,,
435170.5,343298.1,,
435380.38,343298.1,,
435590.25,343298.1,,
435800.1,343298.1,,
436009.97,343298.1,,
436219.8,343298.1,,
436429.7,343298.1,,
436639.56,343298.1,,
436849.4,343298.1,,
437059.28,343298.1,,
437269.16,343298.1,,
437479.0,343298.1,,
437688.88,343298.1,,
437898.72,343298.1,,
438108.6,343298.1,,
438318.47,343298.1,,
438528.3,343298.1,,
438738.2,343298.1,,
438948.03,343298.1,,
439157.9,343298.1,,
439367.78,343298.1,,
439577.62,343298.1,,
439787.5,343298.1,,
439997.38,343298.1,,
440207.22,343298.1,,
440417.1,343298.1,,
440626.94,343298.1,,
440836.8,343298.1,,
441046.7,343298.1,68.0,8.0
441256.53,343298.1,68.0,20.0
441466.4,343298.1,68.0,20.0
441676.25,343298.1,68.0,20.0
441886.12,343298.1,56.0,20.0
442096.0,343298.1,56.0,20.0
442305.84,343298.1,56.0,20.0
442515.72,343298.1,56.0,20.0
442725.6,343298.1,56.0,20.0
442935.44,343298.1,80.0,8.0
443145.3,343298.1,68.0,8.0
443355.16,343298.1,68.0,20.0
443565.03,343298.1,68.0,20.0
443774.9,343298.1,68.0,20.0
443984.75,343298.1,68.0,20.0
444194.62,343298.1,56.0,32.0
444404.47,343298.1,44.0,32.0
444614.34,343298.1,,
444824.22,343298.1,,
445034.06,343298.1,,
445243.94,343298.1,,
445453.8,343298.1,,
445663.66,343298.1,,
445873.53,343298.1,,
446083.38,343298.1,,
446293.25,343298.1,,
446503.12,343298.1,,
446712.97,343298.1,,
446922.84,343298.1,,
447132.7,343298.1,,
447342.56,343298.1,,
447552.44,343298.1,,
447762.28,343298.1,,
447972.16,343298.1,,
448182.03,343298.1,,
448391.88,343298.1,,
448601.75,343298.1,,
448811.6,343298.1,,
449021.47,343298.1,,
449231.34,343298.1,,
449441.2,343298.1,,
449651.06,343298.1,,
449860.9,343298.1,,
450070.78,343298.1,,
450280.66,343298.1,,
450490.5,343298.1,,
450700.38,343298.1,,
450910.25,343298.1,,
451120.1,343298.1,,
451329.97,343298.1,,
451539.8,343298.1,,
451749.7,343298.1,,
451959.56,343298.1,,
452169.4,343298.1,,
452379.28,343298.1,,
452589.12,343298.1,,
452799.0,343298.1,,
453008.88,343298.1,,
453218.72,343298.1,,
453428.6,343298.1,,
453638.47,343298.1,,
453848.3,343298.1,,
454058.2,343298.1,,
454268.03,343298.1,,
454477.9,343298.1,,
454687.78,343298.1,,
454897.62,343298.1,,
455107.5,343298.1,,
455317.34,343298.1,,
455527.22,343298.1,,
455737.1,343298.1,,
455946.94,343298.1,,
456156.8,343298.1,,
456366.7,343298.1,,
456576.53,343298.1,,
456786.4,343298.1,20.0,-76.0
456996.25,343298.1,20.0,-76.0
457206.12,343298.1,20.0,-76.0
457416.0,343298.1,20.0,-64.0
457625.84,343298.1,20.0,-64.0
457835.72,343298.1,20.0,-64.0
458045.6,343298.1,8.0,-64.0
458255.44,343298.1,8.0,-52.0
458465.3,343298.1,8.0,-52.0
458675.16,343298.1,8.0,-52.0
458885.03,343298.1,8.0,-40.0
459094.9,343298.1,-4.0,-40.0
459304.75,343298.1,-4.0,-40.0
459514.62,343298.1,-4.0,-40.0
459724.47,343298.1,-16.0,-28.0
459934.34,343298.1,-28.0,-28.0
460144.22,343298.1,,
418381.47,343500.7,440.0,248.0
418591.34,343500.7,440.0,248.0
418801.2,343500.7,440.0,248.0
419011.06,343500.7,440.0,248.0
419220.94,343500.7,440.0,248.0
419430.78,343500.7,440.0,248.0
419640.66,343500.7,440.0,248.0
419850.5,343500.7,440.0,248.0
420060.38,343500.7,440.0,248.0
420270.25,343500.7,440.0,248.0
420480.1,343500.7,440.0,248.0
420689.97,343500.7,380.0,68.0
420899.84,343500.7,380.0,68.0
421109.7,343500.7,380.0,68.0
421319.56,343500.7,380.0,68.0
421529.4,343500.7,380.0,68.0
421739.28,343500.7,380.0,68.0
421949.16,343500.7,380.0,68.0
422159.0,343500.7,380.0,68.0
422368.88,343500.7,380.0,68.0
422578.72,343500.7,380.0,68.0
422788.6,343500.7,380.0,68.0
422998.47,343500.7,380.0,68.0
423208.3,343500.7,368.0,68.0
423418.2,343500.7,368.0,68.0
423628.06,343500.7,368.0,68.0
423837.9,343500.7,368.0,68.0
424047.78,343500.7,368.0,68.0
424257.62,343500.7,368.0,68.0
424467.5,343500.7,368.0,68.0
424677.38,343500.7,368.0,68.0
424887.22,343500.7,392.0,92.0
425097.1,343500.7,392.0,92.0
425306.94,343500.7,392.0,92.0
425516.8,343500.7,392.0,92.0
425726.7,343500.7,392.0,92.0
425936.53,343500.7,392.0,92.0
426146.4,343500.7,380.0,92.0
426356.28,343500.7,380.0,92.0
426566.12,343500.7,380.0,92.0
426776.0,343500.7,368.0,56.0
426985.84,343500.7,368.0,56.0
427195.72,343500.7,368.0,56.0
427405.6,343500.7,368.0,56.0
427615.44,343500.7,368.0,56.0
427825.3,343500.7,368.0,56.0
428035.16,343500.7,356.0,56.0
428245.03,343500.7,176.0,140.0
428454.9,343500.7,176.0,140.0
428664.75,343500.7,176.0,140.0
428874.62,343500.7,176.0,152.0
429084.5,343500.7,176.0,152.0
429294.34,343500.7,164.0,152.0
429504.22,343500.7,164.0,152.0
429714.06,343500.7,152.0,152.0
429923.94,343500.7,,
430133.8,343500.7,,
430343.66,343500.7,,
430553.53,343500.7,,
430763.38,343500.7,,
430973.25,343500.7,,
431183.12,343500.7,,
431392.97,343500.7,,
431602.84,343500.7,,
431812.72,343500.7,,
432022.56,343500.7,,
432232.44,343500.7,,
432442.28,343500.7,,
432652.16,343500.7,,
432862.03,343500.7,,
433071.88,343500.7,,
433281.75,343500.7,,
433491.6,343500.7,200.0,-16.0
433701.47,343500.7,200.0,-16.0
433911.34,343500.7,200.0,-16.0
434121.2,343500.7,200.0,-16.0
434331.06,343500.7,200.0,-16.0
434540.94,343500.7,188.0,-16.0
434750.78,343500.7,188.0,-4.0
434960.66,343500.7,,
435170.5,343500.7,,
435380.38,343500.7,,
435590.25,343500.7,,
435800.1,343500.7,,
436009.97,343500.7,,
436219.8,343500.7,,
436429.7,343500.7,,
436639.56,343500.7,,
436849.4,343500.7,,
437059.28,343500.7,,
437269.16,343500.7,,
437479.0,343500.7,,
437688.88,343500.7,,
437898.72,343500.7,,
438108.6,343500.7,,
438318.47,343500.7,,
438528.3,343500.7,,
438738.2,343500.7,,
438948.03,343500.7,,
439157.9,343500.7,,
439367.78,343500.7,,
439577.62,343500.7,,
439787.5,343500.7,,
439997.38,343500.7,,
440207.22,343500.7,,
440417.1,343500.7,,
440626.94,343500.7,,
440836.8,343500.7,80.0,8.0
441046.7,343500.7,68.0,8.0
441256.53,343500.7,68.0,8.0
441466.4,343500.7,68.0,8.0
441676.25,343500.7,68.0,8.0
441886.12,343500.7,68.0,8.0
442096.0,343500.7,68.0,8.0
442305.84,343500.7,56.0,20.0
442515.72,343500.7,56.0,20.0
442725.6,343500.7,56.0,20.0
442935.44,343500.7,80.0,8.0
443145.3,343500.7,80.0,8.0
443355.16,343500.7,80.0,8.0
443565.03,343500.7,68.0,8.0
443774.9,343500.7,68.0,20.0
443984.75,343500.7,68.0,20.0
444194.62,343500.7,68.0,20.0
444404.47,343500.7,68.0,20.0
444614.34,343500.7,56.0,20.0
444824.22,343500.7,44.0,32.0
445034.06,343500.7,32.0,32.0
445243.94,343500.7,,
445453.8,343500.7,,
445663.66,343500.7,,
445873.53,343500.7,,
446083.38,343500.7,,
446293.25,343500.7,,
446503.12,343500.7,,
446712.97,343500.7,,
446922.84,343500.7,,
447132.7,343500.7,,
447342.56,343500.7,,
447552.44,343500.7,,
447762.28,343500.7,,
447972.16,343500.7,,
448182.03,343500.7,,
448391.88,343500.7,,
448601.75,343500.7,,
448811.6,343500.7,,
449021.47,343500.7,,
449231.34,343500.7,,
449441.2,343500.7,,
449651.06,343500.7,,
449860.9,343500.7,,
450070.78,343500.7,,
450280.66,343500.7,,
450490.5,343500.7,,
450700.38,343500.7,,
450910.25,343500.7,,
451120.1,343500.7,,
451329.97,343500.7,,
451539.8,343500.7,,
451749.7,343500.7,,
451959.56,343500.7,,
452169.4,343500.7,,
452379.28,343500.7,,
452589.12,343500.7,,
452799.0,343500.7,,
453008.88,343500.7,,
453218.72,343500.7,,
453428.6,343500.7,,
453638.47,343500.7,,
453848.3,343500.7,,
454058.2,343500.7,,
454268.03,343500.7,,
454477.9,343500.7,,
454687.78,343500.7,,
454897.62,343500.7,,
455107.5,343500.7,,
455317.34,343500.7,,
455527.22,343500.7,,
455737.1,343500.7,,
455946.94,343500.7,,
456156.8,343500.7,,
456366.7,343500.7,,
456576.53,343500.7,,
456786.4,343500.7,20.0,-76.0
456996.25,343500.7,20.0,-76.0
457206.12,343500.7,20.0,-76.0
457416.0,343500.7,20.0,-76.0
457625.84,343500.7,20.0,-76.0
457835.72,343500.7,20.0,-64.0
458045.6,343500.7,20.0,-64.0
458255.44,343500.7,8.0,-64.0
458465.3,343500.7,8.0,-64.0
458675.16,343500.7,8.0,-52.0
458885.03,343500.7,8.0,-52.0
459094.9,343500.7,8.0,-52.0
459304.75,343500.7,-4.0,-40.0
459514.62,343500.7,-4.0,-40.0
459724.47,343500.7,-4.0,-40.0
459934.34,343500.7,-16.0,-40.0
460144.22,343500.7,-16.0,-28.0
418381.47,343703.3,440.0,248.0
418591.34,343703.3,440.0,248.0
418801.2,343703.3,440.0,248.0
419011.06,343703.3,440.0,248.0
419220.94,343703.3,440.0,248.0
419430.78,343703.3,440.0,248.0
419640.66,343703.3,440.0,248.0
419850.5,343703.3,440.0,248.0
420060.38,343703.3,440.0,248.0
420270.25,343703.3,440.0,248.0
420480.1,343703.3,428.0,248.0
420689.97,343703.3,308.0,248.0
420899.84,343703.3,380.0,68.0
421109.7,343703.3,380.0,68.0
421319.56,343703.3,380.0,68.0
421529.4,343703.3,380.0,68.0
421739.28,343703.3,380.0,68.0
421949.16,343703.3,380.0,68.0
422159.0,343703.3,380.0,68.0
422368.88,343703.3,380.0,68.0
422578.72,343703.3,380.0,68.0
422788.6,343703.3,380.0,68.0
422998.47,343703.3,380.0,68.0
423208.3,343703.3,368.0,68.0
423418.2,343703.3,368.0,68.0
423628.06,343703.3,368.0,68.0
423837.9,343703.3,404.0,92.0
424047.78,343703.3,404.0,92.0
424257.62,343703.3,392.0,92.0
424467.5,343703.3,392.0,92.0
424677.38,343703.3,392.0,92.0
424887.22,343703.3,392.0,92.0
425097.1,343703.3,392.0,92.0
425306.94,343703.3,392.0,92.0
425516.8,343703.3,392.0,92.0
425726.7,343703.3,392.0,92.0
425936.53,343703.3,392.0,92.0
426146.4,343703.3,392.0,92.0
426356.28,343703.3,380.0,92.0
426566.12,343703.3,368.0,56.0
426776.0,343703.3,368.0,56.0
426985.84,343703.3,368.0,56.0
427195.72,343703.3,368.0,56.0
427405.6,343703.3,368.0,56.0
427615.44,343703.3,368.0,56.0
427825.3,343703.3,368.0,56.0
428035.16,343703.3,368.0,56.0
428245.03,343703.3,176.0,140.0
428454.9,343703.3,176.0,140.0
428664.75,343703.3,176.0,140.0
428874.62,343703.3,176.0,140.0
429084.5,343703.3,176.0,152.0
429294.34,343703.3,164.0,152.0
429504.22,343703.3,164.0,152.0
429714.06,343703.3,152.0,152.0
429923.94,343703.3,152.0,152.0
430133.8,343703.3,,
430343.66,343703.3,,
430553.53,343703.3,,
430763.38,343703.3,,
430973.25,343703.3,,
431183.12,343703.3,,
431392.97,343703.3,,
431602.84,343703.3,,
431812.72,343703.3,,
432022.56,343703.3,,
432232.44,343703.3,,
432442.28,343703.3,,
432652.16,343703.3,,
432862.03,343703.3,,
433071.88,343703.3,,
433281.75,343703.3,200.0,-16.0
433491.6,343703.3,200.0,-16.0
433701.47,343703.3,200.0,-16.0
433911.34,343703.3,200.0,-16.0
434121.2,343703.3,200.0,-16.0
434331.06,343703.3,200.0,-16.0
434540.94,343703.3,188.0,-16.0
434750.78,343703.3,188.0,-16.0
434960.66,343703.3,,
435170.5,343703.3,,
435380.38,343703.3,,
435590.25,343703.3,,
435800.1,343703.3,,
436009.97,343703.3,,
436219.8,343703.3,,
436429.7,343703.3,,
436639.56,343703.3,,
436849.4,343703.3,,
437059.28,343703.3,,
437269.16,343703.3,,
437479.0,343703.3,,
437688.88,343703.3,,
437898.72,343703.3,,
438108.6,343703.3,,
438318.47,343703.3,,
438528.3,343703.3,,
438738.2,343703.3,,
438948.03,343703.3,,
439157.9,343703.3,,
439367.78,343703.3,,
439577.62,343703.3,,
439787.5,343703.3,,
439997.38,343703.3,,
440207.22,343703.3,,
440417.1,343703.3,,
440626.94,343703.3,,
440836.8,343703.3,80.0,8.0
441046.7,343703.3,80.0,8.0
441256.53,343703.3,68.0,8.0
441466.4,343703.3,68.0,8.0
441676.25,343703.3,68.0,8.0
441886.12,343703.3,68.0,8.0
442096.0,343703.3,68.0,8.0
442305.84,343703.3,68.0,8.0
442515.72,343703.3,68.0,8.0
442725.6,343703.3,56.0,8.0
442935.44,343703.3,80.0,8.0
443145.3,343703.3,80.0,8.0
443355.16,343703.3,80.0,8.0
443565.03,343703.3,80.0,8.0
443774.9,343703.3,80.0,8.0
443984.75,343703.3,68.0,8.0
444194.62,343703.3,68.0,8.0
444404.47,343703.3,68.0,20.0
444614.34,343703.3,68.0,20.0
444824.22,343703.3,68.0,20.0
445034.06,343703.3,44.0,20.0
445243.94,343703.3,44.0,20.0
445453.8,343703.3,32.0,32.0
445663.66,343703.3,,
445873.53,343703.3,,
446083.38,343703.3,,
446293.25,343703.3,,
446503.12,343703.3,,
446712.97,343703.3,,
446922.84,343703.3,,
447132.7,343703.3,,
447342.56,343703.3,,
447552.44,343703.3,,
447762.28,343703.3,,
447972.16,343703.3,,
448182.03,343703.3,,
448391.88,343703.3,,
448601.75,343703.3,,
448811.6,343703.3,,
449021.47,343703.3,,
449231.34,343703.3,,
449441.2,343703.3,,
449651.06,343703.3,,
449860.9,343703.3,,
450070.78,343703.3,,
450280.66,343703.3,,
450490.5,343703.3,,
450700.38,343703.3,,
450910.25,343703.3,,
451120.1,343703.3,,
451329.97,343703.3,,
451539.8,343703.3,,
451749.7,343703.3,,
451959.56,343703.3,,
452169.4,343703.3,,
452379.28,343703.3,,
452589.12,343703.3,,
452799.0,343703.3,,
453008.88,343703.3,,
453218.72,343703.3,,
453428.6,343703.3,,
453638.47,343703.3,,
453848.3,343703.3,,
454058.2,343703.3,,
454268.03,343703.3,,
454477.9,343703.3,,
454687.78,343703.3,,
454897.62,343703.3,,
455107.5,343703.3,,
455317.34,343703.3,,
455527.22,343703.3,,
455737.1,343703.3,,
455946.94,343703.3,,
456156.8,343703.3,,
456366.7,343703.3,,
456576.53,343703.3,32.0,-88.0
456786.4,343703.3,32.0,-88.0
456996.25,343703.3,32.0,-88.0
457206.12,343703.3,20.0,-76.0
457416.0,343703.3,20.0,-76.0
457625.84,343703.3,20.0,-76.0
457835.72,343703.3,20.0,-76.0
458045.6,343703.3,20.0,-64.0
458255.44,343703.3,20.0,-64.0
458465.3,343703.3,20.0,-64.0
458675.16,343703.3,8.0,-64.0
458885.03,343703.3,8.0,-64.0
459094.9,343703.3,8.0,-52.0
459304.75,343703.3,8.0,-52.0
459514.62,343703.3,-4.0,-52.0
459724.47,343703.3,-4.0,-52.0
459934.34,343703.3,-4.0,-40.0
460144.22,343703.3,-4.0,-40.0
418381.47,343905.94,440.0,248.0
418591.34,343905.94,440.0,248.0
418801.2,343905.94,440.0,248.0
419011.06,343905.94,440.0,248.0
419220.94,343905.94,440.0,248.0
419430.78,343905.94,440.0,248.0
419640.66,343905.94,440.0,248.0
419850.5,343905.94,440.0,248.0
420060.38,343905.94,440.0,248.0
420270.25,343905.94,440.0,248.0
420480.1,343905.94,416.0,248.0
420689.97,343905.94,308.0,248.0
420899.84,343905.94,368.0,68.0
421109.7,343905.94,368.0,68.0
421319.56,343905.94,380.0,68.0
421529.4,343905.94,380.0,68.0
421739.28,343905.94,380.0,68.0
421949.16,343905.94,380.0,68.0
422159.0,343905.94,380.0,68.0
422368.88,343905.94,380.0,68.0
422578.72,343905.94,380.0,68.0
422788.6,343905.94,404.0,92.0
422998.47,343905.94,404.0,92.0
423208.3,343905.94,404.0,92.0
423418.2,343905.94,404.0,92.0
423628.06,343905.94,404.0,92.0
423837.9,343905.94,404.0,92.0
424047.78,343905.94,404.0,92.0
424257.62,343905.94,392.0,92.0
424467.5,343905.94,392.0,92.0
424677.38,343905.94,392.0,92.0
424887.22,343905.94,392.0,92.0
425097.1,343905.94,392.0,92.0
425306.94,343905.94,392.0,92.0
425516.8,343905.94,392.0,92.0
425726.7,343905.94,392.0,92.0
425936.53,343905.94,392.0,92.0
426146.4,343905.94,392.0,92.0
426356.28,343905.94,380.0,56.0
426566.12,343905.94,368.0,56.0
426776.0,343905.94,368.0,56.0
426985.84,343905.94,368.0,56.0
427195.72,343905.94,368.0,56.0
427405.6,343905.94,368.0,56.0
427615.44,343905.94,368.0,56.0
427825.3,343905.94,368.0,56.0
428035.16,343905.94,368.0,56.0
428245.03,343905.94,176.0,140.0
428454.9,343905.94,176.0,140.0
428664.75,343905.94,176.0,140.0
428874.62,343905.94,176.0,140.0
429084.5,343905.94,176.0,140.0
429294.34,343905.94,176.0,152.0
429504.22,343905.94,164.0,152.0
429714.06,343905.94,152.0,152.0
429923.94,343905.94,152.0,152.0
430133.8,343905.94,,
430343.66,343905.94,,
430553.53,343905.94,,
430763.38,343905.94,,
430973.25,343905.94,,
431183.12,343905.94,,
431392.97,343905.94,,
431602.84,343905.94,,
431812.72,343905.94,,
432022.56,343905.94,,
432232.44,343905.94,,
432442.28,343905.94,,
432652.16,343905.94,,
432862.03,343905.94,,
433071.88,343905.94,,
433281.75,343905.94,200.0,-16.0
433491.6,343905.94,200.0,-16.0
433701.47,343905.94,200.0,-16.0
433911.34,343905.94,200.0,-16.0
434121.2,343905.94,200.0,-16.0
434331.06,343905.94,200.0,-16.0
434540.94,343905.94,200.0,-16.0
434750.78,343905.94,188.0,-16.0
434960.66,343905.94,,
435170.5,343905.94,,
435380.38,343905.94,,
435590.25,343905.94,,
435800.1,343905.94,,
436009.97,343905.94,,
436219.8,343905.94,,
436429.7,343905.94,,
436639.56,343905.94,,
436849.4,343905.94,,
437059.28,343905.94,,
437269.16,343905.94,,
437479.0,343905.94,,
437688.88,343905.94,,
437898.72,343905.94,,
438108.6,343905.94,,
438318.47,343905.94,,
438528.3,343905.94,,
438738.2,343905.94,,
438948.03,343905.94,,
439157.9,343905.94,,
439367.78,343905.94,,
439577.62,343905.94,,
439787.5,343905.94,,
439997.38,343905.94,,
440207.22,343905.94,,
440417.1,343905.94,,
440626.94,343905.94,80.0,8.0
440836.8,343905.94,80.0,8.0
441046.7,343905.94,80.0,8.0
441256.53,343905.94,80.0,8.0
441466.4,343905.94,80.0,8.0
441676.25,343905.94,68.0,8.0
441886.12,343905.94,68.0,8.0
442096.0,343905.94,68.0,8.0
442305.84,343905.94,68.0,8.0
442515.72,343905.94,68.0,8.0
442725.6,343905.94,68.0,8.0
442935.44,343905.94,80.0,8.0
443145.3,343905.94,80.0,8.0
443355.16,343905.94,80.0,8.0
443565.03,343905.94,80.0,8.0
443774.9,343905.94,80.0,8.0
443984.75,343905.94,80.0,8.0
444194.62,343905.94,80.0,8.0
444404.47,343905.94,68.0,8.0
444614.34,343905.94,68.0,8.0
444824.22,343905.94,68.0,20.0
445034.06,343905.94,68.0,20.0
445243.94,343905.94,56.0,20.0
445453.8,343905.94,44.0,20.0
445663.66,343905.94,44.0,20.0
445873.53,343905.94,32.0,20.0
446083.38,343905.94,,
446293.25,343905.94,,
446503.12,343905.94,,
446712.97,343905.94,,
446922.84,343905.94,,
447132.7,343905.94,,
447342.56,343905.94,,
447552.44,343905.94,,
447762.28,343905.94,,
447972.16,343905.94,,
448182.03,343905.94,,
448391.88,343905.94,,
448601.75,343905.94,,
448811.6,343905.94,,
449021.47,343905.94,,
449231.34,343905.94,,
449441.2,343905.94,,
449651.06,343905.94,,
449860.9,343905.94,,
450070.78,343905.94,,
450280.66,343905.94,,
450490.5,343905.94,,
450700.38,343905.94,,
450910.25,343905.94,,
451120.1,343905.94,,
451329.97,343905.94,,
451539.8,343905.94,,
451749.7,343905.94,,
451959.56,343905.94,,
452169.4,343905.94,,
452379.28,343905.94,,
452589.12,343905.94,,
452799.0,343905.94,,
453008.88,343905.94,,
453218.72,343905.94,,
453428.6,343905.94,,
453638.47,343905.94,,
453848.3,343905.94,,
454058.2,343905.94,,
454268.03,343905.94,,
454477.9,343905.94,,
454687.78,343905.94,,
454897.62,343905.94,,
455107.5,343905.94,,
455317.34,343905.94,,
455527.22,343905.94,,
455737.1,343905.94,,
455946.94,343905.94,,
456156.8,343905.94,,
456366.7,343905.94,,
456576.53,343905.94,32.0,-88.0
456786.4,343905.94,32.0,-88.0
456996.25,343905.94,32.0,-88.0
457206.12,343905.94,32.0,-88.0
457416.0,343905.94,20.0,-76.0
457625.84,343905.94,20.0,-76.0
457835.72,343905.94,20.0,-76.0
458045.6,343905.94,20.0,-76.0
458255.44,343905.94,20.0,-76.0
458465.3,343905.94,20.0,-64.0
458675.16,343905.94,20.0,-64.0
458885.03,343905.94,8.0,-64.0
459094.9,343905.94,8.0,-64.0
459304.75,343905.94,8.0,-64.0
459514.62,343905.94,8.0,-52.0
459724.47,343905.94,8.0,-52.0
459934.34,343905.94,-4.0,-52.0
460144.22,343905.94,-4.0,-52.0
418381.47,344108.56,404.0,248.0
418591.34,344108.56,416.0,248.0
418801.2,344108.56,428.0,248.0
419011.06,344108.56,440.0,248.0
419220.94,344108.56,440.0,248.0
419430.78,344108.56,440.0,248.0
419640.66,344108.56,440.0,248.0
419850.5,344108.56,440.0,248.0
420060.38,344108.56,440.0,248.0
420270.25,344108.56,308.0,248.0
420480.1,344108.56,308.0,248.0
420689.97,344108.56,308.0,248.0
420899.84,344108.56,368.0,68.0
421109.7,344108.56,368.0,68.0
421319.56,344108.56,368.0,68.0
421529.4,344108.56,368.0,68.0
421739.28,344108.56,404.0,92.0
421949.16,344108.56,404.0,92.0
422159.0,344108.56,404.0,92.0
422368.88,344108.56,404.0,92.0
422578.72,344108.56,404.0,92.0
422788.6,344108.56,404.0,92.0
422998.47,344108.56,404.0,92.0
423208.3,344108.56,404.0,92.0
423418.2,344108.56,404.0,92.0
423628.06,344108.56,404.0,92.0
423837.9,344108.56,404.0,92.0
424047.78,344108.56,404.0,92.0
424257.62,344108.56,404.0,92.0
424467.5,344108.56,392.0,92.0
424677.38,344108.56,392.0,92.0
424887.22,344108.56,392.0,92.0
425097.1,344108.56,392.0,92.0
425306.94,344108.56,392.0,92.0
425516.8,344108.56,392.0,92.0
425726.7,344108.56,392.0,92.0
425936.53,344108.56,392.0,92.0
426146.4,344108.56,392.0,92.0
426356.28,344108.56,380.0,56.0
426566.12,344108.56,380.0,56.0
426776.0,344108.56,368.0,56.0
426985.84,344108.56,368.0,56.0
427195.72,344108.56,368.0,56.0
427405.6,344108.56,368.0,56.0
427615.44,344108.56,368.0,56.0
427825.3,344108.56,368.0,56.0
428035.16,344108.56,368.0,56.0
428245.03,344108.56,368.0,56.0
428454.9,344108.56,176.0,140.0
428664.75,344108.56,176.0,140.0
428874.62,344108.56,176.0,140.0
429084.5,344108.56,176.0,140.0
429294.34,344108.56,176.0,140.0
429504.22,344108.56,164.0,152.0
429714.06,344108.56,164.0,152.0
429923.94,344108.56,152.0,152.0
430133.8,344108.56,152.0,152.0
430343.66,344108.56,,
430553.53,344108.56,,
430763.38,344108.56,,
430973.25,344108.56,,
431183.12,344108.56,,
431392.97,344108.56,,
431602.84,344108.56,,
431812.72,344108.56,,
432022.56,344108.56,,
432232.44,344108.56,,
432442.28,344108.56,,
432652.16,344108.56,,
432862.03,344108.56,,
433071.88,344108.56,200.0,-16.0
433281.75,344108.56,200.0,-16.0
433491.6,344108.56,200.0,-16.0
433701.47,344108.56,200.0,-16.0
433911.34,344108.56,200.0,-16.0
434121.2,344108.56,200.0,-16.0
434331.06,344108.56,200.0,-16.0
434540.94,344108.56,200.0,-16.0
434750.78,344108.56,,
434960.66,344108.56,,
435170.5,344108.56,,
435380.38,344108.56,,
435590.25,344108.56,,
435800.1,344108.56,,
436009.97,344108.56,,
436219.8,344108.56,,
436429.7,344108.56,,
436639.56,344108.56,,
436849.4,344108.56,,
437059.28,344108.56,,
437269.16,344108.56,,
437479.0,344108.56,,
437688.88,344108.56,,
437898.72,344108.56,,
438108.6,344108.56,,
438318.47,344108.56,,
438528.3,344108.56,,
438738.2,344108.56,,
438948.03,344108.56,,
439157.9,344108.56,,
439367.78,344108.56,,
439577.62,344108.56,,
439787.5,344108.56,,
439997.38,344108.56,,
440207.22,344108.56,,
440417.1,344108.56,,
440626.94,344108.56,80.0,-4.0
440836.8,344108.56,80.0,-4.0
441046.7,344108.56,80.0,-4.0
441256.53,344108.56,80.0,-4.0
441466.4,344108.56,80.0,8.0
441676.25,344108.56,80.0,8.0
441886.12,344108.56,68.0,8.0
442096.0,344108.56,68.0,8.0
442305.84,344108.56,68.0,8.0
442515.72,344108.56,68.0,8.0
442725.6,344108.56,68.0,8.0
442935.44,344108.56,80.0,8.0
443145.3,344108.56,80.0,8.0
443355.16,344108.56,80.0,8.0
443565.03,344108.56,80.0,8.0
443774.9,344108.56,80.0,8.0
443984.75,344108.56,80.0,8.0
444194.62,344108.56,80.0,8.0
444404.47,344108.56,80.0,8.0
444614.34,344108.56,68.0,8.0
444824.22,344108.56,68.0,8.0
445034.06,344108.56,68.0,20.0
445243.94,344108.56,68.0,20.0
445453.8,344108.56,56.0,20.0
445663.66,344108.56,56.0,20.0
445873.53,344108.56,56.0,20.0
446083.38,344108.56,44.0,20.0
446293.25,344108.56,32.0,32.0
446503.12,344108.56,,
446712.97,344108.56,,
446922.84,344108.56,,
447132.7,344108.56,,
447342.56,344108.56,,
447552.44,344108.56,,
447762.28,344108.56,,
447972.16,344108.56,,
448182.03,344108.56,,
448391.88,344108.56,,
448601.75,344108.56,,
448811.6,344108.56,,
449021.47,344108.56,,
449231.34,344108.56,,
449441.2,344108.56,,
449651.06,344108.56,,
449860.9,344108.56,,
450070.78,344108.56,,
450280.66,344108.56,,
450490.5,344108.56,,
450700.38,344108.56,,
450910.25,344108.56,,
451120.1,344108.56,,
451329.97,344108.56,,
451539.8,344108.56,,
451749.7,344108.56,,
451959.56,344108.56,,
452169.4,344108.56,,
452379.28,344108.56,,
452589.12,344108.56,,
452799.0,344108.56,,
453008.88,344108.56,,
453218.72,344108.56,,
453428.6,344108.56,,
453638.47,344108.56,,
453848.3,344108.56,,
454058.2,344108.56,,
454268.03,344108.56,,
454477.9,344108.56,,
454687.78,344108.56,,
454897.62,344108.56,,
455107.5,344108.56,,
455317.34,344108.56,,
455527.22,344108.56,,
455737.1,344108.56,,
455946.94,344108.56,,
456156.8,344108.56,,
456366.7,344108.56,32.0,-100.0
456576.53,344108.56,32.0,-88.0
456786.4,344108.56,32.0,-88.0
456996.25,344108.56,32.0,-88.0
457206.12,344108.56,32.0,-88.0
457416.0,344108.56,32.0,-88.0
457625.84,344108.56,32.0,-76.0
457835.72,344108.56,20.0,-76.0
458045.6,344108.56,20.0,-76.0
458255.44,344108.56,20.0,-76.0
458465.3,344108.56,20.0,-76.0
458675.16,344108.56,20.0,-76.0
458885.03,344108.56,20.0,-64.0
459094.9,344108.56,20.0,-64.0
459304.75,344108.56,8.0,-64.0
459514.62,344108.56,8.0,-64.0
459724.47,344108.56,8.0,-64.0
459934.34,344108.56,8.0,-52.0
460144.22,344108.56,8.0,-52.0
418381.47,344311.2,308.0,248.0
418591.34,344311.2,308.0,248.0
418801.2,344311.2,308.0,248.0
419011.06,344311.2,392.0,248.0
419220.94,344311.2,392.0,248.0
419430.78,344311.2,392.0,248.0
419640.66,344311.2,308.0,248.0
419850.5,344311.2,308.0,248.0
420060.38,344311.2,308.0,248.0
420270.25,344311.2,308.0,248.0
420480.1,344311.2,308.0,248.0
420689.97,344311.2,308.0,248.0
420899.84,344311.2,404.0,104.0
421109.7,344311.2,404.0,104.0
421319.56,344311.2,404.0,104.0
421529.4,344311.2,404.0,104.0
421739.28,344311.2,404.0,92.0
421949.16,344311.2,404.0,92.0
422159.0,344311.2,404.0,92.0
422368.88,344311.2,404.0,92.0
422578.72,344311.2,404.0,92.0
422788.6,344311.2,404.0,92.0
422998.47,344311.2,404.0,92.0
423208.3,344311.2,404.0,92.0
423418.2,344311.2,404.0,92.0
423628.06,344311.2,404.0,92.0
423837.9,344311.2,404.0,92.0
424047.78,344311.2,404.0,92.0
424257.62,344311.2,404.0,92.0
424467.5,344311.2,404.0,92.0
424677.38,344311.2,392.0,92.0
424887.22,344311.2,392.0,92.0
425097.1,344311.2,392.0,92.0
425306.94,344311.2,392.0,92.0
425516.8,344311.2,392.0,92.0
425726.7,344311.2,392.0,92.0
425936.53,344311.2,392.0,92.0
426146.4,344311.2,380.0,56.0
426356.28,344311.2,380.0,56.0
426566.12,344311.2,380.0,56.0
426776.0,344311.2,380.0,56.0
426985.84,344311.2,368.0,56.0
427195.72,344311.2,368.0,56.0
427405.6,344311.2,368.0,56.0
427615.44,344311.2,368.0,56.0
427825.3,344311.2,368.0,56.0
428035.16,344311.2,368.0,56.0
428245.03,344311.2,368.0,56.0
428454.9,344311.2,188.0,140.0
428664.75,344311.2,176.0,140.0
428874.62,344311.2,176.0,140.0
429084.5,344311.2,176.0,140.0
429294.34,344311.2,176.0,140.0
429504.22,344311.2,176.0,140.0
429714.06,344311.2,164.0,152.0
429923.94,344311.2,152.0,152.0
430133.8,344311.2,152.0,152.0
430343.66,344311.2,,
430553.53,344311.2,,
430763.38,344311.2,,
430973.25,344311.2,,
431183.12,344311.2,,
431392.97,344311.2,,
431602.84,344311.2,,
431812.72,344311.2,,
432022.56,344311.2,,
432232.44,344311.2,,
432442.28,344311.2,,
432652.16,344311.2,,
432862.03,344311.2,212.0,-16.0
433071.88,344311.2,212.0,-16.0
433281.75,344311.2,200.0,-16.0
433491.6,344311.2,200.0,-16.0
433701.47,344311.2,200.0,-16.0
433911.34,344311.2,200.0,-16.0
434121.2,344311.2,200.0,-16.0
434331.06,344311.2,200.0,-16.0
434540.94,344311.2,200.0,-16.0
434750.78,344311.2,,
434960.66,344311.2,,
435170.5,344311.2,,
435380.38,344311.2,,
435590.25,344311.2,,
435800.1,344311.2,,
436009.97,344311.2,,
436219.8,344311.2,,
436429.7,344311.2,,
436639.56,344311.2,,
436849.4,344311.2,,
437059.28,344311.2,,
437269.16,344311.2,,
437479.0,344311.2,,
437688.88,344311.2,,
437898.72,344311.2,,
438108.6,344311.2,,
438318.47,344311.2,,
438528.3,344311.2,,
438738.2,344311.2,,
438948.03,344311.2,,
439157.9,344311.2,,
439367.78,344311.2,,
439577.62,344311.2,,
439787.5,344311.2,,
439997.38,344311.2,,
440207.22,344311.2,,
440417.1,344311.2,80.0,-4.0
440626.94,344311.2,80.0,-4.0
440836.8,344311.2,80.0,-4.0
441046.7,344311.2,80.0,-4.0
441256.53,344311.2,80.0,-4.0
441466.4,344311.2,80.0,-4.0
441676.25,344311.2,80.0,8.0
441886.12,344311.2,80.0,8.0
442096.0,344311.2,80.0,8.0
442305.84,344311.2,68.0,8.0
442515.72,344311.2,68.0,8.0
442725.6,344311.2,68.0,8.0
442935.44,344311.2,92.0,8.0
443145.3,344311.2,80.0,8.0
443355.16,344311.2,80.0,8.0
443565.03,344311.2,80.0,8.0
443774.9,344311.2,80.0,8.0
443984.75,344311.2,80.0,8.0
444194.62,344311.2,80.0,8.0
444404.47,344311.2,80.0,8.0
444614.34,344311.2,80.0,8.0
444824.22,344311.2,68.0,8.0
445034.06,344311.2,68.0,8.0
445243.94,344311.2,68.0,8.0
445453.8,344311.2,68.0,20.0
445663.66,344311.2,68.0,20.0
445873.53,344311.2,56.0,20.0
446083.38,344311.2,56.0,20.0
446293.25,344311.2,44.0,20.0
446503.12,344311.2,44.0,32.0
446712.97,344311.2,,
446922.84,344311.2,,
447132.7,344311.2,,
447342.56,344311.2,,
447552.44,344311.2,,
447762.28,344311.2,,
447972.16,344311.2,,
448182.03,344311.2,,
448391.88,344311.2,,
448601.75,344311.2,,
448811.6,344311.2,,
449021.47,344311.2,,
449231.34,344311.2,,
449441.2,344311.2,,
449651.06,344311.2,,
449860.9,344311.2,,
450070.78,344311.2,,
450280.66,344311.2,,
450490.5,344311.2,,
450700.38,344311.2,,
450910.25,344311.2,,
451120.1,344311.2,,
451329.97,344311.2,,
451539.8,344311.2,,
451749.7,344311.2,,
451959.56,344311.2,,
452169.4,344311.2,,
452379.28,344311.2,,
452589.12,344311.2,,
452799.0,344311.2,,
453008.88,344311.2,,
453218.72,344311.2,,
453428.6,344311.2,,
453638.47,344311.2,,
453848.3,344311.2,,
454058.2,344311.2,,
454268.03,344311.2,,
454477.9,344311.2,,
454687.78,344311.2,,
454897.62,344311.2,,
455107.5,344311.2,,
455317.34,344311.2,,
455527.22,344311.2,,
455737.1,344311.2,,
455946.94,344311.2,,
456156.8,344311.2,,
456366.7,344311.2,44.0,-100.0
456576.53,344311.2,44.0,-100.0
456786.4,344311.2,32.0,-88.0
456996.25,344311.2,32.0,-88.0
457206.12,344311.2,32.0,-88.0
457416.0,344311.2,32.0,-88.0
457625.84,344311.2,32.0,-88.0
457835.72,344311.2,32.0,-88.0
458045.6,344311.2,20.0,-76.0
458255.44,344311.2,20.0,-76.0
458465.3,344311.2,20.0,-76.0
458675.16,344311.2,20.0,-76.0
458885.03,344311.2,20.0,-76.0
459094.9,344311.2,20.0,-76.0
459304.75,344311.2,20.0,-64.0
459514.62,344311.2,20.0,-64.0
459724.47,344311.2,8.0,-64.0
459934.34,344311.2,8.0,-64.0
460144.22,344311.2,8.0,-64.0
418381.47,344513.78,308.0,248.0
418591.34,344513.78,308.0,248.0
418801.2,344513.78,308.0,248.0
419011.06,344513.78,308.0,248.0
419220.94,344513.78,308.0,248.0
419430.78,344513.78,308.0,248.0
419640.66,344513.78,308.0,248.0
419850.5,344513.78,308.0,248.0
420060.38,344513.78,308.0,248.0
420270.25,344513.78,308.0,248.0
420480.1,344513.78,308.0,248.0
420689.97,344513.78,308.0,248.0
420899.84,344513.78,404.0,104.0
421109.7,344513.78,404.0,104.0
421319.56,344513.78,404.0,104.0
421529.4,344513.78,404.0,104.0
421739.28,344513.78,404.0,104.0
421949.16,344513.78,404.0,92.0
422159.0,344513.78,404.0,92.0
422368.88,344513.78,404.0,92.0
422578.72,344513.78,404.0,92.0
422788.6,344513.78,404.0,92.0
422998.47,344513.78,404.0,92.0
423208.3,344513.78,404.0,92.0
423418.2,344513.78,404.0,92.0
423628.06,344513.78,404.0,92.0
423837.9,344513.78,404.0,92.0
424047.78,344513.78,404.0,92.0
424257.62,344513.78,404.0,92.0
424467.5,344513.78,404.0,92.0
424677.38,344513.78,392.0,92.0
424887.22,344513.78,392.0,92.0
425097.1,344513.78,392.0,92.0
425306.94,344513.78,392.0,92.0
425516.8,344513.78,392.0,92.0
425726.7,344513.78,392.0,92.0
425936.53,344513.78,380.0,56.0
426146.4,344513.78,380.0,56.0
426356.28,344513.78,380.0,56.0
426566.12,344513.78,380.0,56.0
426776.0,344513.78,380.0,56.0
426985.84,344513.78,380.0,56.0
427195.72,344513.78,380.0,56.0
427405.6,344513.78,368.0,56.0
427615.44,344513.78,368.0,56.0
427825.3,344513.78,368.0,56.0
428035.16,344513.78,368.0,56.0
428245.03,344513.78,368.0,56.0
428454.9,344513.78,368.0,56.0
428664.75,344513.78,188.0,140.0
428874.62,344513.78,188.0,140.0
429084.5,344513.78,176.0,140.0
429294.34,344513.78,176.0,140.0
429504.22,344513.78,176.0,140.0
429714.06,344513.78,164.0,152.0
429923.94,344513.78,152.0,152.0
430133.8,344513.78,152.0,152.0
430343.66,344513.78,152.0,152.0
430553.53,344513.78,,
430763.38,344513.78,,
430973.25,344513.78,,
431183.12,344513.78,,
431392.97,344513.78,,
431602.84,344513.78,,
431812.72,344513.78,,
432022.56,344513.78,,
432232.44,344513.78,,
432442.28,344513.78,,
432652.16,344513.78,212.0,-16.0
432862.03,344513.78,212.0,-16.0
433071.88,344513.78,212.0,-16.0
433281.75,344513.78,212.0,-16.0
433491.6,344513.78,200.0,-16.0
433701.47,344513.78,200.0,-16.0
433911.34,344513.78,200.0,-16.0
434121.2,344513.78,200.0,-16.0
434331.06,344513.78,200.0,-16.0
434540.94,344513.78,200.0,-16.0
434750.78,344513.78,,
434960.66,344513.78,,
435170.5,344513.78,,
435380.38,344513.78,,
435590.25,344513.78,,
435800.1,344513.78,,
436009.97,344513.78,,
436219.8,344513.78,,
436429.7,344513.78,,
436639.56,344513.78,,
436849.4,344513.78,,
437059.28,344513.78,,
437269.16,344513.78,,
437479.0,344513.78,,
437688.88,344513.78,,
437898.72,344513.78,,
438108.6,344513.78,,
438318.47,344513.78,,
438528.3,344513.78,,
438738.2,344513.78,,
438948.03,344513.78,,
439157.9,344513.78,,
439367.78,344513.78,,
439577.62,344513.78,,
439787.5,344513.78,,
439997.38,344513.78,,
440207.22,344513.78,,
440417.1,344513.78,92.0,-4.0
440626.94,344513.78,92.0,-4.0
440836.8,344513.78,80.0,-4.0
441046.7,344513.78,80.0,-4.0
441256.53,344513.78,80.0,-4.0
441466.4,344513.78,80.0,-4.0
441676.25,344513.78,80.0,-4.0
441886.12,344513.78,80.0,-4.0
442096.0,344513.78,80.0,-4.0
442305.84,344513.78,80.0,8.0
442515.72,344513.78,80.0,8.0
442725.6,344513.78,68.0,8.0
442935.44,344513.78,92.0,-4.0
443145.3,344513.78,92.0,-4.0
443355.16,344513.78,92.0,-4.0
443565.03,344513.78,80.0,-4.0
443774.9,344513.78,80.0,-4.0
443984.75,344513.78,80.0,8.0
444194.62,344513.78,80.0,8.0
444404.47,344513.78,80.0,8.0
444614.34,344513.78,80.0,8.0
444824.22,344513.78,80.0,8.0
445034.06,344513.78,68.0,8.0
445243.94,344513.78,68.0,8.0
445453.8,344513.78,68.0,8.0
445663.66,344513.78,68.0,8.0
445873.53,344513.78,68.0,20.0
446083.38,344513.78,68.0,20.0
446293.25,344513.78,56.0,20.0
446503.12,344513.78,56.0,20.0
446712.97,344513.78,56.0,20.0
446922.84,344513.78,32.0,32.0
447132.7,344513.78,,
447342.56,344513.78,,
447552.44,344513.78,,
447762.28,344513.78,,
447972.16,344513.78,,
448182.03,344513.78,,
448391.88,344513.78,,
448601.75,344513.78,,
448811.6,344513.78,,
449021.47,344513.78,,
449231.34,344513.78,,
449441.2,344513.78,,
449651.06,344513.78,,
449860.9,344513.78,,
450070.78,344513.78,,
450280.66,344513.78,,
450490.5,344513.78,,
450700.38,344513.78,,
450910.25,344513.78,,
451120.1,344513.78,,
451329.97,344513.78,,
451539.8,344513.78,,
451749.7,344513.78,,
451959.56,344513.78,,
452169.4,344513.78,,
452379.28,344513.78,,
452589.12,344513.78,,
452799.0,344513.78,,
453008.88,344513.78,,
453218.72,344513.78,,
453428.6,344513.78,,
453638.47,344513.78,,
453848.3,344513.78,,
454058.2,344513.78,,
454268.03,344513.78,,
454477.9,344513.78,,
454687.78,344513.78,,
454897.62,344513.78,,
455107.5,344513.78,,
455317.34,344513.78,,
455527.22,344513.78,,
455737.1,344513.78,,
455946.94,344513.78,,
456156.8,344513.78,44.0,-100.0
456366.7,344513.78,44.0,-100.0
456576.53,344513.78,44.0,-100.0
456786.4,344513.78,44.0,-100.0
456996.25,344513.78,44.0,-88.0
457206.12,344513.78,32.0,-88.0
457416.0,344513.78,32.0,-88.0
457625.84,344513.78,32.0,-88.0
457835.72,344513.78,32.0,-88.0
458045.6,344513.78,32.0,-88.0
458255.44,344513.78,32.0,-88.0
458465.3,344513.78,20.0,-76.0
458675.16,344513.78,20.0,-76.0
458885.03,344513.78,20.0,-76.0
459094.9,344513.78,20.0,-76.0
459304.75,344513.78,20.0,-76.0
459514.62,344513.78,20.0,-76.0
459724.47,344513.78,20.0,-64.0
459934.34,344513.78,20.0,-64.0
460144.22,344513.78,68.0,-124.0
418381.47,344716.4,308.0,248.0
418591.34,344716.4,308.0,248.0
418801.2,344716.4,308.0,248.0
419011.06,344716.4,308.0,248.0
419220.94,344716.4,308.0,248.0
419430.78,344716.4,308.0,248.0
419640.66,344716.4,308.0,248.0
419850.5,344716.4,308.0,248.0
420060.38,344716.4,308.0,248.0
420270.25,344716.4,308.0,248.0
420480.1,344716.4,308.0,248.0
420689.97,344716.4,308.0,248.0
420899.84,344716.4,404.0,104.0
421109.7,344716.4,404.0,104.0
421319.56,344716.4,404.0,104.0
421529.4,344716.4,404.0,104.0
421739.28,344716.4,404.0,104.0
421949.16,344716.4,404.0,92.0
422159.0,344716.4,404.0,92.0
422368.88,344716.4,404.0,92.0
422578.72,344716.4,404.0,92.0
422788.6,344716.4,404.0,92.0
422998.47,344716.4,404.0,92.0
423208.3,344716.4,404.0,92.0
423418.2,344716.4,404.0,92.0
423628.06,344716.4,404.0,92.0
423837.9,344716.4,404.0,92.0
424047.78,344716.4,404.0,92.0
424257.62,344716.4,404.0,92.0
424467.5,344716.4,404.0,92.0
424677.38,344716.4,392.0,92.0
424887.22,344716.4,392.0,92.0
425097.1,344716.4,392.0,92.0
425306.94,344716.4,392.0,92.0
425516.8,344716.4,392.0,92.0
425726.7,344716.4,392.0,92.0
425936.53,344716.4,380.0,56.0
426146.4,344716.4,380.0,56.0
426356.28,344716.4,380.0,56.0
426566.12,344716.4,380.0,56.0
426776.0,344716.4,380.0,56.0
426985.84,344716.4,380.0,56.0
427195.72,344716.4,380.0,56.0
427405.6,344716.4,380.0,56.0
427615.44,344716.4,368.0,56.0
427825.3,344716.4,368.0,56.0
428035.16,344716.4,368.0,56.0
428245.03,344716.4,368.0,56.0
428454.9,344716.4,368.0,56.0
428664.75,344716.4,188.0,140.0
428874.62,344716.4,188.0,140.0
429084.5,344716.4,188.0,140.0
429294.34,344716.4,188.0,140.0
429504.22,344716.4,188.0,140.0
429714.06,344716.4,176.0,152.0
429923.94,344716.4,164.0,152.0
430133.8,344716.4,152.0,152.0
430343.66,344716.4,152.0,152.0
430553.53,344716.4,,
430763.38,344716.4,,
430973.25,344716.4,,
431183.12,344716.4,,
431392.97,344716.4,,
431602.84,344716.4,,
431812.72,344716.4,,
432022.56,344716.4,,
432232.44,344716.4,,
432442.28,344716.4,212.0,-16.0
432652.16,344716.4,212.0,-16.0
432862.03,344716.4,212.0,-16.0
433071.88,344716.4,212.0,-16.0
433281.75,344716.4,212.0,-16.0
433491.6,344716.4,212.0,-16.0
433701.47,344716.4,200.0,-16.0
433911.34,344716.4,200.0,-16.0
434121.2,344716.4,200.0,-16.0
434331.06,344716.4,200.0,-16.0
434540.94,344716.4,200.0,-16.0
434750.78,344716.4,,
434960.66,344716.4,,
435170.5,344716.4,,
435380.38,344716.4,,
435590.25,344716.4,,
435800.1,344716.4,,
436009.97,344716.4,,
436219.8,344716.4,,
436429.7,344716.4,,
436639.56,344716.4,,
436849.4,344716.4,,
437059.28,344716.4,,
437269.16,344716.4,,
437479.0,344716.4,,
437688.88,344716.4,,
437898.72,344716.4,,
438108.6,344716.4,,
438318.47,344716.4,,
438528.3,344716.4,,
438738.2,344716.4,,
438948.03,344716.4,,
439157.9,344716.4,,
439367.78,344716.4,,
439577.62,344716.4,,
439787.5,344716.4,,
439997.38,344716.4,,
440207.22,344716.4,92.0,-4.0
440417.1,344716.4,92.0,-4.0
440626.94,344716.4,92.0,-4.0
440836.8,344716.4,92.0,-4.0
441046.7,344716.4,92.0,-4.0
441256.53,344716.4,80.0,-4.0
441466.4,344716.4,80.0,-4.0
441676.25,344716.4,80.0,-4.0
441886.12,344716.4,80.0,-4.0
442096.0,344716.4,80.0,-4.0
442305.84,344716.4,80.0,-4.0
442515.72,344716.4,80.0,-4.0
442725.6,344716.4,80.0,-4.0
442935.44,344716.4,92.0,-4.0
443145.3,344716.4,92.0,-4.0
443355.16,344716.4,92.0,-4.0
443565.03,344716.4,92.0,-4.0
443774.9,344716.4,80.0,-4.0
443984.75,344716.4,80.0,-4.0
444194.62,344716.4,80.0,-4.0
444404.47,344716.4,80.0,8.0
444614.34,344716.4,80.0,8.0
444824.22,344716.4,80.0,8.0
445034.06,344716.4,80.0,8.0
445243.94,344716.4,68.0,8.0
445453.8,344716.4,68.0,8.0
445663.66,344716.4,68.0,8.0
445873.53,344716.4,68.0,8.0
446083.38,344716.4,68.0,8.0
446293.25,344716.4,68.0,20.0
446503.12,344716.4,68.0,20.0
446712.97,344716.4,68.0,20.0
446922.84,344716.4,68.0,20.0
447132.7,344716.4,68.0,20.0
447342.56,344716.4,68.0,44.0
447552.44,344716.4,68.0,56.0
447762.28,344716.4,,
447972.16,344716.4,,
448182.03,344716.4,,
448391.88,344716.4,,
448601.75,344716.4,,
448811.6,344716.4,,
449021.47,344716.4,,
449231.34,344716.4,,
449441.2,344716.4,,
449651.06,344716.4,,
449860.9,344716.4,,
450070.78,344716.4,,
450280.66,344716.4,,
450490.5,344716.4,,
450700.38,344716.4,,
450910.25,344716.4,,
451120.1,344716.4,,
451329.97,344716.4,,
451539.8,344716.4,,
451749.7,344716.4,,
451959.56,344716.4,,
452169.4,344716.4,,
452379.28,344716.4,,
452589.12,344716.4,,
452799.0,344716.4,,
453008.88,344716.4,,
453218.72,344716.4,,
453428.6,344716.4,,
453638.47,344716.4,,
453848.3,344716.4,,
454058.2,344716.4,,
454268.03,344716.4,,
454477.9,344716.4,,
454687.78,344716.4,,
454897.62,344716.4,,
455107.5,344716.4,,
455317.34,344716.4,,
455527.22,344716.4,,
455737.1,344716.4,,
455946.94,344716.4,,
456156.8,344716.4,44.0,-100.0
456366.7,344716.4,44.0,-100.0
456576.53,344716.4,44.0,-100.0
456786.4,344716.4,44.0,-100.0
456996.25,344716.4,44.0,-100.0
457206.12,344716.4,44.0,-100.0
457416.0,344716.4,32.0,-88.0
457625.84,344716.4,32.0,-88.0
457835.72,344716.4,32.0,-88.0
458045.6,344716.4,32.0,-88.0
458255.44,344716.4,32.0,-88.0
458465.3,344716.4,32.0,-88.0
458675.16,344716.4,32.0,-88.0
458885.03,344716.4,32.0,-76.0
459094.9,344716.4,20.0,-76.0
459304.75,344716.4,20.0,-76.0
459514.62,344716.4,20.0,-76.0
459724.47,344716.4,20.0,-76.0
459934.34,344716.4,68.0,-124.0
460144.22,344716.4,68.0,-124.0
418381.47,344919.03,308.0,248.0
418591.34,344919.03,308.0,248.0
418801.2,344919.03,308.0,248.0
419011.06,344919.03,308.0,248.0
419220.94,344919.03,308.0,248.0
419430.78,344919.03,308.0,248.0
419640.66,344919.03,308.0,248.0
419850.5,344919.03,308.0,248.0
420060.38,344919.03,308.0,248.0
420270.25,344919.03,308.0,248.0
420480.1,344919.03,308.0,248.0
420689.97,344919.03,308.0,248.0
420899.84,344919.03,404.0,104.0
421109.7,344919.03,404.0,104.0
421319.56,344919.03,404.0,104.0
421529.4,344919.03,404.0,104.0
421739.28,344919.03,404.0,104.0
421949.16,344919.03,404.0,104.0
422159.0,344919.03,404.0,92.0
422368.88,344919.03,404.0,92.0
422578.72,344919.03,404.0,92.0
422788.6,344919.03,404.0,92.0
422998.47,344919.03,404.0,92.0
423208.3,344919.03,404.0,92.0
423418.2,344919.03,404.0,92.0
423628.06,344919.03,404.0,92.0
423837.9,344919.03,404.0,92.0
424047.78,344919.03,404.0,92.0
424257.62,344919.03,404.0,92.0
424467.5,344919.03,404.0,92.0
424677.38,344919.03,404.0,92.0
424887.22,344919.03,392.0,92.0
425097.1,344919.03,392.0,92.0
425306.94,344919.03,392.0,92.0
425516.8,344919.03,392.0,92.0
425726.7,344919.03,380.0,56.0
425936.53,344919.03,380.0,56.0
426146.4,344919.03,380.0,56.0
426356.28,344919.03,380.0,56.0
426566.12,344919.03,380.0,56.0
426776.0,344919.03,380.0,56.0
426985.84,344919.03,380.0,56.0
427195.72,344919.03,380.0,56.0
427405.6,344919.03,380.0,56.0
427615.44,344919.03,380.0,56.0
427825.3,344919.03,368.0,56.0
428035.16,344919.03,368.0,56.0
428245.03,344919.03,368.0,56.0
428454.9,344919.03,368.0,56.0
428664.75,344919.03,200.0,140.0
428874.62,344919.03,188.0,140.0
429084.5,344919.03,188.0,140.0
429294.34,344919.03,188.0,140.0
429504.22,344919.03,188.0,140.0
429714.06,344919.03,188.0,152.0
429923.94,344919.03,176.0,152.0
430133.8,344919.03,152.0,152.0
430343.66,344919.03,152.0,152.0
430553.53,344919.03,,
430763.38,344919.03,,
430973.25,344919.03,,
431183.12,344919.03,,
431392.97,344919.03,,
431602.84,344919.03,,
431812.72,344919.03,,
432022.56,344919.03,,
432232.44,344919.03,212.0,-16.0
432442.28,344919.03,212.0,-16.0
432652.16,344919.03,212.0,-16.0
432862.03,344919.03,212.0,-16.0
433071.88,344919.03,212.0,-16.0
433281.75,344919.03,212.0,-16.0
433491.6,344919.03,212.0,-16.0
433701.47,344919.03,212.0,-16.0
433911.34,344919.03,200.0,-16.0
434121.2,344919.03,200.0,-16.0
434331.06,344919.03,200.0,-16.0
434540.94,344919.03,200.0,-16.0
434750.78,344919.03,,
434960.66,344919.03,,
435170.5,344919.03,,
435380.38,344919.03,,
435590.25,344919.03,,
435800.1,344919.03,,
436009.97,344919.03,,
436219.8,344919.03,,
436429.7,344919.03,,
436639.56,344919.03,,
436849.4,344919.03,,
437059.28,344919.03,,
437269.16,344919.03,,
437479.0,344919.03,,
437688.88,344919.03,,
437898.72,344919.03,,
438108.6,344919.03,,
438318.47,344919.03,,
438528.3,344919.03,,
438738.2,344919.03,,
438948.03,344919.03,,
439157.9,344919.03,,
439367.78,344919.03,,
439577.62,344919.03,,
439787.5,344919.03,,
439997.38,344919.03,,
440207.22,344919.03,92.0,-4.0
440417.1,344919.03,92.0,-4.0
440626.94,344919.03,92.0,-4.0
440836.8,344919.03,92.0,-4.0
441046.7,344919.03,92.0,-4.0
441256.53,344919.03,92.0,-4.0
441466.4,344919.03,80.0,-4.0
441676.25,344919.03,80.0,-4.0
441886.12,344919.03,80.0,-4.0
442096.0,344919.03,80.0,-4.0
442305.84,344919.03,80.0,-4.0
442515.72,344919.03,80.0,-4.0
442725.6,344919.03,80.0,-4.0
442935.44,344919.03,92.0,-4.0
443145.3,344919.03,92.0,-4.0
443355.16,344919.03,92.0,-4.0
443565.03,344919.03,92.0,-4.0
443774.9,344919.03,92.0,-4.0
443984.75,344919.03,80.0,-4.0
444194.62,344919.03,80.0,-4.0
444404.47,344919.03,80.0,-4.0
444614.34,344919.03,80.0,-4.0
444824.22,344919.03,80.0,-4.0
445034.06,344919.03,80.0,8.0
445243.94,344919.03,80.0,8.0
445453.8,344919.03,80.0,8.0
445663.66,344919.03,80.0,8.0
445873.53,344919.03,68.0,8.0
446083.38,344919.03,68.0,8.0
446293.25,344919.03,68.0,8.0
446503.12,344919.03,68.0,8.0
446712.97,344919.03,68.0,20.0
446922.84,344919.03,68.0,20.0
447132.7,344919.03,68.0,20.0
447342.56,344919.03,68.0,20.0
447552.44,344919.03,68.0,20.0
447762.28,344919.03,68.0,44.0
447972.16,344919.03,68.0,44.0
448182.03,344919.03,,
448391.88,344919.03,,
448601.75,344919.03,,
448811.6,344919.03,,
449021.47,344919.03,,
449231.34,344919.03,,
449441.2,344919.03,,
449651.06,344919.03,,
449860.9,344919.03,,
450070.78,344919.03,,
450280.66,344919.03,,
450490.5,344919.03,,
450700.38,344919.03,,
450910.25,344919.03,,
451120.1,344919.03,,
451329.97,344919.03,,
451539.8,344919.03,56.0,56.0
451749.7,344919.03,,
451959.56,344919.03,,
452169.4,344919.03,,
452379.28,344919.03,,
452589.12,344919.03,,
452799.0,344919.03,,
453008.88,344919.03,,
453218.72,344919.03,,
453428.6,344919.03,,
453638.47,344919.03,,
453848.3,344919.03,,
454058.2,344919.03,,
454268.03,344919.03,,
454477.9,344919.03,,
454687.78,344919.03,,
454897.62,344919.03,,
455107.5,344919.03,,
455317.34,344919.03,,
455527.22,344919.03,,
455737.1,344919.03,,
455946.94,344919.03,56.0,-112.0
456156.8,344919.03,44.0,-112.0
456366.7,344919.03,44.0,-112.0
456576.53,344919.03,44.0,-100.0
456786.4,344919.03,44.0,-100.0
456996.25,344919.03,44.0,-100.0
457206.12,344919.03,44.0,-100.0
457416.0,344919.03,44.0,-100.0
457625.84,344919.03,44.0,-100.0
457835.72,344919.03,32.0,-88.0
458045.6,344919.03,32.0,-88.0
458255.44,344919.03,32.0,-88.0
458465.3,344919.03,32.0,-88.0
458675.16,344919.03,32.0,-88.0
458885.03,344919.03,32.0,-88.0
459094.9,344919.03,32.0,-76.0
459304.75,344919.03,32.0,-76.0
459514.62,344919.03,20.0,-76.0
459724.47,344919.03,20.0,-76.0
459934.34,344919.03,68.0,-136.0
460144.22,344919.03,68.0,-124.0
418381.47,345121.66,308.0,248.0
418591.34,345121.66,308.0,248.0
418801.2,345121.66,308.0,248.0
419011.06,345121.66,308.0,248.0
419220.94,345121.66,308.0,248.0
419430.78,345121.66,308.0,248.0
419640.66,345121.66,308.0,248.0
419850.5,345121.66,308.0,248.0
420060.38,345121.66,308.0,248.0
420270.25,345121.66,308.0,248.0
420480.1,345121.66,308.0,248.0
420689.97,345121.66,308.0,248.0
420899.84,345121.66,404.0,104.0
421109.7,345121.66,404.0,104.0
421319.56,345121.66,404.0,104.0
421529.4,345121.66,404.0,104.0
421739.28,345121.66,404.0,104.0
421949.16,345121.66,404.0,104.0
422159.0,345121.66,404.0,104.0
422368.88,345121.66,404.0,92.0
422578.72,345121.66,404.0,92.0
422788.6,345121.66,404.0,92.0
422998.47,345121.66,404.0,92.0
423208.3,345121.66,404.0,92.0
423418.2,345121.66,404.0,92.0
423628.06,345121.66,404.0,92.0
423837.9,345121.66,404.0,92.0
424047.78,345121.66,404.0,92.0
424257.62,345121.66,404.0,92.0
424467.5,345121.66,404.0,92.0
424677.38,345121.66,404.0,92.0
424887.22,345121.66,392.0,92.0
425097.1,345121.66,392.0,92.0
425306.94,345121.66,392.0,92.0
425516.8,345121.66,380.0,56.0
425726.7,345121.66,380.0,56.0
425936.53,345121.66,380.0,56.0
426146.4,345121.66,380.0,56.0
426356.28,345121.66,380.0,56.0
426566.12,345121.66,380.0,56.0
426776.0,345121.66,380.0,56.0
426985.84,345121.66,380.0,56.0
427195.72,345121.66,380.0,56.0
427405.6,345121.66,380.0,56.0
427615.44,345121.66,380.0,56.0
427825.3,345121.66,380.0,56.0
428035.16,345121.66,368.0,56.0
428245.03,345121.66,368.0,56.0
428454.9,345121.66,368.0,56.0
428664.75,345121.66,368.0,8.0
428874.62,345121.66,368.0,8.0
429084.5,345121.66,200.0,140.0
429294.34,345121.66,188.0,140.0
429504.22,345121.66,188.0,140.0
429714.06,345121.66,188.0,152.0
429923.94,345121.66,188.0,152.0
430133.8,345121.66,188.0,152.0
430343.66,345121.66,152.0,152.0
430553.53,345121.66,152.0,152.0
430763.38,345121.66,,
430973.25,345121.66,,
431183.12,345121.66,,
431392.97,345121.66,,
431602.84,345121.66,,
431812.72,345121.66,,
432022.56,345121.66,224.0,-16.0
432232.44,345121.66,224.0,-16.0
432442.28,345121.66,212.0,-16.0
432652.16,345121.66,212.0,-16.0
432862.03,345121.66,212.0,-16.0
433071.88,345121.66,212.0,-16.0
433281.75,345121.66,212.0,-16.0
433491.6,345121.66,212.0,-16.0
433701.47,345121.66,212.0,-16.0
433911.34,345121.66,212.0,-16.0
434121.2,345121.66,200.0,-16.0
434331.06,345121.66,200.0,-16.0
434540.94,345121.66,200.0,-16.0
434750.78,345121.66,,
434960.66,345121.66,,
435170.5,345121.66,,
435380.38,345121.66,,
435590.25,345121.66,,
435800.1,345121.66,,
436009.97,345121.66,,
436219.8,345121.66,,
436429.7,345121.66,,
436639.56,345121.66,,
436849.4,345121.66,,
437059.28,345121.66,,
437269.16,345121.66,,
437479.0,345121.66,,
437688.88,345121.66,,
437898.72,345121.66,,
438108.6,345121.66,,
438318.47,345121.66,,
438528.3,345121.66,,
438738.2,345121.66,,
438948.03,345121.66,,
439157.9,345121.66,,
439367.78,345121.66,,
439577.62,345121.66,,
439787.5,345121.66,,
439997.38,345121.66,92.0,-4.0
440207.22,345121.66,92.0,-4.0
440417.1,345121.66,92.0,-4.0
440626.94,345121.66,92.0,-4.0
440836.8,345121.66,92.0,-4.0
441046.7,345121.66,92.0,-4.0
441256.53,345121.66,92.0,-4.0
441466.4,345121.66,92.0,-4.0
441676.25,345121.66,92.0,-4.0
441886.12,345121.66,80.0,-4.0
442096.0,345121.66,80.0,-4.0
442305.84,345121.66,80.0,-4.0
442515.72,345121.66,80.0,-4.0
442725.6,345121.66,80.0,-4.0
442935.44,345121.66,92.0,-4.0
443145.3,345121.66,92.0,-4.0
443355.16,345121.66,92.0,-4.0
443565.03,345121.66,92.0,-4.0
443774.9,345121.66,92.0,-4.0
443984.75,345121.66,92.0,-4.0
444194.62,345121.66,80.0,-4.0
444404.47,345121.66,80.0,-4.0
444614.34,345121.66,80.0,-4.0
444824.22,345121.66,80.0,-4.0
445034.06,345121.66,80.0,-4.0
445243.94,345121.66,80.0,-4.0
445453.8,345121.66,80.0,8.0
445663.66,345121.66,80.0,8.0
445873.53,345121.66,80.0,8.0
446083.38,345121.66,80.0,8.0
446293.25,345121.66,80.0,8.0
446503.12,345121.66,80.0,8.0
446712.97,345121.66,80.0,8.0
446922.84,345121.66,80.0,8.0
447132.7,345121.66,80.0,20.0
447342.56,345121.66,80.0,20.0
447552.44,345121.66,68.0,20.0
447762.28,345121.66,68.0,20.0
447972.16,345121.66,68.0,20.0
448182.03,345121.66,68.0,44.0
448391.88,345121.66,68.0,44.0
448601.75,345121.66,,
448811.6,345121.66,,
449021.47,345121.66,,
449231.34,345121.66,,
449441.2,345121.66,,
449651.06,345121.66,,
449860.9,345121.66,,
450070.78,345121.66,,
450280.66,345121.66,,
450490.5,345121.66,,
450700.38,345121.66,,
450910.25,345121.66,,
451120.1,345121.66,,
451329.97,345121.66,68.0,44.0
451539.8,345121.66,68.0,56.0
451749.7,345121.66,68.0,56.0
451959.56,345121.66,56.0,56.0
452169.4,345121.66,,
452379.28,345121.66,,
452589.12,345121.66,,
452799.0,345121.66,,
453008.88,345121.66,,
453218.72,345121.66,,
453428.6,345121.66,,
453638.47,345121.66,,
453848.3,345121.66,,
454058.2,345121.66,,
454268.03,345121.66,,
454477.9,345121.66,,
454687.78,345121.66,,
454897.62,345121.66,,
455107.5,345121.66,,
455317.34,345121.66,,
455527.22,345121.66,,
455737.1,345121.66,56.0,-112.0
455946.94,345121.66,56.0,-112.0
456156.8,345121.66,56.0,-112.0
456366.7,345121.66,56.0,-112.0
456576.53,345121.66,44.0,-112.0
456786.4,345121.66,44.0,-112.0
456996.25,345121.66,44.0,-112.0
457206.12,345121.66,44.0,-100.0
457416.0,345121.66,44.0,-100.0
457625.84,345121.66,44.0,-100.0
457835.72,345121.66,44.0,-100.0
458045.6,345121.66,44.0,-100.0
458255.44,345121.66,44.0,-88.0
458465.3,345121.66,32.0,-88.0
458675.16,345121.66,32.0,-88.0
458885.03,345121.66,32.0,-88.0
459094.9,345121.66,32.0,-88.0
459304.75,345121.66,32.0,-88.0
459514.62,345121.66,32.0,-76.0
459724.47,345121.66,80.0,-136.0
459934.34,345121.66,68.0,-136.0
460144.22,345121.66,68.0,-136.0
418381.47,345324.28,308.0,248.0
418591.34,345324.28,308.0,248.0
418801.2,345324.28,308.0,248.0
419011.06,345324.28,308.0,248.0
419220.94,345324.28,308.0,248.0
419430.78,345324.28,308.0,248.0
419640.66,345324.28,308.0,248.0
419850.5,345324.28,308.0,248.0
420060.38,345324.28,308.0,248.0
420270.25,345324.28,308.0,248.0
420480.1,345324.28,356.0,92.0
420689.97,345324.28,356.0,92.0
420899.84,345324.28,392.0,104.0
421109.7,345324.28,404.0,104.0
421319.56,345324.28,404.0,104.0
421529.4,345324.28,404.0,104.0
421739.28,345324.28,404.0,104.0
421949.16,345324.28,404.0,104.0
422159.0,345324.28,404.0,104.0
422368.88,345324.28,404.0,92.0
422578.72,345324.28,404.0,92.0
422788.6,345324.28,404.0,92.0
422998.47,345324.28,404.0,92.0
423208.3,345324.28,404.0,92.0
423418.2,345324.28,404.0,92.0
423628.06,345324.28,404.0,92.0
423837.9,345324.28,404.0,92.0
424047.78,345324.28,404.0,92.0
424257.62,345324.28,404.0,92.0
424467.5,345324.28,404.0,92.0
424677.38,345324.28,404.0,92.0
424887.22,345324.28,404.0,92.0
425097.1,345324.28,392.0,92.0
425306.94,345324.28,392.0,92.0
425516.8,345324.28,392.0,56.0
425726.7,345324.28,380.0,56.0
425936.53,345324.28,380.0,56.0
426146.4,345324.28,380.0,56.0
426356.28,345324.28,380.0,56.0
426566.12,345324.28,380.0,56.0
426776.0,345324.28,380.0,56.0
426985.84,345324.28,380.0,56.0
427195.72,345324.28,380.0,56.0
427405.6,345324.28,380.0,56.0
427615.44,345324.28,380.0,56.0
427825.3,345324.28,380.0,56.0
428035.16,345324.28,380.0,56.0
428245.03,345324.28,368.0,56.0
428454.9,345324.28,368.0,8.0
428664.75,345324.28,368.0,8.0
428874.62,345324.28,368.0,8.0
429084.5,345324.28,368.0,8.0
429294.34,345324.28,200.0,140.0
429504.22,345324.28,188.0,140.0
429714.06,345324.28,188.0,152.0
429923.94,345324.28,188.0,152.0
430133.8,345324.28,188.0,152.0
430343.66,345324.28,188.0,152.0
430553.53,345324.28,152.0,152.0
430763.38,345324.28,,
430973.25,345324.28,,
431183.12,345324.28,,
431392.97,345324.28,,
431602.84,345324.28,,
431812.72,345324.28,,
432022.56,345324.28,224.0,-16.0
432232.44,345324.28,224.0,-16.0
432442.28,345324.28,224.0,-16.0
432652.16,345324.28,212.0,-16.0
432862.03,345324.28,212.0,-16.0
433071.88,345324.28,212.0,-16.0
433281.75,345324.28,212.0,-16.0
433491.6,345324.28,212.0,-16.0
433701.47,345324.28,212.0,-16.0
433911.34,345324.28,212.0,-16.0
434121.2,345324.28,212.0,-16.0
434331.06,345324.28,200.0,-16.0
434540.94,345324.28,200.0,-16.0
434750.78,345324.28,,
434960.66,345324.28,,
435170.5,345324.28,,
435380.38,345324.28,,
435590.25,345324.28,,
435800.1,345324.28,,
436009.97,345324.28,,
436219.8,345324.28,,
436429.7,345324.28,,
436639.56,345324.28,,
436849.4,345324.28,,
437059.28,345324.28,,
437269.16,345324.28,,
437479.0,345324.28,,
437688.88,345324.28,,
437898.72,345324.28,,
438108.6,345324.28,,
438318.47,345324.28,,
438528.3,345324.28,,
438738.2,345324.28,,
438948.03,345324.28,,
439157.9,345324.28,,
439367.78,345324.28,,
439577.62,345324.28,,
439787.5,345324.28,,
439997.38,345324.28,104.0,-4.0
440207.22,345324.28,104.0,-4.0
440417.1,345324.28,92.0,-4.0
440626.94,345324.28,92.0,-4.0
440836.8,345324.28,92.0,-4.0
441046.7,345324.28,92.0,-4.0
441256.53,345324.28,92.0,-4.0
441466.4,345324.28,92.0,-4.0
441676.25,345324.28,92.0,-4.0
441886.12,345324.28,92.0,-4.0
442096.0,345324.28,92.0,-4.0
442305.84,345324.28,80.0,-4.0
442515.72,345324.28,80.0,-4.0
442725.6,345324.28,80.0,-4.0
442935.44,345324.28,92.0,-4.0
443145.3,345324.28,92.0,-4.0
443355.16,345324.28,92.0,-4.0
443565.03,345324.28,92.0,-4.0
443774.9,345324.28,92.0,-4.0
443984.75,345324.28,92.0,-4.0
444194.62,345324.28,92.0,-4.0
444404.47,345324.28,80.0,-4.0
444614.34,345324.28,80.0,-4.0
444824.22,345324.28,80.0,-4.0
445034.06,345324.28,80.0,-4.0
445243.94,345324.28,80.0,-4.0
445453.8,345324.28,80.0,-4.0
445663.66,345324.28,80.0,-4.0
445873.53,345324.28,80.0,8.0
446083.38,345324.28,80.0,8.0
446293.25,345324.28,80.0,8.0
446503.12,345324.28,80.0,8.0
446712.97,345324.28,80.0,8.0
446922.84,345324.28,80.0,8.0
447132.7,345324.28,80.0,8.0
447342.56,345324.28,80.0,8.0
447552.44,345324.28,80.0,8.0
447762.28,345324.28,80.0,20.0
447972.16,345324.28,68.0,20.0
448182.03,345324.28,68.0,20.0
448391.88,345324.28,68.0,32.0
448601.75,345324.28,68.0,44.0
448811.6,345324.28,,
449021.47,345324.28,,
449231.34,345324.28,,
449441.2,345324.28,,
449651.06,345324.28,,
449860.9,345324.28,,
450070.78,345324.28,,
450280.66,345324.28,,
450490.5,345324.28,,
450700.38,345324.28,,
450910.25,345324.28,,
451120.1,345324.28,80.0,44.0
451329.97,345324.28,68.0,44.0
451539.8,345324.28,68.0,44.0
451749.7,345324.28,68.0,56.0
451959.56,345324.28,68.0,56.0
452169.4,345324.28,68.0,56.0
452379.28,345324.28,56.0,56.0
452589.12,345324.28,,
452799.0,345324.28,,
453008.88,345324.28,,
453218.72,345324.28,,
453428.6,345324.28,,
453638.47,345324.28,,
453848.3,345324.28,,
454058.2,345324.28,,
454268.03,345324.28,,
454477.9,345324.28,,
454687.78,345324.28,,
454897.62,345324.28,,
455107.5,345324.28,,
455317.34,345324.28,,
455527.22,345324.28,,
455737.1,345324.28,56.0,-112.0
455946.94,345324.28,56.0,-112.0
456156.8,345324.28,56.0,-112.0
456366.7,345324.28,56.0,-112.0
456576.53,345324.28,56.0,-112.0
456786.4,345324.28,56.0,-112.0
456996.25,345324.28,44.0,-112.0
457206.12,345324.28,44.0,-112.0
457416.0,345324.28,44.0,-100.0
457625.84,345324.28,44.0,-100.0
457835.72,345324.28,44.0,-100.0
458045.6,345324.28,44.0,-100.0
458255.44,345324.28,44.0,-100.0
458465.3,345324.28,44.0,-88.0
458675.16,345324.28,44.0,-88.0
458885.03,345324.28,32.0,-88.0
459094.9,345324.28,32.0,-88.0
459304.75,345324.28,32.0,-88.0
459514.62,345324.28,80.0,-148.0
459724.47,345324.28,80.0,-148.0
459934.34,345324.28,80.0,-136.0
460144.22,345324.28,80.0,-136.0
418381.47,345526.88,296.0,248.0
418591.34,345526.88,296.0,248.0
418801.2,345526.88,296.0,248.0
419011.06,345526.88,308.0,248.0
419220.94,345526.88,308.0,248.0
419430.78,345526.88,308.0,248.0
419640.66,345526.88,308.0,248.0
419850.5,345526.88,308.0,248.0
420060.38,345526.88,356.0,92.0
420270.25,345526.88,356.0,92.0
420480.1,345526.88,356.0,92.0
420689.97,345526.88,356.0,92.0
420899.84,345526.88,356.0,92.0
421109.7,345526.88,392.0,104.0
421319.56,345526.88,392.0,104.0
421529.4,345526.88,392.0,104.0
421739.28,345526.88,404.0,104.0
421949.16,345526.88,404.0,104.0
422159.0,345526.88,404.0,104.0
422368.88,345526.88,404.0,92.0
422578.72,345526.88,404.0,92.0
422788.6,345526.88,404.0,92.0
422998.47,345526.88,404.0,92.0
423208.3,345526.88,404.0,92.0
423418.2,345526.88,404.0,92.0
423628.06,345526.88,404.0,92.0
423837.9,345526.88,404.0,92.0
424047.78,345526.88,404.0,92.0
424257.62,345526.88,404.0,92.0
424467.5,345526.88,404.0,92.0
424677.38,345526.88,404.0,92.0
424887.22,345526.88,404.0,92.0
425097.1,345526.88,404.0,92.0
425306.94,345526.88,392.0,56.0
425516.8,345526.88,392.0,56.0
425726.7,345526.88,392.0,56.0
425936.53,345526.88,380.0,56.0
426146.4,345526.88,380.0,56.0
426356.28,345526.88,380.0,56.0
426566.12,345526.88,380.0,56.0
426776.0,345526.88,380.0,56.0
426985.84,345526.88,380.0,56.0
427195.72,345526.88,380.0,56.0
427405.6,345526.88,380.0,56.0
427615.44,345526.88,380.0,56.0
427825.3,345526.88,380.0,56.0
428035.16,345526.88,380.0,56.0
428245.03,345526.88,368.0,56.0
428454.9,345526.88,380.0,8.0
428664.75,345526.88,368.0,8.0
428874.62,345526.88,368.0,8.0
429084.5,345526.88,368.0,8.0
429294.34,345526.88,368.0,8.0
429504.22,345526.88,200.0,140.0
429714.06,345526.88,188.0,152.0
429923.94,345526.88,188.0,152.0
430133.8,345526.88,188.0,152.0
430343.66,345526.88,188.0,152.0
430553.53,345526.88,188.0,152.0
430763.38,345526.88,176.0,176.0
430973.25,345526.88,,
431183.12,345526.88,,
431392.97,345526.88,,
431602.84,345526.88,,
431812.72,345526.88,224.0,-16.0
432022.56,345526.88,224.0,-28.0
432232.44,345526.88,224.0,-28.0
432442.28,345526.88,224.0,-28.0
432652.16,345526.88,224.0,-28.0
432862.03,345526.88,212.0,-16.0
433071.88,345526.88,212.0,-16.0
433281.75,345526.88,212.0,-28.0
433491.6,345526.88,212.0,-28.0
433701.47,345526.88,212.0,-28.0
433911.34,345526.88,212.0,-16.0
434121.2,345526.88,212.0,-16.0
434331.06,345526.88,212.0,-16.0
434540.94,345526.88,212.0,-16.0
434750.78,345526.88,,
434960.66,345526.88,,
435170.5,345526.88,,
435380.38,345526.88,,
435590.25,345526.88,,
435800.1,345526.88,,
436009.97,345526.88,,
436219.8,345526.88,,
436429.7,345526.88,,
436639.56,345526.88,,
436849.4,345526.88,,
437059.28,345526.88,,
437269.16,345526.88,,
437479.0,345526.88,,
437688.88,345526.88,,
437898.72,345526.88,,
438108.6,345526.88,,
438318.47,345526.88,,
438528.3,345526.88,,
438738.2,345526.88,,
438948.03,345526.88,,
439157.9,345526.88,,
439367.78,345526.88,,
439577.62,345526.88,,
439787.5,345526.88,104.0,-16.0
439997.38,345526.88,104.0,-16.0
440207.22,345526.88,104.0,-16.0
440417.1,345526.88,104.0,-16.0
440626.94,345526.88,92.0,-16.0
440836.8,345526.88,92.0,-16.0
441046.7,345526.88,92.0,-4.0
441256.53,345526.88,92.0,-4.0
441466.4,345526.88,92.0,-4.0
441676.25,345526.88,92.0,-4.0
441886.12,345526.88,92.0,-4.0
442096.0,345526.88,92.0,-4.0
442305.84,345526.88,92.0,-4.0
442515.72,345526.88,80.0,-4.0
442725.6,345526.88,80.0,-4.0
442935.44,345526.88,92.0,-4.0
443145.3,345526.88,92.0,-4.0
443355.16,345526.88,92.0,-4.0
443565.03,345526.88,92.0,-4.0
443774.9,345526.88,92.0,-4.0
443984.75,345526.88,92.0,-4.0
444194.62,345526.88,92.0,-4.0
444404.47,345526.88,92.0,-4.0
444614.34,345526.88,80.0,-4.0
444824.22,345526.88,80.0,-4.0
445034.06,345526.88,80.0,-4.0
445243.94,345526.88,80.0,-4.0
445453.8,345526.88,80.0,-4.0
445663.66,345526.88,80.0,-4.0
445873.53,345526.88,80.0,-4.0
446083.38,345526.88,80.0,-4.0
446293.25,345526.88,80.0,8.0
446503.12,345526.88,80.0,8.0
446712.97,345526.88,80.0,8.0
446922.84,345526.88,80.0,8.0
447132.7,345526.88,80.0,8.0
447342.56,345526.88,80.0,8.0
447552.44,345526.88,80.0,8.0
447762.28,345526.88,80.0,8.0
447972.16,345526.88,80.0,8.0
448182.03,345526.88,80.0,20.0
448391.88,345526.88,68.0,20.0
448601.75,345526.88,68.0,20.0
448811.6,345526.88,68.0,44.0
449021.47,345526.88,68.0,56.0
449231.34,345526.88,,
449441.2,345526.88,,
449651.06,345526.88,,
449860.9,345526.88,,
450070.78,345526.88,,
450280.66,345526.88,,
450490.5,345526.88,,
450700.38,345526.88,,
450910.25,345526.88,80.0,44.0
451120.1,345526.88,80.0,44.0
451329.97,345526.88,80.0,44.0
451539.8,345526.88,80.0,44.0
451749.7,345526.88,80.0,44.0
451959.56,345526.88,68.0,44.0
452169.4,345526.88,68.0,56.0
452379.28,345526.88,68.0,56.0
452589.12,345526.88,68.0,56.0
452799.0,345526.88,,
453008.88,345526.88,,
453218.72,345526.88,,
453428.6,345526.88,,
453638.47,345526.88,,
453848.3,345526.88,,
454058.2,345526.88,,
454268.03,345526.88,,
454477.9,345526.88,,
454687.78,345526.88,,
454897.62,345526.88,,
455107.5,345526.88,,
455317.34,345526.88,,
455527.22,345526.88,68.0,-124.0
455737.1,345526.88,56.0,-124.0
455946.94,345526.88,56.0,-124.0
456156.8,345526.88,56.0,-112.0
456366.7,345526.88,56.0,-112.0
456576.53,345526.88,56.0,-112.0
456786.4,345526.88,56.0,-112.0
456996.25,345526.88,56.0,-112.0
457206.12,345526.88,56.0,-112.0
457416.0,345526.88,56.0,-112.0
457625.84,345526.88,44.0,-112.0
457835.72,345526.88,44.0,-100.0
458045.6,345526.88,44.0,-100.0
458255.44,345526.88,44.0,-100.0
458465.3,345526.88,44.0,-100.0
458675.16,345526.88,44.0,-100.0
458885.03,345526.88,44.0,-88.0
459094.9,345526.88,44.0,-88.0
459304.75,345526.88,32.0,-88.0
459514.62,345526.88,80.0,-148.0
459724.47,345526.88,80.0,-148.0
459934.34,345526.88,80.0,-148.0
460144.22,345526.88,80.0,-148.0
418381.47,345729.5,296.0,248.0
418591.34,345729.5,296.0,248.0
418801.2,345729.5,296.0,248.0
419011.06,345729.5,296.0,248.0
419220.94,345729.5,296.0,248.0
419430.78,345729.5,296.0,248.0
419640.66,345729.5,356.0,92.0
419850.5,345729.5,356.0,92.0
420060.38,345729.5,356.0,92.0
420270.25,345729.5,356.0,92.0
420480.1,345729.5,356.0,92.0
420689.97,345729.5,356.0,92.0
420899.84,345729.5,356.0,92.0
421109.7,345729.5,356.0,92.0
421319.56,345729.5,392.0,104.0
421529.4,345729.5,392.0,104.0
421739.28,345729.5,392.0,104.0
421949.16,345729.5,392.0,104.0
422159.0,345729.5,392.0,104.0
422368.88,345729.5,392.0,104.0
422578.72,345729.5,392.0,104.0
422788.6,345729.5,392.0,92.0
422998.47,345729.5,392.0,92.0
423208.3,345729.5,392.0,92.0
423418.2,345729.5,392.0,92.0
423628.06,345729.5,392.0,92.0
423837.9,345729.5,392.0,92.0
424047.78,345729.5,392.0,92.0
424257.62,345729.5,392.0,92.0
424467.5,345729.5,392.0,92.0
424677.38,345729.5,392.0,92.0
424887.22,345729.5,404.0,92.0
425097.1,345729.5,380.0,56.0
425306.94,345729.5,380.0,56.0
425516.8,345729.5,380.0,56.0
425726.7,345729.5,392.0,56.0
425936.53,345729.5,380.0,56.0
426146.4,345729.5,380.0,56.0
426356.28,345729.5,380.0,56.0
426566.12,345729.5,380.0,56.0
426776.0,345729.5,380.0,56.0
426985.84,345729.5,380.0,56.0
427195.72,345729.5,380.0,56.0
427405.6,345729.5,380.0,56.0
427615.44,345729.5,380.0,56.0
427825.3,345729.5,380.0,56.0
428035.16,345729.5,380.0,56.0
428245.03,345729.5,380.0,8.0
428454.9,345729.5,380.0,8.0
428664.75,345729.5,380.0,8.0
428874.62,345729.5,368.0,8.0
429084.5,345729.5,368.0,8.0
429294.34,345729.5,368.0,8.0
429504.22,345729.5,368.0,8.0
429714.06,345729.5,368.0,8.0
429923.94,345729.5,188.0,152.0
430133.8,345729.5,188.0,152.0
430343.66,345729.5,188.0,152.0
430553.53,345729.5,188.0,152.0
430763.38,345729.5,188.0,152.0
430973.25,345729.5,,
431183.12,345729.5,,
431392.97,345729.5,,
431602.84,345729.5,224.0,-16.0
431812.72,345729.5,224.0,-16.0
432022.56,345729.5,224.0,-28.0
432232.44,345729.5,224.0,-28.0
432442.28,345729.5,224.0,-28.0
432652.16,345729.5,224.0,-28.0
432862.03,345729.5,224.0,-16.0
433071.88,345729.5,224.0,-16.0
433281.75,345729.5,212.0,-28.0
433491.6,345729.5,212.0,-28.0
433701.47,345729.5,212.0,-28.0
433911.34,345729.5,212.0,-28.0
434121.2,345729.5,212.0,-28.0
434331.06,345729.5,212.0,-28.0
434540.94,345729.5,212.0,-28.0
434750.78,345729.5,,
434960.66,345729.5,,
435170.5,345729.5,,
435380.38,345729.5,,
435590.25,345729.5,,
435800.1,345729.5,,
436009.97,345729.5,,
436219.8,345729.5,,
436429.7,345729.5,,
436639.56,345729.5,,
436849.4,345729.5,,
437059.28,345729.5,,
437269.16,345729.5,,
437479.0,345729.5,,
437688.88,345729.5,,
437898.72,345729.5,,
438108.6,345729.5,,
438318.47,345729.5,,
438528.3,345729.5,,
438738.2,345729.5,,
438948.03,345729.5,,
439157.9,345729.5,,
439367.78,345729.5,,
439577.62,345729.5,,
439787.5,345729.5,104.0,-16.0
439997.38,345729.5,104.0,-16.0
440207.22,345729.5,104.0,-16.0
440417.1,345729.5,104.0,-16.0
440626.94,345729.5,104.0,-16.0
440836.8,345729.5,104.0,-16.0
441046.7,345729.5,92.0,-16.0
441256.53,345729.5,92.0,-16.0
441466.4,345729.5,92.0,-16.0
441676.25,345729.5,92.0,-16.0
441886.12,345729.5,92.0,-16.0
442096.0,345729.5,92.0,-16.0
442305.84,345729.5,92.0,-16.0
442515.72,345729.5,92.0,-16.0
442725.6,345729.5,80.0,-4.0
442935.44,345729.5,104.0,-16.0
443145.3,345729.5,92.0,-16.0
443355.16,345729.5,92.0,-16.0
443565.03,345729.5,92.0,-4.0
443774.9,345729.5,92.0,-4.0
443984.75,345729.5,92.0,-4.0
444194.62,345729.5,92.0,-4.0
444404.47,345729.5,92.0,-4.0
444614.34,345729.5,92.0,-4.0
444824.22,345729.5,92.0,-4.0
445034.06,345729.5,80.0,-4.0
445243.94,345729.5,80.0,-4.0
445453.8,345729.5,80.0,-4.0
445663.66,345729.5,80.0,-4.0
445873.53,345729.5,80.0,-4.0
446083.38,345729.5,80.0,-4.0
446293.25,345729.5,80.0,-4.0
446503.12,345729.5,80.0,-4.0
446712.97,345729.5,80.0,8.0
446922.84,345729.5,80.0,8.0
447132.7,345729.5,80.0,8.0
447342.56,345729.5,80.0,8.0
447552.44,345729.5,80.0,8.0
447762.28,345729.5,80.0,8.0
447972.16,345729.5,80.0,8.0
448182.03,345729.5,80.0,8.0
448391.88,345729.5,80.0,20.0
448601.75,345729.5,80.0,20.0
448811.6,345729.5,68.0,20.0
449021.47,345729.5,68.0,32.0
449231.34,345729.5,68.0,44.0
449441.2,345729.5,,
449651.06,345729.5,,
449860.9,345729.5,,
450070.78,345729.5,,
450280.66,345729.5,,
450490.5,345729.5,,
450700.38,345729.5,,
450910.25,345729.5,80.0,32.0
451120.1,345729.5,80.0,32.0
451329.97,345729.5,80.0,32.0
451539.8,345729.5,80.0,32.0
451749.7,345729.5,80.0,44.0
451959.56,345729.5,80.0,44.0
452169.4,345729.5,80.0,44.0
452379.28,345729.5,68.0,56.0
452589.12,345729.5,68.0,56.0
452799.0,345729.5,68.0,56.0
453008.88,345729.5,68.0,56.0
453218.72,345729.5,,
453428.6,345729.5,,
453638.47,345729.5,,
453848.3,345729.5,,
454058.2,345729.5,,
454268.03,345729.5,,
454477.9,345729.5,,
454687.78,345729.5,,
454897.62,345729.5,,
455107.5,345729.5,,
455317.34,345729.5,,
455527.22,345729.5,68.0,-124.0
455737.1,345729.5,68.0,-124.0
455946.94,345729.5,68.0,-124.0
456156.8,345729.5,56.0,-124.0
456366.7,345729.5,56.0,-124.0
456576.53,345729.5,56.0,-124.0
456786.4,345729.5,56.0,-112.0
456996.25,345729.5,56.0,-112.0
457206.12,345729.5,56.0,-112.0
457416.0,345729.5,56.0,-112.0
457625.84,345729.5,56.0,-112.0
457835.72,345729.5,56.0,-112.0
458045.6,345729.5,44.0,-100.0
458255.44,345729.5,44.0,-100.0
458465.3,345729.5,44.0,-100.0
458675.16,345729.5,44.0,-100.0
458885.03,345729.5,44.0,-100.0
459094.9,345729.5,44.0,-88.0
459304.75,345729.5,80.0,-148.0
459514.62,345729.5,80.0,-148.0
459724.47,345729.5,80.0,-148.0
459934.34,345729.5,80.0,-148.0
460144.22,345729.5,80.0,-148.0
418381.47,345932.12,296.0,248.0
418591.34,345932.12,296.0,248.0
418801.2,345932.12,296.0,248.0
419011.06,345932.12,356.0,92.0
419220.94,345932.12,356.0,92.0
419430.78,345932.12,356.0,92.0
419640.66,345932.12,356.0,92.0
419850.5,345932.12,356.0,92.0
420060.38,345932.12,356.0,92.0
420270.25,345932.12,356.0,92.0
420480.1,345932.12,356.0,92.0
420689.97,345932.12,356.0,92.0
420899.84,345932.12,356.0,92.0
421109.7,345932.12,356.0,92.0
421319.56,345932.12,392.0,104.0
421529.4,345932.12,392.0,104.0
421739.28,345932.12,392.0,104.0
421949.16,345932.12,392.0,104.0
422159.0,345932.12,392.0,104.0
422368.88,345932.12,392.0,104.0
422578.72,345932.12,392.0,104.0
422788.6,345932.12,392.0,104.0
422998.47,345932.12,392.0,104.0
423208.3,345932.12,392.0,104.0
423418.2,345932.12,392.0,92.0
423628.06,345932.12,392.0,92.0
423837.9,345932.12,392.0,92.0
424047.78,345932.12,392.0,92.0
424257.62,345932.12,392.0,92.0
424467.5,345932.12,392.0,92.0
424677.38,345932.12,392.0,92.0
424887.22,345932.12,392.0,92.0
425097.1,345932.12,380.0,56.0
425306.94,345932.12,380.0,56.0
425516.8,345932.12,380.0,56.0
425726.7,345932.12,380.0,56.0
425936.53,345932.12,380.0,56.0
426146.4,345932.12,380.0,56.0
426356.28,345932.12,380.0,56.0
426566.12,345932.12,380.0,56.0
426776.0,345932.12,380.0,56.0
426985.84,345932.12,380.0,56.0
427195.72,345932.12,380.0,56.0
427405.6,345932.12,380.0,56.0
427615.44,345932.12,380.0,56.0
427825.3,345932.12,380.0,56.0
428035.16,345932.12,380.0,56.0
428245.03,345932.12,380.0,8.0
428454.9,345932.12,380.0,8.0
428664.75,345932.12,380.0,8.0
428874.62,345932.12,380.0,8.0
429084.5,345932.12,368.0,8.0
429294.34,345932.12,368.0,8.0
429504.22,345932.12,368.0,8.0
429714.06,345932.12,368.0,8.0
429923.94,345932.12,368.0,8.0
430133.8,345932.12,188.0,152.0
430343.66,345932.12,188.0,152.0
430553.53,345932.12,188.0,152.0
430763.38,345932.12,188.0,152.0
430973.25,345932.12,176.0,176.0
431183.12,345932.12,,
431392.97,345932.12,236.0,-28.0
431602.84,345932.12,236.0,-28.0
431812.72,345932.12,224.0,-28.0
432022.56,345932.12,224.0,-28.0
432232.44,345932.12,224.0,-28.0
432442.28,345932.12,224.0,-28.0
432652.16,345932.12,224.0,-28.0
432862.03,345932.12,224.0,-28.0
433071.88,345932.12,224.0,-28.0
433281.75,345932.12,224.0,-28.0
433491.6,345932.12,212.0,-28.0
433701.47,345932.12,212.0,-28.0
433911.34,345932.12,212.0,-28.0
434121.2,345932.12,212.0,-28.0
434331.06,345932.12,212.0,-28.0
434540.94,345932.12,212.0,176.0
434750.78,345932.12,,
434960.66,345932.12,,
435170.5,345932.12,,
435380.38,345932.12,,
435590.25,345932.12,,
435800.1,345932.12,,
436009.97,345932.12,,
436219.8,345932.12,,
436429.7,345932.12,,
436639.56,345932.12,,
436849.4,345932.12,,
437059.28,345932.12,,
437269.16,345932.12,,
437479.0,345932.12,,
437688.88,345932.12,,
437898.72,345932.12,,
438108.6,345932.12,,
438318.47,345932.12,,
438528.3,345932.12,,
438738.2,345932.12,,
438948.03,345932.12,,
439157.9,345932.12,,
439367.78,345932.12,,
439577.62,345932.12,,
439787.5,345932.12,104.0,-16.0
439997.38,345932.12,104.0,-16.0
440207.22,345932.12,104.0,-16.0
440417.1,345932.12,104.0,-16.0
440626.94,345932.12,104.0,-16.0
440836.8,345932.12,104.0,-16.0
441046.7,345932.12,104.0,-16.0
441256.53,345932.12,92.0,-16.0
441466.4,345932.12,92.0,-16.0
441676.25,345932.12,92.0,-16.0
441886.12,345932.12,92.0,-16.0
442096.0,345932.12,92.0,-16.0
442305.84,345932.12,92.0,-16.0
442515.72,345932.12,92.0,-16.0
442725.6,345932.12,92.0,-16.0
442935.44,345932.12,104.0,-16.0
443145.3,345932.12,104.0,-16.0
443355.16,345932.12,92.0,-16.0
443565.03,345932.12,92.0,-16.0
443774.9,345932.12,92.0,-16.0
443984.75,345932.12,92.0,-16.0
444194.62,345932.12,92.0,-16.0
444404.47,345932.12,92.0,-16.0
444614.34,345932.12,92.0,-4.0
444824.22,345932.12,92.0,-4.0
445034.06,345932.12,92.0,-4.0
445243.94,345932.12,92.0,-4.0
445453.8,345932.12,92.0,-4.0
445663.66,345932.12,92.0,-4.0
445873.53,345932.12,92.0,-4.0
446083.38,345932.12,92.0,-4.0
446293.25,345932.12,80.0,-4.0
446503.12,345932.12,80.0,-4.0
446712.97,345932.12,80.0,-4.0
446922.84,345932.12,80.0,-4.0
447132.7,345932.12,80.0,8.0
447342.56,345932.12,80.0,8.0
447552.44,345932.12,80.0,8.0
447762.28,345932.12,80.0,8.0
447972.16,345932.12,80.0,8.0
448182.03,345932.12,80.0,8.0
448391.88,345932.12,80.0,8.0
448601.75,345932.12,80.0,20.0
448811.6,345932.12,80.0,20.0
449021.47,345932.12,80.0,20.0
449231.34,345932.12,68.0,32.0
449441.2,345932.12,68.0,44.0
449651.06,345932.12,68.0,56.0
449860.9,345932.12,,
450070.78,345932.12,,
450280.66,345932.12,,
450490.5,345932.12,,
450700.38,345932.12,92.0,32.0
450910.25,345932.12,92.0,32.0
451120.1,345932.12,92.0,32.0
451329.97,345932.12,92.0,32.0
451539.8,345932.12,80.0,32.0
451749.7,345932.12,80.0,32.0
451959.56,345932.12,80.0,32.0
452169.4,345932.12,80.0,44.0
452379.28,345932.12,80.0,44.0
452589.12,345932.12,80.0,44.0
452799.0,345932.12,68.0,56.0
453008.88,345932.12,68.0,56.0
453218.72,345932.12,68.0,56.0
453428.6,345932.12,56.0,56.0
453638.47,345932.12,,
453848.3,345932.12,,
454058.2,345932.12,,
454268.03,345932.12,,
454477.9,345932.12,,
454687.78,345932.12,,
454897.62,345932.12,,
455107.5,345932.12,,
455317.34,345932.12,68.0,-124.0
455527.22,345932.12,68.0,-124.0
455737.1,345932.12,68.0,-124.0
455946.94,345932.12,68.0,-124.0
456156.8,345932.12,68.0,-124.0
456366.7,345932.12,68.0,-124.0
456576.53,345932.12,68.0,-124.0
456786.4,345932.12,56.0,-124.0
456996.25,345932.12,56.0,-124.0
457206.12,345932.12,56.0,-112.0
457416.0,345932.12,56.0,-112.0
457625.84,345932.12,56.0,-112.0
457835.72,345932.12,56.0,-112.0
458045.6,345932.12,56.0,-112.0
458255.44,345932.12,56.0,-100.0
458465.3,345932.12,56.0,-100.0
458675.16,345932.12,44.0,-100.0
458885.03,345932.12,44.0,-100.0
459094.9,345932.12,92.0,-148.0
459304.75,345932.12,92.0,-148.0
459514.62,345932.12,80.0,-148.0
459724.47,345932.12,80.0,-148.0
459934.34,345932.12,80.0,-148.0
460144.22,345932.12,80.0,-148.0
418381.47,346134.75,296.0,248.0
418591.34,346134.75,356.0,92.0
418801.2,346134.75,356.0,92.0
419011.06,346134.75,356.0,92.0
419220.94,346134.75,356.0,92.0
419430.78,346134.75,356.0,92.0
419640.66,346134.75,356.0,92.0
419850.5,346134.75,356.0,92.0
420060.38,346134.75,356.0,92.0
420270.25,346134.75,356.0,92.0
420480.1,346134.75,356.0,92.0
420689.97,346134.75,356.0,92.0
420899.84,346134.75,356.0,92.0
421109.7,346134.75,356.0,92.0
421319.56,346134.75,356.0,92.0
421529.4,346134.75,392.0,104.0
421739.28,346134.75,392.0,104.0
421949.16,346134.75,392.0,104.0
422159.0,346134.75,392.0,104.0
422368.88,346134.75,392.0,104.0
422578.72,346134.75,392.0,104.0
422788.6,346134.75,392.0,104.0
422998.47,346134.75,392.0,104.0
423208.3,346134.75,392.0,104.0
423418.2,346134.75,392.0,104.0
423628.06,346134.75,392.0,92.0
423837.9,346134.75,392.0,92.0
424047.78,346134.75,392.0,92.0
424257.62,346134.75,392.0,92.0
424467.5,346134.75,392.0,92.0
424677.38,346134.75,392.0,92.0
424887.22,346134.75,380.0,56.0
425097.1,346134.75,380.0,56.0
425306.94,346134.75,380.0,56.0
425516.8,346134.75,380.0,56.0
425726.7,346134.75,380.0,56.0
425936.53,346134.75,380.0,56.0
426146.4,346134.75,380.0,56.0
426356.28,346134.75,380.0,56.0
426566.12,346134.75,380.0,56.0
426776.0,346134.75,380.0,56.0
426985.84,346134.75,380.0,56.0
427195.72,346134.75,380.0,56.0
427405.6,346134.75,380.0,56.0
427615.44,346134.75,380.0,56.0
427825.3,346134.75,380.0,56.0
428035.16,346134.75,380.0,8.0
428245.03,346134.75,380.0,8.0
428454.9,346134.75,380.0,8.0
428664.75,346134.75,380.0,8.0
428874.62,346134.75,380.0,8.0
429084.5,346134.75,380.0,8.0
429294.34,346134.75,368.0,8.0
429504.22,346134.75,368.0,8.0
429714.06,346134.75,368.0,8.0
429923.94,346134.75,368.0,8.0
430133.8,346134.75,368.0,8.0
430343.66,346134.75,188.0,152.0
430553.53,346134.75,188.0,152.0
430763.38,346134.75,188.0,152.0
430973.25,346134.75,188.0,164.0
431183.12,346134.75,236.0,-28.0
431392.97,346134.75,236.0,-28.0
431602.84,346134.75,236.0,-28.0
431812.72,346134.75,236.0,-28.0
432022.56,346134.75,236.0,-28.0
432232.44,346134.75,224.0,-28.0
432442.28,346134.75,224.0,-28.0
432652.16,346134.75,224.0,-28.0
432862.03,346134.75,224.0,-28.0
433071.88,346134.75,224.0,-28.0
433281.75,346134.75,224.0,-28.0
433491.6,346134.75,224.0,-28.0
433701.47,346134.75,224.0,-28.0
433911.34,346134.75,212.0,-28.0
434121.2,346134.75,212.0,-28.0
434331.06,346134.75,224.0,176.0
434540.94,346134.75,212.0,176.0
434750.78,346134.75,212.0,176.0
434960.66,346134.75,188.0,176.0
435170.5,346134.75,188.0,176.0
435380.38,346134.75,188.0,176.0
435590.25,346134.75,188.0,176.0
435800.1,346134.75,188.0,176.0
436009.97,346134.75,188.0,176.0
436219.8,346134.75,,
436429.7,346134.75,,
436639.56,346134.75,,
436849.4,346134.75,,
437059.28,346134.75,,
437269.16,346134.75,,
437479.0,346134.75,,
437688.88,346134.75,,
437898.72,346134.75,,
438108.6,346134.75,,
438318.47,346134.75,,
438528.3,346134.75,,
438738.2,346134.75,,
438948.03,346134.75,,
439157.9,346134.75,,
439367.78,346134.75,,
439577.62,346134.75,116.0,-16.0
439787.5,346134.75,104.0,-16.0
439997.38,346134.75,104.0,-16.0
440207.22,346134.75,104.0,-16.0
440417.1,346134.75,104.0,-16.0
440626.94,346134.75,104.0,-16.0
440836.8,346134.75,104.0,-16.0
441046.7,346134.75,104.0,-16.0
441256.53,346134.75,104.0,-16.0
441466.4,346134.75,104.0,-16.0
441676.25,346134.75,92.0,-16.0
441886.12,346134.75,92.0,-16.0
442096.0,346134.75,92.0,-16.0
442305.84,346134.75,92.0,-16.0
442515.72,346134.75,92.0,-16.0
442725.6,346134.75,104.0,-16.0
442935.44,346134.75,104.0,-16.0
443145.3,346134.75,104.0,-16.0
443355.16,346134.75,104.0,-16.0
443565.03,346134.75,92.0,-16.0
443774.9,346134.75,92.0,-16.0
443984.75,346134.75,92.0,-16.0
444194.62,346134.75,92.0,-16.0
444404.47,346134.75,92.0,-16.0
444614.34,346134.75,92.0,-16.0
444824.22,346134.75,92.0,-16.0
445034.06,346134.75,92.0,-4.0
445243.94,346134.75,92.0,-4.0
445453.8,346134.75,92.0,-4.0
445663.66,346134.75,92.0,-4.0
445873.53,346134.75,92.0,-4.0
446083.38,346134.75,92.0,-4.0
446293.25,346134.75,92.0,-4.0
446503.12,346134.75,92.0,-4.0
446712.97,346134.75,92.0,-4.0
446922.84,346134.75,92.0,-4.0
447132.7,346134.75,92.0,-4.0
447342.56,346134.75,80.0,-4.0
447552.44,346134.75,80.0,-4.0
447762.28,346134.75,80.0,8.0
447972.16,346134.75,80.0,8.0
448182.03,346134.75,80.0,8.0
448391.88,346134.75,80.0,8.0
448601.75,346134.75,80.0,8.0
448811.6,346134.75,80.0,20.0
449021.47,346134.75,80.0,20.0
449231.34,346134.75,80.0,20.0
449441.2,346134.75,68.0,32.0
449651.06,346134.75,68.0,32.0
449860.9,346134.75,68.0,44.0
450070.78,346134.75,68.0,68.0
450280.66,346134.75,,
450490.5,346134.75,92.0,20.0
450700.38,346134.75,92.0,32.0
450910.25,346134.75,92.0,32.0
451120.1,346134.75,92.0,32.0
451329.97,346134.75,92.0,32.0
451539.8,346134.75,92.0,32.0
451749.7,346134.75,92.0,32.0
451959.56,346134.75,92.0,32.0
452169.4,346134.75,80.0,32.0
452379.28,346134.75,80.0,32.0
452589.12,346134.75,80.0,44.0
452799.0,346134.75,80.0,44.0
453008.88,346134.75,80.0,44.0
453218.72,346134.75,68.0,56.0
453428.6,346134.75,68.0,56.0
453638.47,346134.75,68.0,56.0
453848.3,346134.75,,
454058.2,346134.75,,
454268.03,346134.75,,
454477.9,346134.75,,
454687.78,346134.75,,
454897.62,346134.75,,
455107.5,346134.75,,
455317.34,346134.75,68.0,-124.0
455527.22,346134.75,68.0,-124.0
455737.1,346134.75,68.0,-124.0
455946.94,346134.75,68.0,-124.0
456156.8,346134.75,68.0,-124.0
456366.7,346134.75,68.0,-124.0
456576.53,346134.75,68.0,-124.0
456786.4,346134.75,68.0,-124.0
456996.25,346134.75,68.0,-124.0
457206.12,346134.75,68.0,-124.0
457416.0,346134.75,56.0,-124.0
457625.84,346134.75,56.0,-112.0
457835.72,346134.75,56.0,-112.0
458045.6,346134.75,56.0,-112.0
458255.44,346134.75,56.0,-112.0
458465.3,346134.75,56.0,-112.0
458675.16,346134.75,56.0,-100.0
458885.03,346134.75,56.0,-100.0
459094.9,346134.75,92.0,-160.0
459304.75,346134.75,92.0,-148.0
459514.62,346134.75,92.0,-148.0
459724.47,346134.75,92.0,-148.0
459934.34,346134.75,80.0,-148.0
460144.22,346134.75,80.0,-148.0
418381.47,346337.38,356.0,92.0
418591.34,346337.38,356.0,92.0
418801.2,346337.38,356.0,92.0
419011.06,346337.38,356.0,92.0
419220.94,346337.38,356.0,92.0
419430.78,346337.38,356.0,92.0
419640.66,346337.38,356.0,92.0
419850.5,346337.38,356.0,92.0
420060.38,346337.38,356.0,92.0
420270.25,346337.38,356.0,92.0
420480.1,346337.38,356.0,92.0
420689.97,346337.38,356.0,92.0
420899.84,346337.38,356.0,92.0
421109.7,346337.38,356.0,92.0
421319.56,346337.38,356.0,92.0
421529.4,346337.38,356.0,92.0
421739.28,346337.38,392.0,104.0
421949.16,346337.38,392.0,104.0
422159.0,346337.38,392.0,104.0
422368.88,346337.38,392.0,104.0
422578.72,346337.38,392.0,104.0
422788.6,346337.38,392.0,104.0
422998.47,346337.38,392.0,104.0
423208.3,346337.38,392.0,104.0
423418.2,346337.38,392.0,104.0
423628.06,346337.38,392.0,92.0
423837.9,346337.38,392.0,92.0
424047.78,346337.38,392.0,92.0
424257.62,346337.38,392.0,92.0
424467.5,346337.38,392.0,92.0
424677.38,346337.38,380.0,56.0
424887.22,346337.38,380.0,56.0
425097.1,346337.38,380.0,56.0
425306.94,346337.38,380.0,56.0
425516.8,346337.38,380.0,56.0
425726.7,346337.38,380.0,56.0
425936.53,346337.38,380.0,56.0
426146.4,346337.38,380.0,56.0
426356.28,346337.38,380.0,56.0
426566.12,346337.38,380.0,56.0
426776.0,346337.38,380.0,56.0
426985.84,346337.38,380.0,56.0
427195.72,346337.38,380.0,56.0
427405.6,346337.38,380.0,56.0
427615.44,346337.38,380.0,56.0
427825.3,346337.38,380.0,20.0
428035.16,346337.38,380.0,8.0
428245.03,346337.38,380.0,8.0
428454.9,346337.38,380.0,8.0
428664.75,346337.38,380.0,8.0
428874.62,346337.38,380.0,8.0
429084.5,346337.38,380.0,8.0
429294.34,346337.38,380.0,8.0
429504.22,346337.38,368.0,8.0
429714.06,346337.38,368.0,8.0
429923.94,346337.38,368.0,8.0
430133.8,346337.38,368.0,8.0
430343.66,346337.38,368.0,8.0
430553.53,346337.38,356.0,8.0
430763.38,346337.38,188.0,152.0
430973.25,346337.38,236.0,-28.0
431183.12,346337.38,236.0,-28.0
431392.97,346337.38,236.0,-28.0
431602.84,346337.38,236.0,-28.0
431812.72,346337.38,236.0,-28.0
432022.56,346337.38,236.0,-28.0
432232.44,346337.38,236.0,-28.0
432442.28,346337.38,236.0,-28.0
432652.16,346337.38,236.0,-28.0
432862.03,346337.38,224.0,-28.0
433071.88,346337.38,224.0,-28.0
433281.75,346337.38,224.0,-28.0
433491.6,346337.38,224.0,-28.0
433701.47,346337.38,224.0,-28.0
433911.34,346337.38,224.0,-28.0
434121.2,346337.38,224.0,176.0
434331.06,346337.38,224.0,176.0
434540.94,346337.38,224.0,176.0
434750.78,346337.38,212.0,176.0
434960.66,346337.38,188.0,176.0
435170.5,346337.38,188.0,176.0
435380.38,346337.38,188.0,176.0
435590.25,346337.38,188.0,176.0
435800.1,346337.38,188.0,176.0
436009.97,346337.38,188.0,176.0
436219.8,346337.38,188.0,176.0
436429.7,346337.38,188.0,176.0
436639.56,346337.38,188.0,176.0
436849.4,346337.38,188.0,176.0
437059.28,346337.38,188.0,176.0
437269.16,346337.38,188.0,176.0
437479.0,346337.38,188.0,176.0
437688.88,346337.38,188.0,176.0
437898.72,346337.38,188.0,176.0
438108.6,346337.38,188.0,176.0
438318.47,346337.38,188.0,176.0
438528.3,346337.38,188.0,176.0
438738.2,346337.38,188.0,176.0
438948.03,346337.38,188.0,176.0
439157.9,346337.38,188.0,176.0
439367.78,346337.38,188.0,176.0
439577.62,346337.38,116.0,-16.0
439787.5,346337.38,116.0,-16.0
439997.38,346337.38,104.0,-16.0
440207.22,346337.38,104.0,-16.0
440417.1,346337.38,104.0,-16.0
440626.94,346337.38,104.0,-16.0
440836.8,346337.38,104.0,-16.0
441046.7,346337.38,104.0,-16.0
441256.53,346337.38,104.0,-16.0
441466.4,346337.38,104.0,-16.0
441676.25,346337.38,104.0,-16.0
441886.12,346337.38,92.0,-16.0
442096.0,346337.38,92.0,-16.0
442305.84,346337.38,92.0,-16.0
442515.72,346337.38,92.0,-16.0
442725.6,346337.38,104.0,-16.0
442935.44,346337.38,104.0,-16.0
443145.3,346337.38,104.0,-16.0
443355.16,346337.38,104.0,-16.0
443565.03,346337.38,104.0,-16.0
443774.9,346337.38,104.0,-16.0
443984.75,346337.38,92.0,-16.0
444194.62,346337.38,92.0,-16.0
444404.47,346337.38,92.0,-16.0
444614.34,346337.38,92.0,-16.0
444824.22,346337.38,92.0,-16.0
445034.06,346337.38,92.0,-16.0
445243.94,346337.38,92.0,-16.0
445453.8,346337.38,92.0,-16.0
445663.66,346337.38,92.0,-4.0
445873.53,346337.38,92.0,-4.0
446083.38,346337.38,92.0,-4.0
446293.25,346337.38,92.0,-4.0
446503.12,346337.38,92.0,-4.0
446712.97,346337.38,92.0,-4.0
446922.84,346337.38,92.0,-4.0
447132.7,346337.38,92.0,-4.0
447342.56,346337.38,92.0,-4.0
447552.44,346337.38,92.0,-4.0
447762.28,346337.38,80.0,-4.0
447972.16,346337.38,80.0,8.0
448182.03,346337.38,80.0,8.0
448391.88,346337.38,80.0,8.0
448601.75,346337.38,80.0,8.0
448811.6,346337.38,80.0,8.0
449021.47,346337.38,80.0,20.0
449231.34,346337.38,80.0,20.0
449441.2,346337.38,80.0,20.0
449651.06,346337.38,80.0,20.0
449860.9,346337.38,80.0,32.0
450070.78,346337.38,68.0,44.0
450280.66,346337.38,68.0,56.0
450490.5,346337.38,92.0,20.0
450700.38,346337.38,92.0,20.0
450910.25,346337.38,92.0,20.0
451120.1,346337.38,92.0,20.0
451329.97,346337.38,92.0,20.0
451539.8,346337.38,92.0,32.0
451749.7,346337.38,92.0,32.0
451959.56,346337.38,92.0,32.0
452169.4,346337.38,92.0,32.0
452379.28,346337.38,92.0,32.0
452589.12,346337.38,80.0,32.0
452799.0,346337.38,80.0,32.0
453008.88,346337.38,80.0,44.0
453218.72,346337.38,80.0,44.0
453428.6,346337.38,80.0,44.0
453638.47,346337.38,68.0,44.0
453848.3,346337.38,68.0,56.0
454058.2,346337.38,68.0,56.0
454268.03,346337.38,,
454477.9,346337.38,,
454687.78,346337.38,,
454897.62,346337.38,,
455107.5,346337.38,80.0,-136.0
455317.34,346337.38,80.0,-136.0
455527.22,346337.38,80.0,-136.0
455737.1,346337.38,80.0,-124.0
455946.94,346337.38,68.0,-124.0
456156.8,346337.38,68.0,-124.0
456366.7,346337.38,68.0,-124.0
456576.53,346337.38,68.0,-124.0
456786.4,346337.38,68.0,-124.0
456996.25,346337.38,68.0,-124.0
457206.12,346337.38,68.0,-124.0
457416.0,346337.38,68.0,-124.0
457625.84,346337.38,68.0,-124.0
457835.72,346337.38,56.0,-112.0
458045.6,346337.38,56.0,-112.0
458255.44,346337.38,56.0,-112.0
458465.3,346337.38,56.0,-112.0
458675.16,346337.38,56.0,-112.0
458885.03,346337.38,92.0,-160.0
459094.9,346337.38,92.0,-160.0
459304.75,346337.38,92.0,-160.0
459514.62,346337.38,92.0,-160.0
459724.47,346337.38,92.0,-148.0
459934.34,346337.38,92.0,-148.0
460144.22,346337.38,92.0,-148.0
418381.47,346539.97,356.0,92.0
418591.34,346539.97,356.0,92.0
418801.2,346539.97,356.0,92.0
419011.06,346539.97,356.0,92.0
419220.94,346539.97,356.0,92.0
419430.78,346539.97,356.0,92.0
419640.66,346539.97,356.0,92.0
419850.5,346539.97,356.0,92.0
420060.38,346539.97,356.0,92.0
420270.25,346539.97,356.0,92.0
420480.1,346539.97,356.0,92.0
420689.97,346539.97,356.0,92.0
420899.84,346539.97,356.0,92.0
421109.7,346539.97,356.0,92.0
421319.56,346539.97,356.0,92.0
421529.4,346539.97,356.0,92.0
421739.28,346539.97,392.0,104.0
421949.16,346539.97,392.0,104.0
422159.0,346539.97,392.0,104.0
422368.88,346539.97,392.0,104.0
422578.72,346539.97,392.0,104.0
422788.6,346539.97,392.0,104.0
422998.47,346539.97,392.0,104.0
423208.3,346539.97,392.0,104.0
423418.2,346539.97,392.0,104.0
423628.06,346539.97,392.0,92.0
423837.9,346539.97,392.0,92.0
424047.78,346539.97,392.0,92.0
424257.62,346539.97,392.0,92.0
424467.5,346539.97,392.0,92.0
424677.38,346539.97,380.0,56.0
424887.22,346539.97,380.0,56.0
425097.1,346539.97,380.0,56.0
425306.94,346539.97,380.0,56.0
425516.8,346539.97,380.0,56.0
425726.7,346539.97,380.0,56.0
425936.53,346539.97,380.0,56.0
426146.4,346539.97,380.0,56.0
426356.28,346539.97,380.0,56.0
426566.12,346539.97,380.0,56.0
426776.0,346539.97,380.0,56.0
426985.84,346539.97,380.0,56.0
427195.72,346539.97,380.0,56.0
427405.6,346539.97,380.0,56.0
427615.44,346539.97,380.0,56.0
427825.3,346539.97,380.0,8.0
428035.16,346539.97,380.0,8.0
428245.03,346539.97,380.0,8.0
428454.9,346539.97,380.0,8.0
428664.75,346539.97,380.0,8.0
428874.62,346539.97,380.0,8.0
429084.5,346539.97,380.0,8.0
429294.34,346539.97,380.0,8.0
429504.22,346539.97,368.0,8.0
429714.06,346539.97,368.0,8.0
429923.94,346539.97,368.0,8.0
430133.8,346539.97,368.0,8.0
430343.66,346539.97,368.0,8.0
430553.53,346539.97,368.0,8.0
430763.38,346539.97,344.0,8.0
430973.25,346539.97,236.0,-28.0
431183.12,346539.97,236.0,-28.0
431392.97,346539.97,236.0,-28.0
431602.84,346539.97,236.0,-28.0
431812.72,346539.97,236.0,-28.0
432022.56,346539.97,236.0,-28.0
432232.44,346539.97,236.0,-28.0
432442.28,346539.97,236.0,-28.0
432652.16,346539.97,236.0,-28.0
432862.03,346539.97,224.0,-28.0
433071.88,346539.97,224.0,-28.0
433281.75,346539.97,224.0,-28.0
433491.6,346539.97,224.0,-28.0
433701.47,346539.97,236.0,164.0
433911.34,346539.97,236.0,164.0
434121.2,346539.97,224.0,164.0
434331.06,346539.97,224.0,164.0
434540.94,346539.97,224.0,164.0
434750.78,346539.97,224.0,164.0
434960.66,346539.97,212.0,164.0
435170.5,346539.97,200.0,176.0
435380.38,346539.97,188.0,176.0
435590.25,346539.97,188.0,176.0
435800.1,346539.97,200.0,176.0
436009.97,346539.97,200.0,176.0
436219.8,346539.97,200.0,176.0
436429.7,346539.97,200.0,176.0
436639.56,346539.97,200.0,176.0
436849.4,346539.97,200.0,176.0
437059.28,346539.97,200.0,176.0
437269.16,346539.97,200.0,176.0
437479.0,346539.97,200.0,176.0
437688.88,346539.97,200.0,176.0
437898.72,346539.97,200.0,176.0
438108.6,346539.97,200.0,176.0
438318.47,346539.97,200.0,176.0
438528.3,346539.97,200.0,176.0
438738.2,346539.97,200.0,176.0
438948.03,346539.97,200.0,176.0
439157.9,346539.97,200.0,176.0
439367.78,346539.97,116.0,-16.0
439577.62,346539.97,116.0,-16.0
439787.5,346539.97,116.0,-16.0
439997.38,346539.97,116.0,-16.0
440207.22,346539.97,104.0,-16.0
440417.1,346539.97,104.0,-16.0
440626.94,346539.97,104.0,-16.0
440836.8,346539.97,104.0,-16.0
441046.7,346539.97,104.0,-16.0
441256.53,346539.97,104.0,-16.0
441466.4,346539.97,104.0,-16.0
441676.25,346539.97,104.0,-16.0
441886.12,346539.97,104.0,-16.0
442096.0,346539.97,92.0,-16.0
442305.84,346539.97,92.0,-16.0
442515.72,346539.97,92.0,-16.0
442725.6,346539.97,104.0,-16.0
442935.44,346539.97,104.0,-16.0
443145.3,346539.97,104.0,-16.0
443355.16,346539.97,104.0,-16.0
443565.03,346539.97,104.0,-16.0
443774.9,346539.97,104.0,-16.0
443984.75,346539.97,104.0,-16.0
444194.62,346539.97,92.0,-16.0
444404.47,346539.97,92.0,-16.0
444614.34,346539.97,92.0,-16.0
444824.22,346539.97,92.0,-16.0
445034.06,346539.97,92.0,-16.0
445243.94,346539.97,92.0,-16.0
445453.8,346539.97,92.0,-16.0
445663.66,346539.97,92.0,-16.0
445873.53,346539.97,92.0,-16.0
446083.38,346539.97,92.0,-16.0
446293.25,346539.97,92.0,-4.0
446503.12,346539.97,92.0,-4.0
446712.97,346539.97,92.0,-4.0
446922.84,346539.97,92.0,-4.0
447132.7,346539.97,92.0,-4.0
447342.56,346539.97,92.0,-4.0
447552.44,346539.97,92.0,-4.0
447762.28,346539.97,92.0,-4.0
447972.16,346539.97,92.0,-4.0
448182.03,346539.97,92.0,8.0
448391.88,346539.97,80.0,8.0
448601.75,346539.97,80.0,8.0
448811.6,346539.97,80.0,8.0
449021.47,346539.97,80.0,8.0
449231.34,346539.97,80.0,8.0
449441.2,346539.97,80.0,20.0
449651.06,346539.97,80.0,20.0
449860.9,346539.97,80.0,20.0
450070.78,346539.97,80.0,32.0
450280.66,346539.97,104.0,20.0
450490.5,346539.97,104.0,20.0
450700.38,346539.97,104.0,20.0
450910.25,346539.97,104.0,20.0
451120.1,346539.97,104.0,20.0
451329.97,346539.97,92.0,20.0
451539.8,346539.97,92.0,20.0
451749.7,346539.97,92.0,20.0
451959.56,346539.97,92.0,32.0
452169.4,346539.97,92.0,32.0
452379.28,346539.97,92.0,32.0
452589.12,346539.97,92.0,32.0
452799.0,346539.97,92.0,32.0
453008.88,346539.97,80.0,32.0
453218.72,346539.97,80.0,32.0
453428.6,346539.97,80.0,44.0
453638.47,346539.97,80.0,44.0
453848.3,346539.97,80.0,44.0
454058.2,346539.97,68.0,44.0
454268.03,346539.97,68.0,56.0
454477.9,346539.97,68.0,56.0
454687.78,346539.97,,
454897.62,346539.97,,
455107.5,346539.97,80.0,-136.0
455317.34,346539.97,80.0,-136.0
455527.22,346539.97,80.0,-136.0
455737.1,346539.97,80.0,-136.0
455946.94,346539.97,80.0,-136.0
456156.8,346539.97,80.0,-136.0
456366.7,346539.97,68.0,-124.0
456576.53,346539.97,68.0,-124.0
456786.4,346539.97,68.0,-124.0
456996.25,346539.97,68.0,-124.0
457206.12,346539.97,68.0,-124.0
457416.0,346539.97,68.0,-124.0
457625.84,346539.97,68.0,-124.0
457835.72,346539.97,68.0,-124.0
458045.6,346539.97,68.0,-112.0
458255.44,346539.97,56.0,-112.0
458465.3,346539.97,56.0,-112.0
458675.16,346539.97,56.0,-112.0
458885.03,346539.97,92.0,-160.0
459094.9,346539.97,92.0,-160.0
459304.75,346539.97,92.0,-160.0
459514.62,346539.97,92.0,-160.0
459724.47,346539.97,92.0,-160.0
459934.34,346539.97,92.0,-148.0
460144.22,346539.97,92.0,-148.0
418381.47,346742.6,356.0,92.0
418591.34,346742.6,356.0,92.0
418801.2,346742.6,356.0,92.0
419011.06,346742.6,356.0,92.0
419220.94,346742.6,356.0,92.0
419430.78,346742.6,356.0,92.0
419640.66,346742.6,356.0,92.0
419850.5,346742.6,356.0,92.0
420060.38,346742.6,356.0,92.0
420270.25,346742.6,356.0,92.0
420480.1,346742.6,356.0,92.0
420689.97,346742.6,356.0,92.0
420899.84,346742.6,356.0,92.0
421109.7,346742.6,356.0,80.0
421319.56,346742.6,356.0,80.0
421529.4,346742.6,356.0,80.0
421739.28,346742.6,356.0,80.0
421949.16,346742.6,380.0,104.0
422159.0,346742.6,392.0,104.0
422368.88,346742.6,392.0,104.0
422578.72,346742.6,392.0,104.0
422788.6,346742.6,392.0,104.0
422998.47,346742.6,392.0,104.0
423208.3,346742.6,392.0,104.0
423418.2,346742.6,392.0,104.0
423628.06,346742.6,392.0,92.0
423837.9,346742.6,392.0,92.0
424047.78,346742.6,392.0,92.0
424257.62,346742.6,392.0,92.0
424467.5,346742.6,380.0,56.0
424677.38,346742.6,380.0,56.0
424887.22,346742.6,380.0,56.0
425097.1,346742.6,380.0,56.0
425306.94,346742.6,380.0,56.0
425516.8,346742.6,380.0,56.0
425726.7,346742.6,380.0,56.0
425936.53,346742.6,380.0,56.0
426146.4,346742.6,380.0,56.0
426356.28,346742.6,380.0,56.0
426566.12,346742.6,380.0,56.0
426776.0,346742.6,380.0,56.0
426985.84,346742.6,380.0,56.0
427195.72,346742.6,380.0,56.0
427405.6,346742.6,380.0,56.0
427615.44,346742.6,380.0,20.0
427825.3,346742.6,380.0,8.0
428035.16,346742.6,380.0,8.0
428245.03,346742.6,380.0,8.0
428454.9,346742.6,380.0,8.0
428664.75,346742.6,380.0,8.0
428874.62,346742.6,380.0,8.0
429084.5,346742.6,380.0,8.0
429294.34,346742.6,380.0,8.0
429504.22,346742.6,380.0,8.0
429714.06,346742.6,368.0,8.0
429923.94,346742.6,368.0,8.0
430133.8,346742.6,368.0,8.0
430343.66,346742.6,368.0,8.0
430553.53,346742.6,356.0,8.0
430763.38,346742.6,356.0,8.0
430973.25,346742.6,344.0,8.0
431183.12,346742.6,236.0,-28.0
431392.97,346742.6,236.0,-28.0
431602.84,346742.6,236.0,-28.0
431812.72,346742.6,236.0,-28.0
432022.56,346742.6,236.0,-28.0
432232.44,346742.6,236.0,-28.0
432442.28,346742.6,236.0,-28.0
432652.16,346742.6,236.0,-28.0
432862.03,346742.6,236.0,-28.0
433071.88,346742.6,236.0,-28.0
433281.75,346742.6,224.0,-28.0
433491.6,346742.6,236.0,164.0
433701.47,346742.6,236.0,164.0
433911.34,346742.6,236.0,164.0
434121.2,346742.6,236.0,164.0
434331.06,346742.6,224.0,164.0
434540.94,346742.6,224.0,164.0
434750.78,346742.6,224.0,164.0
434960.66,346742.6,224.0,164.0
435170.5,346742.6,200.0,164.0
435380.38,346742.6,200.0,164.0
435590.25,346742.6,200.0,164.0
435800.1,346742.6,200.0,164.0
436009.97,346742.6,200.0,164.0
436219.8,346742.6,200.0,164.0
436429.7,346742.6,200.0,164.0
436639.56,346742.6,200.0,164.0
436849.4,346742.6,200.0,164.0
437059.28,346742.6,200.0,164.0
437269.16,346742.6,200.0,164.0
437479.0,346742.6,200.0,164.0
437688.88,346742.6,200.0,164.0
437898.72,346742.6,200.0,164.0
438108.6,346742.6,200.0,164.0
438318.47,346742.6,200.0,164.0
438528.3,346742.6,200.0,164.0
438738.2,346742.6,200.0,164.0
438948.03,346742.6,200.0,164.0
439157.9,346742.6,200.0,164.0
439367.78,346742.6,116.0,-16.0
439577.62,346742.6,116.0,-16.0
439787.5,346742.6,116.0,-16.0
439997.38,346742.6,116.0,-16.0
440207.22,346742.6,116.0,-16.0
440417.1,346742.6,104.0,-16.0
440626.94,346742.6,104.0,-28.0
440836.8,346742.6,104.0,-16.0
441046.7,346742.6,104.0,-16.0
441256.53,346742.6,104.0,-28.0
441466.4,346742.6,104.0,-16.0
441676.25,346742.6,104.0,-16.0
441886.12,346742.6,104.0,-16.0
442096.0,346742.6,104.0,-16.0
442305.84,346742.6,92.0,-16.0
442515.72,346742.6,92.0,-16.0
442725.6,346742.6,104.0,-28.0
442935.44,346742.6,104.0,-28.0
443145.3,346742.6,104.0,-16.0
443355.16,346742.6,104.0,-16.0
443565.03,346742.6,104.0,-16.0
443774.9,346742.6,104.0,-16.0
443984.75,346742.6,104.0,-16.0
444194.62,346742.6,104.0,-16.0
444404.47,346742.6,104.0,-16.0
444614.34,346742.6,104.0,-16.0
444824.22,346742.6,104.0,-16.0
445034.06,346742.6,92.0,-16.0
445243.94,346742.6,92.0,-16.0
445453.8,346742.6,92.0,-16.0
445663.66,346742.6,92.0,-16.0
445873.53,346742.6,92.0,-16.0
446083.38,346742.6,92.0,-16.0
446293.25,346742.6,92.0,-16.0
446503.12,346742.6,92.0,-16.0
446712.97,346742.6,92.0,-16.0
446922.84,346742.6,92.0,-4.0
447132.7,346742.6,92.0,-4.0
447342.56,346742.6,92.0,-4.0
447552.44,346742.6,92.0,-4.0
447762.28,346742.6,92.0,-4.0
447972.16,346742.6,92.0,-4.0
448182.03,346742.6,92.0,-4.0
448391.88,346742.6,92.0,-4.0
448601.75,346742.6,92.0,8.0
448811.6,346742.6,80.0,8.0
449021.47,346742.6,80.0,8.0
449231.34,346742.6,80.0,8.0
449441.2,346742.6,80.0,8.0
449651.06,346742.6,80.0,8.0
449860.9,346742.6,80.0,20.0
450070.78,346742.6,104.0,8.0
450280.66,346742.6,104.0,8.0
450490.5,346742.6,104.0,20.0
450700.38,346742.6,104.0,20.0
450910.25,346742.6,104.0,20.0
451120.1,346742.6,104.0,20.0
451329.97,346742.6,104.0,20.0
451539.8,346742.6,104.0,20.0
451749.7,346742.6,104.0,20.0
451959.56,346742.6,92.0,20.0
452169.4,346742.6,92.0,20.0
452379.28,346742.6,92.0,32.0
452589.12,346742.6,92.0,32.0
452799.0,346742.6,92.0,32.0
453008.88,346742.6,92.0,32.0
453218.72,346742.6,92.0,32.0
453428.6,346742.6,80.0,32.0
453638.47,346742.6,80.0,32.0
453848.3,346742.6,80.0,44.0
454058.2,346742.6,80.0,44.0
454268.03,346742.6,80.0,44.0
454477.9,346742.6,68.0,44.0
454687.78,346742.6,68.0,56.0
454897.62,346742.6,92.0,-136.0
455107.5,346742.6,92.0,-136.0
455317.34,346742.6,80.0,-136.0
455527.22,346742.6,80.0,-136.0
455737.1,346742.6,80.0,-136.0
455946.94,346742.6,80.0,-136.0
456156.8,346742.6,80.0,-136.0
456366.7,346742.6,80.0,-136.0
456576.53,346742.6,80.0,-136.0
456786.4,346742.6,80.0,-136.0
456996.25,346742.6,68.0,-124.0
457206.12,346742.6,68.0,-124.0
457416.0,346742.6,68.0,-124.0
457625.84,346742.6,68.0,-124.0
457835.72,346742.6,68.0,-124.0
458045.6,346742.6,68.0,-124.0
458255.44,346742.6,68.0,-112.0
458465.3,346742.6,68.0,-112.0
458675.16,346742.6,104.0,-160.0
458885.03,346742.6,104.0,-160.0
459094.9,346742.6,92.0,-160.0
459304.75,346742.6,92.0,-160.0
459514.62,346742.6,92.0,-160.0
459724.47,346742.6,92.0,-160.0
459934.34,346742.6,92.0,-160.0
460144.22,346742.6,92.0,-160.0
418381.47,346945.22,356.0,92.0
418591.34,346945.22,356.0,92.0
418801.2,346945.22,356.0,92.0
419011.06,346945.22,356.0,92.0
419220.94,346945.22,356.0,92.0
419430.78,346945.22,356.0,92.0
419640.66,346945.22,356.0,92.0
419850.5,346945.22,356.0,92.0
420060.38,346945.22,356.0,92.0
420270.25,346945.22,356.0,92.0
420480.1,346945.22,356.0,92.0
420689.97,346945.22,356.0,92.0
420899.84,346945.22,356.0,80.0
421109.7,346945.22,356.0,80.0
421319.56,346945.22,356.0,80.0
421529.4,346945.22,356.0,80.0
421739.28,346945.22,356.0,80.0
421949.16,346945.22,356.0,80.0
422159.0,346945.22,380.0,104.0
422368.88,346945.22,380.0,104.0
422578.72,346945.22,392.0,104.0
422788.6,346945.22,392.0,104.0
422998.47,346945.22,392.0,104.0
423208.3,346945.22,392.0,104.0
423418.2,346945.22,392.0,92.0
423628.06,346945.22,392.0,92.0
423837.9,346945.22,392.0,92.0
424047.78,346945.22,392.0,92.0
424257.62,346945.22,380.0,56.0
424467.5,346945.22,380.0,56.0
424677.38,346945.22,380.0,56.0
424887.22,346945.22,380.0,56.0
425097.1,346945.22,380.0,56.0
425306.94,346945.22,380.0,56.0
425516.8,346945.22,380.0,56.0
425726.7,346945.22,380.0,56.0
425936.53,346945.22,380.0,56.0
426146.4,346945.22,380.0,56.0
426356.28,346945.22,380.0,56.0
426566.12,346945.22,380.0,56.0
426776.0,346945.22,380.0,56.0
426985.84,346945.22,380.0,56.0
427195.72,346945.22,380.0,56.0
427405.6,346945.22,380.0,56.0
427615.44,346945.22,380.0,8.0
427825.3,346945.22,380.0,8.0
428035.16,346945.22,380.0,8.0
428245.03,346945.22,380.0,8.0
428454.9,346945.22,380.0,8.0
428664.75,346945.22,380.0,8.0
428874.62,346945.22,380.0,8.0
429084.5,346945.22,380.0,8.0
429294.34,346945.22,380.0,8.0
429504.22,346945.22,380.0,8.0
429714.06,346945.22,368.0,8.0
429923.94,346945.22,368.0,8.0
430133.8,346945.22,368.0,8.0
430343.66,346945.22,356.0,8.0
430553.53,346945.22,356.0,8.0
430763.38,346945.22,356.0,8.0
430973.25,346945.22,344.0,8.0
431183.12,346945.22,344.0,8.0
431392.97,346945.22,236.0,-28.0
431602.84,346945.22,236.0,-28.0
431812.72,346945.22,236.0,-28.0
432022.56,346945.22,236.0,-28.0
432232.44,346945.22,236.0,-28.0
432442.28,346945.22,236.0,-28.0
432652.16,346945.22,236.0,-28.0
432862.03,346945.22,236.0,-28.0
433071.88,346945.22,236.0,-28.0
433281.75,346945.22,236.0,164.0
433491.6,346945.22,236.0,164.0
433701.47,346945.22,236.0,164.0
433911.34,346945.22,236.0,164.0
434121.2,346945.22,236.0,164.0
434331.06,346945.22,236.0,164.0
434540.94,346945.22,224.0,164.0
434750.78,346945.22,224.0,164.0
434960.66,346945.22,224.0,164.0
435170.5,346945.22,224.0,164.0
435380.38,346945.22,200.0,164.0
435590.25,346945.22,200.0,164.0
435800.1,346945.22,200.0,164.0
436009.97,346945.22,200.0,164.0
436219.8,346945.22,200.0,164.0
436429.7,346945.22,200.0,164.0
436639.56,346945.22,200.0,164.0
436849.4,346945.22,200.0,164.0
437059.28,346945.22,212.0,164.0
437269.16,346945.22,212.0,164.0
437479.0,346945.22,212.0,164.0
437688.88,346945.22,212.0,164.0
437898.72,346945.22,212.0,164.0
438108.6,346945.22,212.0,164.0
438318.47,346945.22,212.0,164.0
438528.3,346945.22,212.0,164.0
438738.2,346945.22,212.0,164.0
438948.03,346945.22,152.0,-52.0
439157.9,346945.22,152.0,-52.0
439367.78,346945.22,116.0,-28.0
439577.62,346945.22,116.0,-28.0
439787.5,346945.22,116.0,-28.0
439997.38,346945.22,116.0,-28.0
440207.22,346945.22,116.0,-28.0
440417.1,346945.22,116.0,-28.0
440626.94,346945.22,104.0,-28.0
440836.8,346945.22,104.0,-28.0
441046.7,346945.22,104.0,-28.0
441256.53,346945.22,104.0,-28.0
441466.4,346945.22,104.0,-28.0
441676.25,346945.22,104.0,-28.0
441886.12,346945.22,104.0,-28.0
442096.0,346945.22,104.0,-16.0
442305.84,346945.22,104.0,-16.0
442515.72,346945.22,92.0,-16.0
442725.6,346945.22,116.0,-28.0
442935.44,346945.22,116.0,-28.0
443145.3,346945.22,104.0,-28.0
443355.16,346945.22,104.0,-28.0
443565.03,346945.22,104.0,-28.0
443774.9,346945.22,104.0,-28.0
443984.75,346945.22,104.0,-16.0
444194.62,346945.22,104.0,-16.0
444404.47,346945.22,104.0,-16.0
444614.34,346945.22,104.0,-16.0
444824.22,346945.22,104.0,-16.0
445034.06,346945.22,104.0,-16.0
445243.94,346945.22,104.0,-16.0
445453.8,346945.22,104.0,-16.0
445663.66,346945.22,92.0,-16.0
445873.53,346945.22,92.0,-16.0
446083.38,346945.22,92.0,-16.0
446293.25,346945.22,92.0,-16.0
446503.12,346945.22,92.0,-16.0
446712.97,346945.22,92.0,-16.0
446922.84,346945.22,92.0,-16.0
447132.7,346945.22,92.0,-16.0
447342.56,346945.22,92.0,-4.0
447552.44,346945.22,92.0,-4.0
447762.28,346945.22,92.0,-4.0
447972.16,346945.22,92.0,-4.0
448182.03,346945.22,92.0,-4.0
448391.88,346945.22,92.0,-4.0
448601.75,346945.22,92.0,-4.0
448811.6,346945.22,92.0,8.0
449021.47,346945.22,92.0,8.0
449231.34,346945.22,92.0,8.0
449441.2,346945.22,80.0,8.0
449651.06,346945.22,80.0,8.0
449860.9,346945.22,80.0,8.0
450070.78,346945.22,116.0,8.0
450280.66,346945.22,116.0,8.0
450490.5,346945.22,104.0,8.0
450700.38,346945.22,104.0,8.0
450910.25,346945.22,104.0,8.0
451120.1,346945.22,104.0,20.0
451329.97,346945.22,104.0,20.0
451539.8,346945.22,104.0,20.0
451749.7,346945.22,104.0,20.0
451959.56,346945.22,104.0,20.0
452169.4,346945.22,104.0,20.0
452379.28,346945.22,92.0,20.0
452589.12,346945.22,92.0,20.0
452799.0,346945.22,92.0,32.0
453008.88,346945.22,92.0,32.0
453218.72,346945.22,92.0,32.0
453428.6,346945.22,92.0,32.0
453638.47,346945.22,92.0,32.0
453848.3,346945.22,80.0,32.0
454058.2,346945.22,80.0,32.0
454268.03,346945.22,80.0,44.0
454477.9,346945.22,80.0,44.0
454687.78,346945.22,80.0,44.0
454897.62,346945.22,92.0,-136.0
455107.5,346945.22,92.0,-136.0
455317.34,346945.22,92.0,-136.0
455527.22,346945.22,92.0,-136.0
455737.1,346945.22,92.0,-136.0
455946.94,346945.22,80.0,-136.0
456156.8,346945.22,80.0,-136.0
456366.7,346945.22,80.0,-136.0
456576.53,346945.22,80.0,-136.0
456786.4,346945.22,80.0,-136.0
456996.25,346945.22,80.0,-136.0
457206.12,346945.22,80.0,-136.0
457416.0,346945.22,68.0,-124.0
457625.84,346945.22,68.0,-124.0
457835.72,346945.22,68.0,-124.0
458045.6,346945.22,68.0,-124.0
458255.44,346945.22,68.0,-124.0
458465.3,346945.22,104.0,-172.0
458675.16,346945.22,104.0,-172.0
458885.03,346945.22,104.0,-160.0
459094.9,346945.22,104.0,-160.0
459304.75,346945.22,104.0,-160.0
459514.62,346945.22,92.0,-160.0
459724.47,346945.22,92.0,-160.0
459934.34,346945.22,92.0,-160.0
460144.22,346945.22,92.0,-160.0
418381.47,347147.84,356.0,92.0
418591.34,347147.84,356.0,92.0
418801.2,347147.84,356.0,92.0
419011.06,347147.84,356.0,92.0
419220.94,347147.84,356.0,92.0
419430.78,347147.84,356.0,92.0
419640.66,347147.84,356.0,92.0
419850.5,347147.84,356.0,92.0
420060.38,347147.84,356.0,92.0
420270.25,347147.84,356.0,92.0
420480.1,347147.84,356.0,92.0
420689.97,347147.84,356.0,80.0
420899.84,347147.84,356.0,80.0
421109.7,347147.84,356.0,80.0
421319.56,347147.84,356.0,80.0
421529.4,347147.84,356.0,80.0
421739.28,347147.84,356.0,80.0
421949.16,347147.84,356.0,80.0
422159.0,347147.84,380.0,104.0
422368.88,347147.84,380.0,104.0
422578.72,347147.84,380.0,104.0
422788.6,347147.84,380.0,92.0
422998.47,347147.84,380.0,92.0
423208.3,347147.84,392.0,92.0
423418.2,347147.84,392.0,92.0
423628.06,347147.84,392.0,92.0
423837.9,347147.84,392.0,92.0
424047.78,347147.84,392.0,92.0
424257.62,347147.84,380.0,56.0
424467.5,347147.84,380.0,56.0
424677.38,347147.84,380.0,56.0
424887.22,347147.84,380.0,56.0
425097.1,347147.84,380.0,56.0
425306.94,347147.84,380.0,56.0
425516.8,347147.84,380.0,56.0
425726.7,347147.84,380.0,56.0
425936.53,347147.84,380.0,56.0
426146.4,347147.84,380.0,56.0
426356.28,347147.84,380.0,56.0
426566.12,347147.84,380.0,56.0
426776.0,347147.84,380.0,56.0
426985.84,347147.84,380.0,56.0
427195.72,347147.84,380.0,56.0
427405.6,347147.84,368.0,20.0
427615.44,347147.84,380.0,20.0
427825.3,347147.84,380.0,8.0
428035.16,347147.84,380.0,8.0
428245.03,347147.84,380.0,8.0
428454.9,347147.84,380.0,8.0
428664.75,347147.84,380.0,8.0
428874.62,347147.84,380.0,8.0
429084.5,347147.84,380.0,8.0
429294.34,347147.84,380.0,8.0
429504.22,347147.84,380.0,8.0
429714.06,347147.84,380.0,8.0
429923.94,347147.84,368.0,8.0
430133.8,347147.84,356.0,8.0
430343.66,347147.84,356.0,8.0
430553.53,347147.84,356.0,8.0
430763.38,347147.84,356.0,8.0
430973.25,347147.84,356.0,8.0
431183.12,347147.84,344.0,8.0
431392.97,347147.84,344.0,8.0
431602.84,347147.84,236.0,-28.0
431812.72,347147.84,236.0,-28.0
432022.56,347147.84,236.0,-28.0
432232.44,347147.84,236.0,-28.0
432442.28,347147.84,236.0,-28.0
432652.16,347147.84,236.0,-28.0
432862.03,347147.84,236.0,-28.0
433071.88,347147.84,248.0,164.0
433281.75,347147.84,248.0,164.0
433491.6,347147.84,236.0,164.0
433701.47,347147.84,236.0,164.0
433911.34,347147.84,236.0,164.0
434121.2,347147.84,236.0,164.0
434331.06,347147.84,236.0,164.0
434540.94,347147.84,236.0,164.0
434750.78,347147.84,236.0,164.0
434960.66,347147.84,224.0,164.0
435170.5,347147.84,224.0,164.0
435380.38,347147.84,224.0,164.0
435590.25,347147.84,212.0,164.0
435800.1,347147.84,212.0,164.0
436009.97,347147.84,212.0,164.0
436219.8,347147.84,212.0,164.0
436429.7,347147.84,212.0,164.0
436639.56,347147.84,212.0,164.0
436849.4,347147.84,212.0,164.0
437059.28,347147.84,212.0,164.0
437269.16,347147.84,212.0,164.0
437479.0,347147.84,212.0,164.0
437688.88,347147.84,212.0,164.0
437898.72,347147.84,212.0,164.0
438108.6,347147.84,212.0,164.0
438318.47,347147.84,212.0,164.0
438528.3,347147.84,164.0,-52.0
438738.2,347147.84,164.0,-52.0
438948.03,347147.84,164.0,-52.0
439157.9,347147.84,152.0,-52.0
439367.78,347147.84,116.0,-28.0
439577.62,347147.84,116.0,-28.0
439787.5,347147.84,116.0,-28.0
439997.38,347147.84,116.0,-28.0
440207.22,347147.84,116.0,-28.0
440417.1,347147.84,116.0,-28.0
440626.94,347147.84,116.0,-28.0
440836.8,347147.84,104.0,-28.0
441046.7,347147.84,104.0,-28.0
441256.53,347147.84,104.0,-28.0
441466.4,347147.84,104.0,-28.0
441676.25,347147.84,104.0,-28.0
441886.12,347147.84,104.0,-28.0
442096.0,347147.84,104.0,-28.0
442305.84,347147.84,104.0,-28.0
442515.72,347147.84,104.0,-28.0
442725.6,347147.84,116.0,-28.0
442935.44,347147.84,116.0,-28.0
443145.3,347147.84,116.0,-28.0
443355.16,347147.84,104.0,-28.0
443565.03,347147.84,104.0,-28.0
443774.9,347147.84,104.0,-28.0
443984.75,347147.84,104.0,-28.0
444194.62,347147.84,104.0,-28.0
444404.47,347147.84,104.0,-28.0
444614.34,347147.84,104.0,-28.0
444824.22,347147.84,104.0,-28.0
445034.06,347147.84,104.0,-28.0
445243.94,347147.84,104.0,-16.0
445453.8,347147.84,104.0,-16.0
445663.66,347147.84,104.0,-16.0
445873.53,347147.84,104.0,-16.0
446083.38,347147.84,104.0,-16.0
446293.25,347147.84,104.0,-16.0
446503.12,347147.84,104.0,-16.0
446712.97,347147.84,104.0,-16.0
446922.84,347147.84,104.0,-16.0
447132.7,347147.84,104.0,-16.0
447342.56,347147.84,104.0,-16.0
447552.44,347147.84,92.0,-4.0
447762.28,347147.84,92.0,-4.0
447972.16,347147.84,92.0,-4.0
448182.03,347147.84,92.0,-4.0
448391.88,347147.84,92.0,-4.0
448601.75,347147.84,92.0,-4.0
448811.6,347147.84,92.0,-4.0
449021.47,347147.84,92.0,8.0
449231.34,347147.84,92.0,8.0
449441.2,347147.84,92.0,8.0
449651.06,347147.84,92.0,8.0
449860.9,347147.84,116.0,8.0
450070.78,347147.84,116.0,8.0
450280.66,347147.84,116.0,8.0
450490.5,347147.84,116.0,8.0
450700.38,347147.84,116.0,8.0
450910.25,347147.84,116.0,8.0
451120.1,347147.84,104.0,8.0
451329.97,347147.84,104.0,8.0
451539.8,347147.84,104.0,20.0
451749.7,347147.84,104.0,20.0
451959.56,347147.84,104.0,20.0
452169.4,347147.84,104.0,20.0
452379.28,347147.84,104.0,20.0
452589.12,347147.84,104.0,20.0
452799.0,347147.84,104.0,20.0
453008.88,347147.84,92.0,20.0
453218.72,347147.84,92.0,32.0
453428.6,347147.84,92.0,32.0
453638.47,347147.84,92.0,32.0
453848.3,347147.84,92.0,32.0
454058.2,347147.84,92.0,32.0
454268.03,347147.84,80.0,32.0
454477.9,347147.84,80.0,32.0
454687.78,347147.84,92.0,-148.0
454897.62,347147.84,92.0,-148.0
455107.5,347147.84,92.0,-148.0
455317.34,347147.84,92.0,-148.0
455527.22,347147.84,92.0,-148.0
455737.1,347147.84,92.0,-136.0
455946.94,347147.84,92.0,-136.0
456156.8,347147.84,92.0,-136.0
456366.7,347147.84,80.0,-136.0
456576.53,347147.84,80.0,-136.0
456786.4,347147.84,80.0,-136.0
456996.25,347147.84,80.0,-136.0
457206.12,347147.84,80.0,-136.0
457416.0,347147.84,80.0,-136.0
457625.84,347147.84,80.0,-136.0
457835.72,347147.84,68.0,-124.0
458045.6,347147.84,68.0,-124.0
458255.44,347147.84,68.0,-124.0
458465.3,347147.84,104.0,-172.0
458675.16,347147.84,104.0,-172.0
458885.03,347147.84,104.0,-172.0
459094.9,347147.84,104.0,-160.0
459304.75,347147.84,104.0,-160.0
459514.62,347147.84,104.0,-160.0
459724.47,347147.84,104.0,-160.0
459934.34,347147.84,104.0,-160.0
460144.22,347147.84,92.0,-160.0
418381.47,347350.44,344.0,92.0
418591.34,347350.44,344.0,92.0
418801.2,347350.44,344.0,92.0
419011.06,347350.44,356.0,92.0
419220.94,347350.44,356.0,92.0
419430.78,347350.44,356.0,92.0
419640.66,347350.44,356.0,92.0
419850.5,347350.44,356.0,92.0
420060.38,347350.44,356.0,92.0
420270.25,347350.44,356.0,92.0
420480.1,347350.44,356.0,80.0
420689.97,347350.44,356.0,80.0
420899.84,347350.44,356.0,80.0
421109.7,347350.44,356.0,80.0
421319.56,347350.44,356.0,80.0
421529.4,347350.44,356.0,80.0
421739.28,347350.44,356.0,80.0
421949.16,347350.44,356.0,80.0
422159.0,347350.44,356.0,80.0
422368.88,347350.44,380.0,92.0
422578.72,347350.44,380.0,92.0
422788.6,347350.44,380.0,92.0
422998.47,347350.44,380.0,92.0
423208.3,347350.44,380.0,92.0
423418.2,347350.44,380.0,92.0
423628.06,347350.44,392.0,92.0
423837.9,347350.44,392.0,92.0
424047.78,347350.44,380.0,56.0
424257.62,347350.44,380.0,56.0
424467.5,347350.44,380.0,56.0
424677.38,347350.44,380.0,56.0
424887.22,347350.44,380.0,56.0
425097.1,347350.44,380.0,56.0
425306.94,347350.44,380.0,56.0
425516.8,347350.44,380.0,56.0
425726.7,347350.44,380.0,56.0
425936.53,347350.44,380.0,56.0
426146.4,347350.44,380.0,56.0
426356.28,347350.44,380.0,44.0
426566.12,347350.44,380.0,44.0
426776.0,347350.44,380.0,56.0
426985.84,347350.44,368.0,20.0
427195.72,347350.44,368.0,20.0
427405.6,347350.44,368.0,20.0
427615.44,347350.44,368.0,20.0
427825.3,347350.44,380.0,8.0
428035.16,347350.44,380.0,8.0
428245.03,347350.44,380.0,8.0
428454.9,347350.44,380.0,8.0
428664.75,347350.44,380.0,8.0
428874.62,347350.44,380.0,8.0
429084.5,347350.44,380.0,8.0
429294.34,347350.44,380.0,8.0
429504.22,347350.44,380.0,8.0
429714.06,347350.44,380.0,8.0
429923.94,347350.44,356.0,8.0
430133.8,347350.44,356.0,8.0
430343.66,347350.44,356.0,8.0
430553.53,347350.44,356.0,8.0
430763.38,347350.44,356.0,8.0
430973.25,347350.44,356.0,8.0
431183.12,347350.44,356.0,8.0
431392.97,347350.44,344.0,8.0
431602.84,347350.44,236.0,-28.0
431812.72,347350.44,236.0,-28.0
432022.56,347350.44,236.0,-28.0
432232.44,347350.44,236.0,-28.0
432442.28,347350.44,236.0,-28.0
432652.16,347350.44,236.0,-28.0
432862.03,347350.44,248.0,164.0
433071.88,347350.44,248.0,164.0
433281.75,347350.44,248.0,164.0
433491.6,347350.44,248.0,164.0
433701.47,347350.44,248.0,164.0
433911.34,347350.44,236.0,164.0
434121.2,347350.44,236.0,164.0
434331.06,347350.44,236.0,164.0
434540.94,347350.44,236.0,164.0
434750.78,347350.44,236.0,164.0
434960.66,347350.44,236.0,164.0
435170.5,347350.44,224.0,164.0
435380.38,347350.44,224.0,164.0
435590.25,347350.44,224.0,164.0
435800.1,347350.44,224.0,164.0
436009.97,347350.44,224.0,164.0
436219.8,347350.44,224.0,164.0
436429.7,347350.44,212.0,164.0
436639.56,347350.44,212.0,164.0
436849.4,347350.44,212.0,164.0
437059.28,347350.44,212.0,164.0
437269.16,347350.44,212.0,164.0
437479.0,347350.44,212.0,164.0
437688.88,347350.44,212.0,164.0
437898.72,347350.44,212.0,164.0
438108.6,347350.44,176.0,-64.0
438318.47,347350.44,164.0,-64.0
438528.3,347350.44,164.0,-64.0
438738.2,347350.44,164.0,-64.0
438948.03,347350.44,164.0,-64.0
439157.9,347350.44,164.0,-64.0
439367.78,347350.44,116.0,-28.0
439577.62,347350.44,116.0,-28.0
439787.5,347350.44,116.0,-28.0
439997.38,347350.44,116.0,-28.0
440207.22,347350.44,116.0,-28.0
440417.1,347350.44,116.0,-28.0
440626.94,347350.44,116.0,-28.0
440836.8,347350.44,116.0,-28.0
441046.7,347350.44,116.0,-28.0
441256.53,347350.44,116.0,-28.0
441466.4,347350.44,104.0,-28.0
441676.25,347350.44,104.0,-28.0
441886.12,347350.44,104.0,-28.0
442096.0,347350.44,104.0,-28.0
442305.84,347350.44,104.0,-28.0
442515.72,347350.44,104.0,-28.0
442725.6,347350.44,116.0,-28.0
442935.44,347350.44,116.0,-28.0
443145.3,347350.44,116.0,-28.0
443355.16,347350.44,116.0,-28.0
443565.03,347350.44,104.0,-28.0
443774.9,347350.44,104.0,-28.0
443984.75,347350.44,104.0,-28.0
444194.62,347350.44,104.0,-28.0
444404.47,347350.44,104.0,-28.0
444614.34,347350.44,104.0,-28.0
444824.22,347350.44,104.0,-28.0
445034.06,347350.44,104.0,-28.0
445243.94,347350.44,104.0,-28.0
445453.8,347350.44,104.0,-28.0
445663.66,347350.44,104.0,-16.0
445873.53,347350.44,104.0,-16.0
446083.38,347350.44,104.0,-16.0
446293.25,347350.44,104.0,-16.0
446503.12,347350.44,104.0,-16.0
446712.97,347350.44,104.0,-16.0
446922.84,347350.44,104.0,-16.0
447132.7,347350.44,104.0,-16.0
447342.56,347350.44,104.0,-16.0
447552.44,347350.44,104.0,-16.0
447762.28,347350.44,104.0,-4.0
447972.16,347350.44,104.0,-4.0
448182.03,347350.44,104.0,-4.0
448391.88,347350.44,104.0,-4.0
448601.75,347350.44,92.0,-4.0
448811.6,347350.44,92.0,-4.0
449021.47,347350.44,92.0,-4.0
449231.34,347350.44,92.0,-4.0
449441.2,347350.44,92.0,8.0
449651.06,347350.44,116.0,8.0
449860.9,347350.44,116.0,8.0
450070.78,347350.44,116.0,8.0
450280.66,347350.44,116.0,8.0
450490.5,347350.44,116.0,8.0
450700.38,347350.44,116.0,8.0
450910.25,347350.44,116.0,8.0
451120.1,347350.44,116.0,8.0
451329.97,347350.44,116.0,8.0
451539.8,347350.44,116.0,8.0
451749.7,347350.44,116.0,8.0
451959.56,347350.44,104.0,8.0
452169.4,347350.44,104.0,20.0
452379.28,347350.44,104.0,20.0
452589.12,347350.44,104.0,20.0
452799.0,347350.44,104.0,20.0
453008.88,347350.44,104.0,20.0
453218.72,347350.44,104.0,20.0
453428.6,347350.44,92.0,20.0
453638.47,347350.44,92.0,32.0
453848.3,347350.44,92.0,32.0
454058.2,347350.44,92.0,32.0
454268.03,347350.44,92.0,32.0
454477.9,347350.44,80.0,32.0
454687.78,347350.44,92.0,-148.0
454897.62,347350.44,92.0,-148.0
455107.5,347350.44,92.0,-148.0
455317.34,347350.44,92.0,-148.0
455527.22,347350.44,92.0,-148.0
455737.1,347350.44,92.0,-148.0
455946.94,347350.44,92.0,-148.0
456156.8,347350.44,92.0,-148.0
456366.7,347350.44,92.0,-136.0
456576.53,347350.44,92.0,-136.0
456786.4,347350.44,80.0,-136.0
456996.25,347350.44,80.0,-136.0
457206.12,347350.44,80.0,-136.0
457416.0,347350.44,80.0,-136.0
457625.84,347350.44,80.0,-136.0
457835.72,347350.44,80.0,-136.0
458045.6,347350.44,80.0,-124.0
458255.44,347350.44,116.0,-172.0
458465.3,347350.44,116.0,-172.0
458675.16,347350.44,104.0,-172.0
458885.03,347350.44,104.0,-172.0
459094.9,347350.44,104.0,-172.0
459304.75,347350.44,104.0,-172.0
459514.62,347350.44,104.0,-160.0
459724.47,347350.44,104.0,-160.0
459934.34,347350.44,104.0,-160.0
460144.22,347350.44,104.0,-160.0
418381.47,347553.06,344.0,92.0
418591.34,347553.06,344.0,92.0
418801.2,347553.06,344.0,92.0
419011.06,347553.06,344.0,92.0
419220.94,347553.06,344.0,92.0
419430.78,347553.06,344.0,92.0
419640.66,347553.06,356.0,92.0
419850.5,347553.06,356.0,92.0
420060.38,347553.06,356.0,92.0
420270.25,347553.06,356.0,92.0
420480.1,347553.06,356.0,80.0
420689.97,347553.06,356.0,80.0
420899.84,347553.06,356.0,80.0
421109.7,347553.06,356.0,80.0
421319.56,347553.06,356.0,80.0
421529.4,347553.06,356.0,80.0
421739.28,347553.06,356.0,80.0
421949.16,347553.06,356.0,80.0
422159.0,347553.06,356.0,80.0
422368.88,347553.06,356.0,80.0
422578.72,347553.06,380.0,92.0
422788.6,347553.06,380.0,92.0
422998.47,347553.06,380.0,92.0
423208.3,347553.06,380.0,92.0
423418.2,347553.06,380.0,92.0
423628.06,347553.06,380.0,92.0
423837.9,347553.06,380.0,92.0
424047.78,347553.06,380.0,56.0
424257.62,347553.06,380.0,56.0
424467.5,347553.06,380.0,56.0
424677.38,347553.06,380.0,56.0
424887.22,347553.06,380.0,56.0
425097.1,347553.06,380.0,56.0
425306.94,347553.06,380.0,56.0
425516.8,347553.06,380.0,56.0
425726.7,347553.06,380.0,56.0
425936.53,347553.06,380.0,56.0
426146.4,347553.06,380.0,44.0
426356.28,347553.06,380.0,44.0
426566.12,347553.06,368.0,20.0
426776.0,347553.06,368.0,20.0
426985.84,347553.06,368.0,20.0
427195.72,347553.06,368.0,20.0
427405.6,347553.06,368.0,20.0
427615.44,347553.06,368.0,20.0
427825.3,347553.06,368.0,20.0
428035.16,347553.06,380.0,8.0
428245.03,347553.06,380.0,8.0
428454.9,347553.06,380.0,8.0
428664.75,347553.06,380.0,8.0
428874.62,347553.06,380.0,8.0
429084.5,347553.06,380.0,8.0
429294.34,347553.06,380.0,8.0
429504.22,347553.06,380.0,8.0
429714.06,347553.06,380.0,8.0
429923.94,347553.06,356.0,8.0
430133.8,347553.06,356.0,8.0
430343.66,347553.06,356.0,8.0
430553.53,347553.06,356.0,8.0
430763.38,347553.06,356.0,8.0
430973.25,347553.06,356.0,8.0
431183.12,347553.06,356.0,8.0
431392.97,347553.06,344.0,8.0
431602.84,347553.06,344.0,8.0
431812.72,347553.06,272.0,-76.0
432022.56,347553.06,260.0,-76.0
432232.44,347553.06,260.0,-76.0
432442.28,347553.06,260.0,-76.0
432652.16,347553.06,260.0,-76.0
432862.03,347553.06,260.0,-76.0
433071.88,347553.06,260.0,164.0
433281.75,347553.06,248.0,164.0
433491.6,347553.06,248.0,164.0
433701.47,347553.06,248.0,164.0
433911.34,347553.06,248.0,164.0
434121.2,347553.06,248.0,164.0
434331.06,347553.06,236.0,164.0
434540.94,347553.06,236.0,164.0
434750.78,347553.06,236.0,164.0
434960.66,347553.06,236.0,164.0
435170.5,347553.06,236.0,164.0
435380.38,347553.06,236.0,164.0
435590.25,347553.06,224.0,164.0
435800.1,347553.06,224.0,164.0
436009.97,347553.06,224.0,164.0
436219.8,347553.06,224.0,164.0
436429.7,347553.06,224.0,164.0
436639.56,347553.06,224.0,164.0
436849.4,347553.06,224.0,164.0
437059.28,347553.06,224.0,164.0
437269.16,347553.06,224.0,164.0
437479.0,347553.06,224.0,164.0
437688.88,347553.06,224.0,164.0
437898.72,347553.06,176.0,-64.0
438108.6,347553.06,176.0,-64.0
438318.47,347553.06,176.0,-64.0
438528.3,347553.06,164.0,-64.0
438738.2,347553.06,164.0,-64.0
438948.03,347553.06,164.0,-64.0
439157.9,347553.06,164.0,-64.0
439367.78,347553.06,128.0,-28.0
439577.62,347553.06,116.0,-28.0
439787.5,347553.06,116.0,-28.0
439997.38,347553.06,116.0,-28.0
440207.22,347553.06,116.0,-28.0
440417.1,347553.06,116.0,-28.0
440626.94,347553.06,116.0,-28.0
440836.8,347553.06,116.0,-28.0
441046.7,347553.06,116.0,-28.0
441256.53,347553.06,116.0,-28.0
441466.4,347553.06,116.0,-28.0
441676.25,347553.06,104.0,-28.0
441886.12,347553.06,104.0,-28.0
442096.0,347553.06,104.0,-28.0
442305.84,347553.06,104.0,-28.0
442515.72,347553.06,104.0,-28.0
442725.6,347553.06,116.0,-28.0
442935.44,347553.06,116.0,-28.0
443145.3,347553.06,116.0,-28.0
443355.16,347553.06,116.0,-28.0
443565.03,347553.06,116.0,-28.0
443774.9,347553.06,116.0,-28.0
443984.75,347553.06,116.0,-28.0
444194.62,347553.06,104.0,-28.0
444404.47,347553.06,104.0,-28.0
444614.34,347553.06,104.0,-28.0
444824.22,347553.06,104.0,-28.0
445034.06,347553.06,104.0,-28.0
445243.94,347553.06,104.0,-28.0
445453.8,347553.06,104.0,-28.0
445663.66,347553.06,104.0,-28.0
445873.53,347553.06,104.0,-28.0
446083.38,347553.06,104.0,-16.0
446293.25,347553.06,104.0,-16.0
446503.12,347553.06,104.0,-16.0
446712.97,347553.06,104.0,-16.0
446922.84,347553.06,104.0,-16.0
447132.7,347553.06,104.0,-16.0
447342.56,347553.06,104.0,-16.0
447552.44,347553.06,104.0,-16.0
447762.28,347553.06,104.0,-16.0
447972.16,347553.06,104.0,-16.0
448182.03,347553.06,104.0,-4.0
448391.88,347553.06,104.0,-4.0
448601.75,347553.06,104.0,-4.0
448811.6,347553.06,104.0,-4.0
449021.47,347553.06,104.0,-4.0
449231.34,347553.06,104.0,-4.0
449441.2,347553.06,104.0,-4.0
449651.06,347553.06,116.0,8.0
449860.9,347553.06,116.0,8.0
450070.78,347553.06,116.0,8.0
450280.66,347553.06,116.0,8.0
450490.5,347553.06,116.0,8.0
450700.38,347553.06,116.0,8.0
450910.25,347553.06,116.0,8.0
451120.1,347553.06,116.0,8.0
451329.97,347553.06,116.0,8.0
451539.8,347553.06,116.0,8.0
451749.7,347553.06,116.0,8.0
451959.56,347553.06,116.0,8.0
452169.4,347553.06,116.0,8.0
452379.28,347553.06,104.0,20.0
452589.12,347553.06,104.0,20.0
452799.0,347553.06,104.0,20.0
453008.88,347553.06,104.0,20.0
453218.72,347553.06,104.0,20.0
453428.6,347553.06,104.0,20.0
453638.47,347553.06,104.0,20.0
453848.3,347553.06,104.0,20.0
454058.2,347553.06,92.0,32.0
454268.03,347553.06,92.0,32.0
454477.9,347553.06,104.0,-160.0
454687.78,347553.06,104.0,-160.0
454897.62,347553.06,104.0,-148.0
455107.5,347553.06,104.0,-148.0
455317.34,347553.06,92.0,-148.0
455527.22,347553.06,92.0,-148.0
455737.1,347553.06,92.0,-148.0
455946.94,347553.06,92.0,-148.0
456156.8,347553.06,92.0,-148.0
456366.7,347553.06,92.0,-148.0
456576.53,347553.06,92.0,-148.0
456786.4,347553.06,92.0,-136.0
456996.25,347553.06,92.0,-136.0
457206.12,347553.06,92.0,-136.0
457416.0,347553.06,80.0,-136.0
457625.84,347553.06,80.0,-136.0
457835.72,347553.06,80.0,-136.0
458045.6,347553.06,116.0,-184.0
458255.44,347553.06,116.0,-172.0
458465.3,347553.06,116.0,-172.0
458675.16,347553.06,116.0,-172.0
458885.03,347553.06,116.0,-172.0
459094.9,347553.06,104.0,-172.0
459304.75,347553.06,104.0,-172.0
459514.62,347553.06,104.0,-172.0
459724.47,347553.06,104.0,-160.0
459934.34,347553.06,104.0,-160.0
460144.22,347553.06,104.0,-160.0
418381.47,347755.7,344.0,92.0
418591.34,347755.7,344.0,92.0
418801.2,347755.7,344.0,92.0
419011.06,347755.7,344.0,92.0
419220.94,347755.7,344.0,92.0
419430.78,347755.7,344.0,92.0
419640.66,347755.7,344.0,92.0
419850.5,347755.7,344.0,92.0
420060.38,347755.7,344.0,92.0
420270.25,347755.7,344.0,92.0
420480.1,347755.7,356.0,80.0
420689.97,347755.7,356.0,80.0
420899.84,347755.7,356.0,80.0
421109.7,347755.7,356.0,80.0
421319.56,347755.7,356.0,80.0
421529.4,347755.7,356.0,80.0
421739.28,347755.7,356.0,80.0
421949.16,347755.7,356.0,80.0
422159.0,347755.7,356.0,80.0
422368.88,347755.7,356.0,80.0
422578.72,347755.7,356.0,80.0
422788.6,347755.7,380.0,92.0
422998.47,347755.7,380.0,92.0
423208.3,347755.7,380.0,92.0
423418.2,347755.7,380.0,92.0
423628.06,347755.7,380.0,92.0
423837.9,347755.7,380.0,56.0
424047.78,347755.7,380.0,56.0
424257.62,347755.7,380.0,56.0
424467.5,347755.7,380.0,56.0
424677.38,347755.7,380.0,56.0
424887.22,347755.7,380.0,56.0
425097.1,347755.7,380.0,56.0
425306.94,347755.7,380.0,56.0
425516.8,347755.7,380.0,56.0
425726.7,347755.7,380.0,44.0
425936.53,347755.7,380.0,44.0
426146.4,347755.7,368.0,20.0
426356.28,347755.7,368.0,20.0
426566.12,347755.7,368.0,20.0
426776.0,347755.7,368.0,20.0
426985.84,347755.7,368.0,20.0
427195.72,347755.7,368.0,20.0
427405.6,347755.7,368.0,20.0
427615.44,347755.7,368.0,20.0
427825.3,347755.7,368.0,20.0
428035.16,347755.7,368.0,20.0
428245.03,347755.7,380.0,8.0
428454.9,347755.7,380.0,8.0
428664.75,347755.7,380.0,8.0
428874.62,347755.7,380.0,8.0
429084.5,347755.7,380.0,8.0
429294.34,347755.7,380.0,8.0
429504.22,347755.7,380.0,8.0
429714.06,347755.7,368.0,8.0
429923.94,347755.7,368.0,8.0
430133.8,347755.7,356.0,8.0
430343.66,347755.7,356.0,8.0
430553.53,347755.7,356.0,8.0
430763.38,347755.7,356.0,8.0
430973.25,347755.7,356.0,8.0
431183.12,347755.7,356.0,8.0
431392.97,347755.7,356.0,8.0
431602.84,347755.7,344.0,8.0
431812.72,347755.7,272.0,-88.0
432022.56,347755.7,272.0,-88.0
432232.44,347755.7,272.0,-76.0
432442.28,347755.7,260.0,-76.0
432652.16,347755.7,260.0,-76.0
432862.03,347755.7,260.0,-88.0
433071.88,347755.7,260.0,-88.0
433281.75,347755.7,260.0,164.0
433491.6,347755.7,248.0,164.0
433701.47,347755.7,248.0,164.0
433911.34,347755.7,248.0,164.0
434121.2,347755.7,248.0,164.0
434331.06,347755.7,248.0,164.0
434540.94,347755.7,248.0,164.0
434750.78,347755.7,236.0,164.0
434960.66,347755.7,236.0,164.0
435170.5,347755.7,236.0,164.0
435380.38,347755.7,236.0,164.0
435590.25,347755.7,236.0,164.0
435800.1,347755.7,224.0,164.0
436009.97,347755.7,224.0,164.0
436219.8,347755.7,224.0,164.0
436429.7,347755.7,224.0,164.0
436639.56,347755.7,224.0,164.0
436849.4,347755.7,224.0,164.0
437059.28,347755.7,224.0,164.0
437269.16,347755.7,224.0,164.0
437479.0,347755.7,176.0,-64.0
437688.88,347755.7,176.0,-64.0
437898.72,347755.7,176.0,-64.0
438108.6,347755.7,176.0,-64.0
438318.47,347755.7,176.0,-64.0
438528.3,347755.7,176.0,-64.0
438738.2,347755.7,164.0,-64.0
438948.03,347755.7,164.0,-64.0
439157.9,347755.7,164.0,-64.0
439367.78,347755.7,164.0,-64.0
439577.62,347755.7,128.0,-28.0
439787.5,347755.7,128.0,-28.0
439997.38,347755.7,116.0,-28.0
440207.22,347755.7,116.0,-28.0
440417.1,347755.7,116.0,-28.0
440626.94,347755.7,116.0,-28.0
440836.8,347755.7,116.0,-28.0
441046.7,347755.7,116.0,-28.0
441256.53,347755.7,116.0,-28.0
441466.4,347755.7,116.0,-28.0
441676.25,347755.7,116.0,-28.0
441886.12,347755.7,116.0,-28.0
442096.0,347755.7,104.0,-28.0
442305.84,347755.7,104.0,-28.0
442515.72,347755.7,104.0,-28.0
442725.6,347755.7,116.0,-40.0
442935.44,347755.7,116.0,-40.0
443145.3,347755.7,116.0,-40.0
443355.16,347755.7,116.0,-28.0
443565.03,347755.7,116.0,-28.0
443774.9,347755.7,116.0,-28.0
443984.75,347755.7,116.0,-28.0
444194.62,347755.7,116.0,-28.0
444404.47,347755.7,116.0,-28.0
444614.34,347755.7,116.0,-28.0
444824.22,347755.7,116.0,-28.0
445034.06,347755.7,104.0,-28.0
445243.94,347755.7,104.0,-28.0
445453.8,347755.7,104.0,-28.0
445663.66,347755.7,104.0,-28.0
445873.53,347755.7,104.0,-28.0
446083.38,347755.7,104.0,-28.0
446293.25,347755.7,116.0,-16.0
446503.12,347755.7,116.0,-16.0
446712.97,347755.7,116.0,-16.0
446922.84,347755.7,116.0,-16.0
447132.7,347755.7,116.0,-16.0
447342.56,347755.7,116.0,-16.0
447552.44,347755.7,116.0,-16.0
447762.28,347755.7,116.0,-16.0
447972.16,347755.7,104.0,-16.0
448182.03,347755.7,104.0,-16.0
448391.88,347755.7,104.0,-4.0
448601.75,347755.7,104.0,-4.0
448811.6,347755.7,104.0,-4.0
449021.47,347755.7,104.0,-4.0
449231.34,347755.7,104.0,-4.0
449441.2,347755.7,116.0,-4.0
449651.06,347755.7,116.0,8.0
449860.9,347755.7,116.0,8.0
450070.78,347755.7,116.0,8.0
450280.66,347755.7,116.0,8.0
450490.5,347755.7,116.0,8.0
450700.38,347755.7,116.0,8.0
450910.25,347755.7,116.0,8.0
451120.1,347755.7,116.0,8.0
451329.97,347755.7,116.0,8.0
451539.8,347755.7,116.0,8.0
451749.7,347755.7,116.0,8.0
451959.56,347755.7,116.0,8.0
452169.4,347755.7,116.0,8.0
452379.28,347755.7,116.0,8.0
452589.12,347755.7,116.0,8.0
452799.0,347755.7,116.0,8.0
453008.88,347755.7,104.0,20.0
453218.72,347755.7,104.0,20.0
453428.6,347755.7,104.0,20.0
453638.47,347755.7,104.0,20.0
453848.3,347755.7,104.0,20.0
454058.2,347755.7,104.0,20.0
454268.03,347755.7,104.0,20.0
454477.9,347755.7,104.0,-160.0
454687.78,347755.7,104.0,-160.0
454897.62,347755.7,104.0,-160.0
455107.5,347755.7,104.0,-160.0
455317.34,347755.7,104.0,-160.0
455527.22,347755.7,104.0,-160.0
455737.1,347755.7,104.0,-160.0
455946.94,347755.7,92.0,-148.0
456156.8,347755.7,92.0,-148.0
456366.7,347755.7,92.0,-148.0
456576.53,347755.7,92.0,-148.0
456786.4,347755.7,92.0,-148.0
456996.25,347755.7,92.0,-148.0
457206.12,347755.7,92.0,-136.0
457416.0,347755.7,92.0,-136.0
457625.84,347755.7,92.0,-136.0
457835.72,347755.7,92.0,-136.0
458045.6,347755.7,116.0,-184.0
458255.44,347755.7,116.0,-184.0
458465.3,347755.7,116.0,-184.0
458675.16,347755.7,116.0,-172.0
458885.03,347755.7,116.0,-172.0
459094.9,347755.7,116.0,-172.0
459304.75,347755.7,116.0,-172.0
459514.62,347755.7,116.0,-172.0
459724.47,347755.7,104.0,-172.0
459934.34,347755.7,104.0,-172.0
460144.22,347755.7,104.0,-160.0
418381.47,347958.3,344.0,92.0
418591.34,347958.3,344.0,92.0
418801.2,347958.3,344.0,92.0
419011.06,347958.3,344.0,92.0
419220.94,347958.3,344.0,92.0
419430.78,347958.3,344.0,92.0
419640.66,347958.3,344.0,92.0
419850.5,347958.3,344.0,92.0
420060.38,347958.3,344.0,92.0
420270.25,347958.3,344.0,92.0
420480.1,347958.3,344.0,80.0
420689.97,347958.3,344.0,80.0
420899.84,347958.3,344.0,80.0
421109.7,347958.3,344.0,80.0
421319.56,347958.3,344.0,80.0
421529.4,347958.3,344.0,80.0
421739.28,347958.3,344.0,80.0
421949.16,347958.3,344.0,80.0
422159.0,347958.3,344.0,80.0
422368.88,347958.3,356.0,80.0
422578.72,347958.3,356.0,80.0
422788.6,347958.3,380.0,92.0
422998.47,347958.3,380.0,92.0
423208.3,347958.3,380.0,92.0
423418.2,347958.3,380.0,92.0
423628.06,347958.3,368.0,56.0
423837.9,347958.3,380.0,56.0
424047.78,347958.3,380.0,56.0
424257.62,347958.3,380.0,56.0
424467.5,347958.3,380.0,56.0
424677.38,347958.3,380.0,56.0
424887.22,347958.3,380.0,56.0
425097.1,347958.3,380.0,56.0
425306.94,347958.3,380.0,56.0
425516.8,347958.3,380.0,56.0
425726.7,347958.3,380.0,44.0
425936.53,347958.3,368.0,20.0
426146.4,347958.3,368.0,20.0
426356.28,347958.3,368.0,20.0
426566.12,347958.3,368.0,20.0
426776.0,347958.3,368.0,20.0
426985.84,347958.3,368.0,20.0
427195.72,347958.3,368.0,20.0
427405.6,347958.3,368.0,20.0
427615.44,347958.3,368.0,20.0
427825.3,347958.3,368.0,20.0
428035.16,347958.3,368.0,20.0
428245.03,347958.3,368.0,20.0
428454.9,347958.3,380.0,8.0
428664.75,347958.3,380.0,8.0
428874.62,347958.3,380.0,8.0
429084.5,347958.3,380.0,8.0
429294.34,347958.3,380.0,8.0
429504.22,347958.3,368.0,8.0
429714.06,347958.3,368.0,8.0
429923.94,347958.3,368.0,8.0
430133.8,347958.3,368.0,8.0
430343.66,347958.3,356.0,8.0
430553.53,347958.3,356.0,8.0
430763.38,347958.3,356.0,8.0
430973.25,347958.3,356.0,8.0
431183.12,347958.3,356.0,8.0
431392.97,347958.3,356.0,8.0
431602.84,347958.3,272.0,-88.0
431812.72,347958.3,272.0,-88.0
432022.56,347958.3,272.0,-88.0
432232.44,347958.3,272.0,-88.0
432442.28,347958.3,272.0,-88.0
432652.16,347958.3,272.0,-88.0
432862.03,347958.3,260.0,-88.0
433071.88,347958.3,260.0,-88.0
433281.75,347958.3,260.0,-88.0
433491.6,347958.3,260.0,-88.0
433701.47,347958.3,260.0,152.0
433911.34,347958.3,248.0,152.0
434121.2,347958.3,248.0,152.0
434331.06,347958.3,248.0,152.0
434540.94,347958.3,248.0,152.0
434750.78,347958.3,248.0,152.0
434960.66,347958.3,248.0,152.0
435170.5,347958.3,236.0,152.0
435380.38,347958.3,236.0,152.0
435590.25,347958.3,236.0,164.0
435800.1,347958.3,236.0,164.0
436009.97,347958.3,236.0,164.0
436219.8,347958.3,236.0,164.0
436429.7,347958.3,236.0,164.0
436639.56,347958.3,236.0,152.0
436849.4,347958.3,236.0,152.0
437059.28,347958.3,188.0,-64.0
437269.16,347958.3,188.0,-64.0
437479.0,347958.3,188.0,-64.0
437688.88,347958.3,176.0,-64.0
437898.72,347958.3,176.0,-64.0
438108.6,347958.3,176.0,-64.0
438318.47,347958.3,176.0,-64.0
438528.3,347958.3,176.0,-64.0
438738.2,347958.3,176.0,-64.0
438948.03,347958.3,164.0,-64.0
439157.9,347958.3,164.0,-64.0
439367.78,347958.3,164.0,-64.0
439577.62,347958.3,128.0,-28.0
439787.5,347958.3,128.0,-28.0
439997.38,347958.3,128.0,-28.0
440207.22,347958.3,128.0,-28.0
440417.1,347958.3,116.0,-28.0
440626.94,347958.3,116.0,-28.0
440836.8,347958.3,116.0,-28.0
441046.7,347958.3,116.0,-28.0
441256.53,347958.3,116.0,-28.0
441466.4,347958.3,116.0,-28.0
441676.25,347958.3,116.0,-28.0
441886.12,347958.3,116.0,-28.0
442096.0,347958.3,116.0,-28.0
442305.84,347958.3,104.0,-28.0
442515.72,347958.3,104.0,-28.0
442725.6,347958.3,116.0,-40.0
442935.44,347958.3,116.0,-40.0
443145.3,347958.3,116.0,-40.0
443355.16,347958.3,116.0,-40.0
443565.03,347958.3,116.0,-40.0
443774.9,347958.3,116.0,-40.0
443984.75,347958.3,116.0,-40.0
444194.62,347958.3,116.0,-28.0
444404.47,347958.3,116.0,-28.0
444614.34,347958.3,116.0,-28.0
444824.22,347958.3,116.0,-28.0
445034.06,347958.3,116.0,-28.0
445243.94,347958.3,116.0,-28.0
445453.8,347958.3,116.0,-28.0
445663.66,347958.3,116.0,-28.0
445873.53,347958.3,116.0,-28.0
446083.38,347958.3,116.0,-28.0
446293.25,347958.3,116.0,-28.0
446503.12,347958.3,116.0,-16.0
446712.97,347958.3,116.0,-16.0
446922.84,347958.3,116.0,-16.0
447132.7,347958.3,116.0,-16.0
447342.56,347958.3,116.0,-16.0
447552.44,347958.3,116.0,-16.0
447762.28,347958.3,116.0,-16.0
447972.16,347958.3,116.0,-16.0
448182.03,347958.3,116.0,-16.0
448391.88,347958.3,116.0,-16.0
448601.75,347958.3,116.0,-4.0
448811.6,347958.3,116.0,-4.0
449021.47,347958.3,116.0,-4.0
449231.34,347958.3,128.0,-4.0
449441.2,347958.3,128.0,-4.0
449651.06,347958.3,128.0,-4.0
449860.9,347958.3,128.0,-4.0
450070.78,347958.3,128.0,-4.0
450280.66,347958.3,128.0,-4.0
450490.5,347958.3,128.0,8.0
450700.38,347958.3,128.0,8.0
450910.25,347958.3,116.0,8.0
451120.1,347958.3,116.0,8.0
451329.97,347958.3,116.0,8.0
451539.8,347958.3,116.0,8.0
451749.7,347958.3,116.0,8.0
451959.56,347958.3,116.0,8.0
452169.4,347958.3,116.0,8.0
452379.28,347958.3,116.0,8.0
452589.12,347958.3,116.0,8.0
452799.0,347958.3,116.0,8.0
453008.88,347958.3,116.0,8.0
453218.72,347958.3,116.0,8.0
453428.6,347958.3,104.0,20.0
453638.47,347958.3,104.0,20.0
453848.3,347958.3,104.0,20.0
454058.2,347958.3,104.0,20.0
454268.03,347958.3,104.0,-160.0
454477.9,347958.3,104.0,-160.0
454687.78,347958.3,104.0,-160.0
454897.62,347958.3,104.0,-160.0
455107.5,347958.3,104.0,-160.0
455317.34,347958.3,104.0,-160.0
455527.22,347958.3,104.0,-160.0
455737.1,347958.3,104.0,-160.0
455946.94,347958.3,104.0,-160.0
456156.8,347958.3,104.0,-160.0
456366.7,347958.3,104.0,-148.0
456576.53,347958.3,92.0,-148.0
456786.4,347958.3,92.0,-148.0
456996.25,347958.3,92.0,-148.0
457206.12,347958.3,92.0,-148.0
457416.0,347958.3,92.0,-148.0
457625.84,347958.3,92.0,-136.0
457835.72,347958.3,116.0,-184.0
458045.6,347958.3,116.0,-184.0
458255.44,347958.3,116.0,-184.0
458465.3,347958.3,116.0,-184.0
458675.16,347958.3,116.0,-184.0
458885.03,347958.3,116.0,-184.0
459094.9,347958.3,116.0,-172.0
459304.75,347958.3,116.0,-172.0
459514.62,347958.3,116.0,-172.0
459724.47,347958.3,116.0,-172.0
459934.34,347958.3,116.0,-172.0
460144.22,347958.3,116.0,-172.0
418381.47,348160.94,344.0,104.0
418591.34,348160.94,344.0,104.0
418801.2,348160.94,344.0,92.0
419011.06,348160.94,344.0,92.0
419220.94,348160.94,344.0,92.0
419430.78,348160.94,344.0,92.0
419640.66,348160.94,344.0,92.0
419850.5,348160.94,344.0,92.0
420060.38,348160.94,344.0,92.0
420270.25,348160.94,344.0,92.0
420480.1,348160.94,344.0,92.0
420689.97,348160.94,344.0,80.0
420899.84,348160.94,344.0,80.0
421109.7,348160.94,344.0,80.0
421319.56,348160.94,344.0,80.0
421529.4,348160.94,344.0,80.0
421739.28,348160.94,344.0,80.0
421949.16,348160.94,344.0,80.0
422159.0,348160.94,344.0,80.0
422368.88,348160.94,344.0,80.0
422578.72,348160.94,344.0,80.0
422788.6,348160.94,344.0,80.0
422998.47,348160.94,380.0,92.0
423208.3,348160.94,380.0,92.0
423418.2,348160.94,380.0,92.0
423628.06,348160.94,368.0,56.0
423837.9,348160.94,368.0,56.0
424047.78,348160.94,368.0,56.0
424257.62,348160.94,380.0,56.0
424467.5,348160.94,380.0,56.0
424677.38,348160.94,380.0,56.0
424887.22,348160.94,380.0,56.0
425097.1,348160.94,380.0,56.0
425306.94,348160.94,380.0,56.0
425516.8,348160.94,356.0,20.0
425726.7,348160.94,368.0,20.0
425936.53,348160.94,368.0,20.0
426146.4,348160.94,368.0,20.0
426356.28,348160.94,368.0,20.0
426566.12,348160.94,368.0,20.0
426776.0,348160.94,368.0,20.0
426985.84,348160.94,368.0,20.0
427195.72,348160.94,368.0,20.0
427405.6,348160.94,368.0,20.0
427615.44,348160.94,368.0,20.0
427825.3,348160.94,368.0,20.0
428035.16,348160.94,368.0,20.0
428245.03,348160.94,368.0,20.0
428454.9,348160.94,380.0,8.0
428664.75,348160.94,380.0,8.0
428874.62,348160.94,380.0,8.0
429084.5,348160.94,380.0,8.0
429294.34,348160.94,368.0,8.0
429504.22,348160.94,368.0,8.0
429714.06,348160.94,368.0,8.0
429923.94,348160.94,368.0,8.0
430133.8,348160.94,368.0,8.0
430343.66,348160.94,356.0,8.0
430553.53,348160.94,356.0,8.0
430763.38,348160.94,356.0,8.0
430973.25,348160.94,356.0,8.0
431183.12,348160.94,356.0,8.0
431392.97,348160.94,356.0,20.0
431602.84,348160.94,356.0,20.0
431812.72,348160.94,272.0,-88.0
432022.56,348160.94,272.0,-88.0
432232.44,348160.94,272.0,-88.0
432442.28,348160.94,272.0,-88.0
432652.16,348160.94,272.0,-88.0
432862.03,348160.94,272.0,-88.0
433071.88,348160.94,260.0,-88.0
433281.75,348160.94,260.0,-88.0
433491.6,348160.94,260.0,-88.0
433701.47,348160.94,260.0,-88.0
433911.34,348160.94,260.0,152.0
434121.2,348160.94,260.0,152.0
434331.06,348160.94,248.0,152.0
434540.94,348160.94,248.0,152.0
434750.78,348160.94,248.0,152.0
434960.66,348160.94,248.0,152.0
435170.5,348160.94,248.0,152.0
435380.38,348160.94,248.0,152.0
435590.25,348160.94,236.0,152.0
435800.1,348160.94,236.0,152.0
436009.97,348160.94,236.0,152.0
436219.8,348160.94,236.0,152.0
436429.7,348160.94,236.0,152.0
436639.56,348160.94,188.0,-64.0
436849.4,348160.94,188.0,-64.0
437059.28,348160.94,188.0,-64.0
437269.16,348160.94,188.0,-64.0
437479.0,348160.94,188.0,-64.0
437688.88,348160.94,188.0,-64.0
437898.72,348160.94,176.0,-64.0
438108.6,348160.94,176.0,-64.0
438318.47,348160.94,176.0,-64.0
438528.3,348160.94,176.0,-64.0
438738.2,348160.94,176.0,-64.0
438948.03,348160.94,176.0,-64.0
439157.9,348160.94,164.0,-64.0
439367.78,348160.94,164.0,-64.0
439577.62,348160.94,128.0,-28.0
439787.5,348160.94,128.0,-28.0
439997.38,348160.94,128.0,-28.0
440207.22,348160.94,128.0,-28.0
440417.1,348160.94,128.0,-28.0
440626.94,348160.94,128.0,-28.0
440836.8,348160.94,116.0,-28.0
441046.7,348160.94,116.0,-28.0
441256.53,348160.94,116.0,-28.0
441466.4,348160.94,116.0,-28.0
441676.25,348160.94,116.0,-28.0
441886.12,348160.94,116.0,-28.0
442096.0,348160.94,116.0,-40.0
442305.84,348160.94,116.0,-40.0
442515.72,348160.94,116.0,-40.0
442725.6,348160.94,128.0,-40.0
442935.44,348160.94,116.0,-40.0
443145.3,348160.94,116.0,-40.0
443355.16,348160.94,116.0,-40.0
443565.03,348160.94,116.0,-40.0
443774.9,348160.94,116.0,-40.0
443984.75,348160.94,116.0,-40.0
444194.62,348160.94,116.0,-40.0
444404.47,348160.94,116.0,-40.0
444614.34,348160.94,116.0,-40.0
444824.22,348160.94,116.0,-28.0
445034.06,348160.94,116.0,-28.0
445243.94,348160.94,116.0,-28.0
445453.8,348160.94,116.0,-28.0
445663.66,348160.94,116.0,-28.0
445873.53,348160.94,116.0,-28.0
446083.38,348160.94,116.0,-28.0
446293.25,348160.94,116.0,-28.0
446503.12,348160.94,116.0,-28.0
446712.97,348160.94,116.0,-16.0
446922.84,348160.94,116.0,-16.0
447132.7,348160.94,116.0,-16.0
447342.56,348160.94,116.0,-16.0
447552.44,348160.94,116.0,-16.0
447762.28,348160.94,116.0,-16.0
447972.16,348160.94,116.0,-16.0
448182.03,348160.94,116.0,-16.0
448391.88,348160.94,116.0,-16.0
448601.75,348160.94,116.0,-16.0
448811.6,348160.94,116.0,-4.0
449021.47,348160.94,116.0,-4.0
449231.34,348160.94,128.0,-4.0
449441.2,348160.94,128.0,-4.0
449651.06,348160.94,128.0,-4.0
449860.9,348160.94,128.0,-4.0
450070.78,348160.94,128.0,-4.0
450280.66,348160.94,128.0,-4.0
450490.5,348160.94,128.0,-4.0
450700.38,348160.94,128.0,-4.0
450910.25,348160.94,128.0,8.0
451120.1,348160.94,128.0,8.0
451329.97,348160.94,128.0,8.0
451539.8,348160.94,116.0,8.0
451749.7,348160.94,116.0,8.0
451959.56,348160.94,116.0,8.0
452169.4,348160.94,116.0,8.0
452379.28,348160.94,116.0,8.0
452589.12,348160.94,116.0,8.0
452799.0,348160.94,116.0,8.0
453008.88,348160.94,116.0,8.0
453218.72,348160.94,116.0,8.0
453428.6,348160.94,116.0,8.0
453638.47,348160.94,116.0,8.0
453848.3,348160.94,116.0,20.0
454058.2,348160.94,104.0,20.0
454268.03,348160.94,104.0,-172.0
454477.9,348160.94,104.0,-172.0
454687.78,348160.94,104.0,-172.0
454897.62,348160.94,104.0,-160.0
455107.5,348160.94,104.0,-160.0
455317.34,348160.94,104.0,-160.0
455527.22,348160.94,104.0,-160.0
455737.1,348160.94,104.0,-160.0
455946.94,348160.94,104.0,-160.0
456156.8,348160.94,104.0,-160.0
456366.7,348160.94,104.0,-160.0
456576.53,348160.94,104.0,-160.0
456786.4,348160.94,104.0,-148.0
456996.25,348160.94,92.0,-148.0
457206.12,348160.94,92.0,-148.0
457416.0,348160.94,92.0,-148.0
457625.84,348160.94,128.0,-184.0
457835.72,348160.94,128.0,-184.0
458045.6,348160.94,128.0,-184.0
458255.44,348160.94,128.0,-184.0
458465.3,348160.94,116.0,-184.0
458675.16,348160.94,116.0,-184.0
458885.03,348160.94,116.0,-184.0
459094.9,348160.94,116.0,-184.0
459304.75,348160.94,116.0,-172.0
459514.62,348160.94,116.0,-172.0
459724.47,348160.94,116.0,-172.0
459934.34,348160.94,116.0,-172.0
460144.22,348160.94,116.0,-172.0
418381.47,348363.53,344.0,104.0
418591.34,348363.53,344.0,104.0
418801.2,348363.53,344.0,104.0
419011.06,348363.53,344.0,92.0
419220.94,348363.53,344.0,92.0
419430.78,348363.53,344.0,92.0
419640.66,348363.53,344.0,92.0
419850.5,348363.53,344.0,92.0
420060.38,348363.53,344.0,92.0
420270.25,348363.53,344.0,92.0
420480.1,348363.53,344.0,92.0
420689.97,348363.53,344.0,92.0
420899.84,348363.53,344.0,80.0
421109.7,348363.53,344.0,80.0
421319.56,348363.53,344.0,80.0
421529.4,348363.53,344.0,80.0
421739.28,348363.53,344.0,80.0
421949.16,348363.53,344.0,80.0
422159.0,348363.53,344.0,80.0
422368.88,348363.53,344.0,80.0
422578.72,348363.53,344.0,80.0
422788.6,348363.53,344.0,80.0
422998.47,348363.53,344.0,80.0
423208.3,348363.53,368.0,92.0
423418.2,348363.53,368.0,56.0
423628.06,348363.53,368.0,56.0
423837.9,348363.53,368.0,56.0
424047.78,348363.53,368.0,56.0
424257.62,348363.53,368.0,56.0
424467.5,348363.53,368.0,56.0
424677.38,348363.53,368.0,56.0
424887.22,348363.53,380.0,56.0
425097.1,348363.53,356.0,20.0
425306.94,348363.53,356.0,20.0
425516.8,348363.53,356.0,20.0
425726.7,348363.53,356.0,20.0
425936.53,348363.53,356.0,20.0
426146.4,348363.53,368.0,20.0
426356.28,348363.53,368.0,20.0
426566.12,348363.53,368.0,20.0
426776.0,348363.53,368.0,20.0
426985.84,348363.53,368.0,20.0
427195.72,348363.53,368.0,20.0
427405.6,348363.53,368.0,20.0
427615.44,348363.53,368.0,20.0
427825.3,348363.53,368.0,20.0
428035.16,348363.53,368.0,20.0
428245.03,348363.53,368.0,20.0
428454.9,348363.53,368.0,20.0
428664.75,348363.53,368.0,32.0
428874.62,348363.53,368.0,32.0
429084.5,348363.53,368.0,-4.0
429294.34,348363.53,368.0,8.0
429504.22,348363.53,368.0,8.0
429714.06,348363.53,368.0,8.0
429923.94,348363.53,368.0,8.0
430133.8,348363.53,368.0,8.0
430343.66,348363.53,368.0,8.0
430553.53,348363.53,356.0,8.0
430763.38,348363.53,356.0,8.0
430973.25,348363.53,356.0,8.0
431183.12,348363.53,356.0,8.0
431392.97,348363.53,356.0,8.0
431602.84,348363.53,356.0,8.0
431812.72,348363.53,272.0,-88.0
432022.56,348363.53,272.0,-88.0
432232.44,348363.53,272.0,-88.0
432442.28,348363.53,272.0,-88.0
432652.16,348363.53,272.0,-88.0
432862.03,348363.53,272.0,-88.0
433071.88,348363.53,260.0,-88.0
433281.75,348363.53,260.0,-88.0
433491.6,348363.53,260.0,-88.0
433701.47,348363.53,260.0,-88.0
433911.34,348363.53,260.0,-88.0
434121.2,348363.53,260.0,152.0
434331.06,348363.53,260.0,152.0
434540.94,348363.53,260.0,152.0
434750.78,348363.53,248.0,152.0
434960.66,348363.53,248.0,152.0
435170.5,348363.53,248.0,152.0
435380.38,348363.53,248.0,152.0
435590.25,348363.53,248.0,152.0
435800.1,348363.53,248.0,152.0
436009.97,348363.53,236.0,152.0
436219.8,348363.53,200.0,-64.0
436429.7,348363.53,188.0,-64.0
436639.56,348363.53,188.0,-64.0
436849.4,348363.53,188.0,-64.0
437059.28,348363.53,188.0,-64.0
437269.16,348363.53,188.0,-64.0
437479.0,348363.53,188.0,-64.0
437688.88,348363.53,188.0,-64.0
437898.72,348363.53,188.0,-64.0
438108.6,348363.53,176.0,-64.0
438318.47,348363.53,176.0,-64.0
438528.3,348363.53,176.0,-64.0
438738.2,348363.53,176.0,-64.0
438948.03,348363.53,176.0,-64.0
439157.9,348363.53,176.0,-64.0
439367.78,348363.53,176.0,-64.0
439577.62,348363.53,128.0,-28.0
439787.5,348363.53,128.0,-28.0
439997.38,348363.53,128.0,-28.0
440207.22,348363.53,128.0,-28.0
440417.1,348363.53,128.0,-28.0
440626.94,348363.53,128.0,-28.0
440836.8,348363.53,128.0,-28.0
441046.7,348363.53,128.0,-28.0
441256.53,348363.53,116.0,-28.0
441466.4,348363.53,116.0,-40.0
441676.25,348363.53,116.0,-40.0
441886.12,348363.53,116.0,-40.0
442096.0,348363.53,116.0,-40.0
442305.84,348363.53,116.0,-40.0
442515.72,348363.53,116.0,-40.0
442725.6,348363.53,128.0,-40.0
442935.44,348363.53,128.0,-40.0
443145.3,348363.53,128.0,-40.0
443355.16,348363.53,128.0,-40.0
443565.03,348363.53,116.0,-40.0
443774.9,348363.53,116.0,-40.0
443984.75,348363.53,116.0,-40.0
444194.62,348363.53,116.0,-40.0
444404.47,348363.53,116.0,-40.0
444614.34,348363.53,116.0,-40.0
444824.22,348363.53,116.0,-40.0
445034.06,348363.53,116.0,-40.0
445243.94,348363.53,116.0,-40.0
445453.8,348363.53,116.0,-28.0
445663.66,348363.53,116.0,-28.0
445873.53,348363.53,116.0,-28.0
446083.38,348363.53,116.0,-28.0
446293.25,348363.53,116.0,-28.0
446503.12,348363.53,128.0,-28.0
446712.97,348363.53,128.0,-28.0
446922.84,348363.53,128.0,-16.0
447132.7,348363.53,128.0,-16.0
447342.56,348363.53,128.0,-16.0
447552.44,348363.53,128.0,-16.0
447762.28,348363.53,128.0,-16.0
447972.16,348363.53,128.0,-16.0
448182.03,348363.53,128.0,-16.0
448391.88,348363.53,128.0,-16.0
448601.75,348363.53,128.0,-16.0
448811.6,348363.53,128.0,-4.0
449021.47,348363.53,128.0,-4.0
449231.34,348363.53,128.0,-4.0
449441.2,348363.53,128.0,-4.0
449651.06,348363.53,128.0,-4.0
449860.9,348363.53,128.0,-4.0
450070.78,348363.53,128.0,-4.0
450280.66,348363.53,128.0,-4.0
450490.5,348363.53,128.0,-4.0
450700.38,348363.53,128.0,-4.0
450910.25,348363.53,128.0,-4.0
451120.1,348363.53,128.0,-4.0
451329.97,348363.53,128.0,8.0
451539.8,348363.53,128.0,8.0
451749.7,348363.53,128.0,8.0
451959.56,348363.53,128.0,8.0
452169.4,348363.53,116.0,8.0
452379.28,348363.53,116.0,8.0
452589.12,348363.53,116.0,8.0
452799.0,348363.53,116.0,8.0
453008.88,348363.53,116.0,8.0
453218.72,348363.53,116.0,8.0
453428.6,348363.53,116.0,8.0
453638.47,348363.53,116.0,8.0
453848.3,348363.53,116.0,8.0
454058.2,348363.53,116.0,-172.0
454268.03,348363.53,116.0,-172.0
454477.9,348363.53,116.0,-172.0
454687.78,348363.53,104.0,-172.0
454897.62,348363.53,104.0,-172.0
455107.5,348363.53,104.0,-172.0
455317.34,348363.53,104.0,-172.0
455527.22,348363.53,104.0,-172.0
455737.1,348363.53,104.0,-160.0
455946.94,348363.53,104.0,-160.0
456156.8,348363.53,104.0,-160.0
456366.7,348363.53,104.0,-160.0
456576.53,348363.53,104.0,-160.0
456786.4,348363.53,104.0,-160.0
456996.25,348363.53,104.0,-160.0
457206.12,348363.53,104.0,-148.0
457416.0,348363.53,104.0,-148.0
457625.84,348363.53,128.0,-196.0
457835.72,348363.53,128.0,-196.0
458045.6,348363.53,128.0,-184.0
458255.44,348363.53,128.0,-184.0
458465.3,348363.53,128.0,-184.0
458675.16,348363.53,128.0,-184.0
458885.03,348363.53,116.0,-184.0
459094.9,348363.53,116.0,-184.0
459304.75,348363.53,116.0,-184.0
459514.62,348363.53,116.0,-172.0
459724.47,348363.53,116.0,-172.0
459934.34,348363.53,116.0,-172.0
460144.22,348363.53,116.0,-172.0
418381.47,348566.16,332.0,104.0
418591.34,348566.16,344.0,104.0
418801.2,348566.16,344.0,104.0
419011.06,348566.16,344.0,104.0
419220.94,348566.16,344.0,92.0
419430.78,348566.16,344.0,92.0
419640.66,348566.16,344.0,92.0
419850.5,348566.16,344.0,92.0
420060.38,348566.16,344.0,92.0
420270.25,348566.16,344.0,92.0
420480.1,348566.16,344.0,92.0
420689.97,348566.16,344.0,92.0
420899.84,348566.16,344.0,92.0
421109.7,348566.16,344.0,80.0
421319.56,348566.16,344.0,80.0
421529.4,348566.16,344.0,80.0
421739.28,348566.16,344.0,80.0
421949.16,348566.16,344.0,80.0
422159.0,348566.16,344.0,80.0
422368.88,348566.16,344.0,80.0
422578.72,348566.16,344.0,80.0
422788.6,348566.16,344.0,80.0
422998.47,348566.16,344.0,80.0
423208.3,348566.16,368.0,56.0
423418.2,348566.16,368.0,56.0
423628.06,348566.16,368.0,56.0
423837.9,348566.16,368.0,56.0
424047.78,348566.16,368.0,56.0
424257.62,348566.16,368.0,56.0
424467.5,348566.16,368.0,56.0
424677.38,348566.16,368.0,56.0
424887.22,348566.16,356.0,20.0
425097.1,348566.16,356.0,20.0
425306.94,348566.16,356.0,20.0
425516.8,348566.16,356.0,20.0
425726.7,348566.16,356.0,20.0
425936.53,348566.16,356.0,20.0
426146.4,348566.16,356.0,20.0
426356.28,348566.16,356.0,20.0
426566.12,348566.16,356.0,20.0
426776.0,348566.16,368.0,20.0
426985.84,348566.16,368.0,20.0
427195.72,348566.16,368.0,20.0
427405.6,348566.16,368.0,20.0
427615.44,348566.16,368.0,20.0
427825.3,348566.16,368.0,20.0
428035.16,348566.16,368.0,20.0
428245.03,348566.16,368.0,20.0
428454.9,348566.16,368.0,32.0
428664.75,348566.16,368.0,32.0
428874.62,348566.16,368.0,32.0
429084.5,348566.16,368.0,32.0
429294.34,348566.16,368.0,-4.0
429504.22,348566.16,368.0,-4.0
429714.06,348566.16,368.0,-4.0
429923.94,348566.16,368.0,-4.0
430133.8,348566.16,368.0,-4.0
430343.66,348566.16,368.0,-4.0
430553.53,348566.16,356.0,-4.0
430763.38,348566.16,356.0,-4.0
430973.25,348566.16,356.0,8.0
431183.12,348566.16,356.0,8.0
431392.97,348566.16,356.0,8.0
431602.84,348566.16,356.0,8.0
431812.72,348566.16,356.0,8.0
432022.56,348566.16,272.0,-88.0
432232.44,348566.16,272.0,-88.0
432442.28,348566.16,272.0,-88.0
432652.16,348566.16,272.0,-88.0
432862.03,348566.16,272.0,-88.0
433071.88,348566.16,272.0,-88.0
433281.75,348566.16,260.0,-88.0
433491.6,348566.16,260.0,-88.0
433701.47,348566.16,260.0,-88.0
433911.34,348566.16,260.0,-88.0
434121.2,348566.16,260.0,-88.0
434331.06,348566.16,260.0,152.0
434540.94,348566.16,260.0,152.0
434750.78,348566.16,260.0,152.0
434960.66,348566.16,248.0,152.0
435170.5,348566.16,248.0,152.0
435380.38,348566.16,248.0,152.0
435590.25,348566.16,248.0,152.0
435800.1,348566.16,248.0,152.0
436009.97,348566.16,200.0,-64.0
436219.8,348566.16,200.0,-64.0
436429.7,348566.16,200.0,-64.0
436639.56,348566.16,188.0,-64.0
436849.4,348566.16,188.0,-64.0
437059.28,348566.16,188.0,-64.0
437269.16,348566.16,188.0,-64.0
437479.0,348566.16,188.0,-64.0
437688.88,348566.16,188.0,-64.0
437898.72,348566.16,188.0,-64.0
438108.6,348566.16,188.0,-64.0
438318.47,348566.16,176.0,-64.0
438528.3,348566.16,176.0,-64.0
438738.2,348566.16,176.0,-64.0
438948.03,348566.16,176.0,-64.0
439157.9,348566.16,176.0,-64.0
439367.78,348566.16,176.0,-64.0
439577.62,348566.16,140.0,-28.0
439787.5,348566.16,128.0,-28.0
439997.38,348566.16,128.0,-28.0
440207.22,348566.16,128.0,-28.0
440417.1,348566.16,128.0,-28.0
440626.94,348566.16,128.0,-28.0
440836.8,348566.16,128.0,-28.0
441046.7,348566.16,128.0,-40.0
441256.53,348566.16,128.0,-40.0
441466.4,348566.16,128.0,-40.0
441676.25,348566.16,116.0,-40.0
441886.12,348566.16,116.0,-40.0
442096.0,348566.16,116.0,-40.0
442305.84,348566.16,116.0,-40.0
442515.72,348566.16,116.0,-40.0
442725.6,348566.16,128.0,-172.0
442935.44,348566.16,128.0,-40.0
443145.3,348566.16,128.0,-40.0
443355.16,348566.16,128.0,-40.0
443565.03,348566.16,128.0,-40.0
443774.9,348566.16,128.0,-40.0
443984.75,348566.16,128.0,-40.0
444194.62,348566.16,128.0,-40.0
444404.47,348566.16,128.0,-40.0
444614.34,348566.16,128.0,-40.0
444824.22,348566.16,128.0,-40.0
445034.06,348566.16,128.0,-40.0
445243.94,348566.16,128.0,-40.0
445453.8,348566.16,128.0,-40.0
445663.66,348566.16,128.0,-28.0
445873.53,348566.16,128.0,-28.0
446083.38,348566.16,128.0,-28.0
446293.25,348566.16,128.0,-28.0
446503.12,348566.16,128.0,-28.0
446712.97,348566.16,128.0,-28.0
446922.84,348566.16,128.0,-16.0
447132.7,348566.16,128.0,-16.0
447342.56,348566.16,128.0,-16.0
447552.44,348566.16,128.0,-16.0
447762.28,348566.16,128.0,-16.0
447972.16,348566.16,128.0,-16.0
448182.03,348566.16,128.0,-16.0
448391.88,348566.16,128.0,-16.0
448601.75,348566.16,128.0,-16.0
448811.6,348566.16,128.0,-4.0
449021.47,348566.16,128.0,-4.0
449231.34,348566.16,128.0,-4.0
449441.2,348566.16,128.0,-4.0
449651.06,348566.16,128.0,-4.0
449860.9,348566.16,128.0,-4.0
450070.78,348566.16,128.0,-4.0
450280.66,348566.16,128.0,-4.0
450490.5,348566.16,128.0,-4.0
450700.38,348566.16,128.0,-4.0
450910.25,348566.16,128.0,-4.0
451120.1,348566.16,128.0,-4.0
451329.97,348566.16,128.0,-4.0
451539.8,348566.16,128.0,-4.0
451749.7,348566.16,128.0,8.0
451959.56,348566.16,128.0,8.0
452169.4,348566.16,128.0,8.0
452379.28,348566.16,128.0,8.0
452589.12,348566.16,128.0,8.0
452799.0,348566.16,116.0,8.0
453008.88,348566.16,116.0,8.0
453218.72,348566.16,116.0,8.0
453428.6,348566.16,116.0,8.0
453638.47,348566.16,116.0,8.0
453848.3,348566.16,116.0,8.0
454058.2,348566.16,116.0,-172.0
454268.03,348566.16,116.0,-172.0
454477.9,348566.16,116.0,-172.0
454687.78,348566.16,116.0,-172.0
454897.62,348566.16,116.0,-172.0
455107.5,348566.16,116.0,-172.0
455317.34,348566.16,104.0,-172.0
455527.22,348566.16,104.0,-172.0
455737.1,348566.16,104.0,-172.0
455946.94,348566.16,104.0,-172.0
456156.8,348566.16,104.0,-160.0
456366.7,348566.16,104.0,-160.0
456576.53,348566.16,104.0,-160.0
456786.4,348566.16,104.0,-160.0
456996.25,348566.16,104.0,-160.0
457206.12,348566.16,104.0,-160.0
457416.0,348566.16,128.0,-196.0
457625.84,348566.16,128.0,-196.0
457835.72,348566.16,128.0,-196.0
458045.6,348566.16,128.0,-196.0
458255.44,348566.16,128.0,-184.0
458465.3,348566.16,128.0,-184.0
458675.16,348566.16,128.0,-184.0
458885.03,348566.16,128.0,-184.0
459094.9,348566.16,128.0,-184.0
459304.75,348566.16,128.0,-184.0
459514.62,348566.16,116.0,-184.0
459724.47,348566.16,116.0,-172.0
459934.34,348566.16,116.0,-172.0
460144.22,348566.16,116.0,-172.0
418381.47,348768.78,332.0,104.0
418591.34,348768.78,332.0,104.0
418801.2,348768.78,332.0,104.0
419011.06,348768.78,344.0,104.0
419220.94,348768.78,344.0,104.0
419430.78,348768.78,344.0,92.0
419640.66,348768.78,344.0,92.0
419850.5,348768.78,344.0,92.0
420060.38,348768.78,344.0,92.0
420270.25,348768.78,344.0,92.0
420480.1,348768.78,344.0,92.0
420689.97,348768.78,344.0,92.0
420899.84,348768.78,344.0,92.0
421109.7,348768.78,344.0,92.0
421319.56,348768.78,344.0,80.0
421529.4,348768.78,344.0,80.0
421739.28,348768.78,344.0,80.0
421949.16,348768.78,344.0,80.0
422159.0,348768.78,344.0,80.0
422368.88,348768.78,344.0,80.0
422578.72,348768.78,344.0,80.0
422788.6,348768.78,344.0,80.0
422998.47,348768.78,344.0,80.0
423208.3,348768.78,344.0,80.0
423418.2,348768.78,368.0,56.0
423628.06,348768.78,368.0,56.0
423837.9,348768.78,368.0,56.0
424047.78,348768.78,368.0,56.0
424257.62,348768.78,368.0,56.0
424467.5,348768.78,356.0,20.0
424677.38,348768.78,356.0,20.0
424887.22,348768.78,356.0,20.0
425097.1,348768.78,356.0,20.0
425306.94,348768.78,356.0,20.0
425516.8,348768.78,356.0,20.0
425726.7,348768.78,356.0,20.0
425936.53,348768.78,356.0,20.0
426146.4,348768.78,356.0,20.0
426356.28,348768.78,356.0,20.0
426566.12,348768.78,356.0,20.0
426776.0,348768.78,356.0,20.0
426985.84,348768.78,356.0,20.0
427195.72,348768.78,368.0,20.0
427405.6,348768.78,368.0,20.0
427615.44,348768.78,368.0,8.0
427825.3,348768.78,368.0,8.0
428035.16,348768.78,368.0,8.0
428245.03,348768.78,368.0,20.0
428454.9,348768.78,368.0,32.0
428664.75,348768.78,368.0,32.0
428874.62,348768.78,368.0,32.0
429084.5,348768.78,368.0,32.0
429294.34,348768.78,368.0,-4.0
429504.22,348768.78,368.0,-4.0
429714.06,348768.78,368.0,-4.0
429923.94,348768.78,368.0,-4.0
430133.8,348768.78,368.0,-4.0
430343.66,348768.78,368.0,-4.0
430553.53,348768.78,368.0,-4.0
430763.38,348768.78,356.0,8.0
430973.25,348768.78,356.0,8.0
431183.12,348768.78,356.0,8.0
431392.97,348768.78,356.0,8.0
431602.84,348768.78,356.0,8.0
431812.72,348768.78,356.0,8.0
432022.56,348768.78,272.0,-88.0
432232.44,348768.78,272.0,-88.0
432442.28,348768.78,272.0,-88.0
432652.16,348768.78,272.0,-88.0
432862.03,348768.78,272.0,-88.0
433071.88,348768.78,272.0,-88.0
433281.75,348768.78,272.0,-88.0
433491.6,348768.78,260.0,-88.0
433701.47,348768.78,260.0,-88.0
433911.34,348768.78,260.0,-88.0
434121.2,348768.78,260.0,-88.0
434331.06,348768.78,260.0,-88.0
434540.94,348768.78,248.0,-88.0
434750.78,348768.78,260.0,152.0
434960.66,348768.78,260.0,152.0
435170.5,348768.78,260.0,152.0
435380.38,348768.78,248.0,152.0
435590.25,348768.78,248.0,152.0
435800.1,348768.78,248.0,152.0
436009.97,348768.78,200.0,-64.0
436219.8,348768.78,200.0,-64.0
436429.7,348768.78,200.0,-64.0
436639.56,348768.78,200.0,-64.0
436849.4,348768.78,188.0,-64.0
437059.28,348768.78,188.0,-64.0
437269.16,348768.78,188.0,-64.0
437479.0,348768.78,188.0,-64.0
437688.88,348768.78,188.0,-64.0
437898.72,348768.78,188.0,-64.0
438108.6,348768.78,188.0,-64.0
438318.47,348768.78,188.0,-64.0
438528.3,348768.78,176.0,-64.0
438738.2,348768.78,176.0,-64.0
438948.03,348768.78,176.0,-64.0
439157.9,348768.78,176.0,-64.0
439367.78,348768.78,176.0,-64.0
439577.62,348768.78,176.0,-64.0
439787.5,348768.78,140.0,-40.0
439997.38,348768.78,140.0,-40.0
440207.22,348768.78,128.0,-40.0
440417.1,348768.78,128.0,-40.0
440626.94,348768.78,128.0,-40.0
440836.8,348768.78,128.0,-40.0
441046.7,348768.78,128.0,-40.0
441256.53,348768.78,128.0,-40.0
441466.4,348768.78,128.0,-40.0
441676.25,348768.78,128.0,-40.0
441886.12,348768.78,128.0,-40.0
442096.0,348768.78,128.0,-40.0
442305.84,348768.78,128.0,-40.0
442515.72,348768.78,128.0,-172.0
442725.6,348768.78,128.0,-172.0
442935.44,348768.78,128.0,-40.0
443145.3,348768.78,128.0,-40.0
443355.16,348768.78,128.0,-40.0
443565.03,348768.78,128.0,-40.0
443774.9,348768.78,128.0,-40.0
443984.75,348768.78,128.0,-40.0
444194.62,348768.78,128.0,-40.0
444404.47,348768.78,128.0,-40.0
444614.34,348768.78,128.0,-40.0
444824.22,348768.78,128.0,-40.0
445034.06,348768.78,128.0,-40.0
445243.94,348768.78,128.0,-40.0
445453.8,348768.78,128.0,-40.0
445663.66,348768.78,128.0,-40.0
445873.53,348768.78,128.0,-28.0
446083.38,348768.78,140.0,-28.0
446293.25,348768.78,140.0,-28.0
446503.12,348768.78,140.0,-28.0
446712.97,348768.78,140.0,-28.0
446922.84,348768.78,140.0,-28.0
447132.7,348768.78,140.0,-16.0
447342.56,348768.78,140.0,-16.0
447552.44,348768.78,140.0,-16.0
447762.28,348768.78,140.0,-16.0
447972.16,348768.78,140.0,-16.0
448182.03,348768.78,140.0,-16.0
448391.88,348768.78,140.0,-16.0
448601.75,348768.78,128.0,-16.0
448811.6,348768.78,128.0,-4.0
449021.47,348768.78,128.0,-4.0
449231.34,348768.78,128.0,-4.0
449441.2,348768.78,128.0,-4.0
449651.06,348768.78,128.0,-4.0
449860.9,348768.78,128.0,-4.0
450070.78,348768.78,128.0,-4.0
450280.66,348768.78,128.0,-4.0
450490.5,348768.78,128.0,-4.0
450700.38,348768.78,128.0,-4.0
450910.25,348768.78,128.0,-4.0
451120.1,348768.78,128.0,-4.0
451329.97,348768.78,128.0,-4.0
451539.8,348768.78,128.0,-4.0
451749.7,348768.78,128.0,-4.0
451959.56,348768.78,128.0,-4.0
452169.4,348768.78,128.0,8.0
452379.28,348768.78,128.0,8.0
452589.12,348768.78,128.0,8.0
452799.0,348768.78,128.0,8.0
453008.88,348768.78,128.0,8.0
453218.72,348768.78,128.0,8.0
453428.6,348768.78,116.0,8.0
453638.47,348768.78,116.0,8.0
453848.3,348768.78,116.0,-172.0
454058.2,348768.78,116.0,-172.0
454268.03,348768.78,116.0,-172.0
454477.9,348768.78,116.0,-172.0
454687.78,348768.78,116.0,-172.0
454897.62,348768.78,116.0,-172.0
455107.5,348768.78,116.0,-172.0
455317.34,348768.78,116.0,-172.0
455527.22,348768.78,116.0,-172.0
455737.1,348768.78,116.0,-172.0
455946.94,348768.78,104.0,-172.0
456156.8,348768.78,104.0,-172.0
456366.7,348768.78,104.0,-160.0
456576.53,348768.78,104.0,-160.0
456786.4,348768.78,104.0,-160.0
456996.25,348768.78,104.0,-160.0
457206.12,348768.78,128.0,-196.0
457416.0,348768.78,128.0,-196.0
457625.84,348768.78,128.0,-196.0
457835.72,348768.78,128.0,-196.0
458045.6,348768.78,128.0,-196.0
458255.44,348768.78,128.0,-196.0
458465.3,348768.78,128.0,-196.0
458675.16,348768.78,128.0,-184.0
458885.03,348768.78,128.0,-184.0
459094.9,348768.78,128.0,-184.0
459304.75,348768.78,128.0,-184.0
459514.62,348768.78,128.0,-184.0
459724.47,348768.78,116.0,-184.0
459934.34,348768.78,116.0,-172.0
460144.22,348768.78,116.0,-172.0
418381.47,348971.4,332.0,104.0
418591.34,348971.4,332.0,104.0
418801.2,348971.4,332.0,104.0
419011.06,348971.4,332.0,104.0
419220.94,348971.4,332.0,104.0
419430.78,348971.4,332.0,104.0
419640.66,348971.4,332.0,104.0
419850.5,348971.4,344.0,92.0
420060.38,348971.4,344.0,92.0
420270.25,348971.4,344.0,92.0
420480.1,348971.4,344.0,92.0
420689.97,348971.4,344.0,92.0
420899.84,348971.4,344.0,92.0
421109.7,348971.4,344.0,92.0
421319.56,348971.4,344.0,92.0
421529.4,348971.4,344.0,92.0
421739.28,348971.4,344.0,80.0
421949.16,348971.4,344.0,80.0
422159.0,348971.4,344.0,80.0
422368.88,348971.4,344.0,80.0
422578.72,348971.4,344.0,80.0
422788.6,348971.4,344.0,80.0
422998.47,348971.4,344.0,80.0
423208.3,348971.4,344.0,80.0
423418.2,348971.4,368.0,56.0
423628.06,348971.4,368.0,56.0
423837.9,348971.4,368.0,56.0
424047.78,348971.4,356.0,20.0
424257.62,348971.4,356.0,20.0
424467.5,348971.4,356.0,20.0
424677.38,348971.4,356.0,20.0
424887.22,348971.4,356.0,20.0
425097.1,348971.4,356.0,20.0
425306.94,348971.4,356.0,20.0
425516.8,348971.4,356.0,20.0
425726.7,348971.4,356.0,20.0
425936.53,348971.4,356.0,20.0
426146.4,348971.4,356.0,20.0
426356.28,348971.4,356.0,20.0
426566.12,348971.4,356.0,20.0
426776.0,348971.4,356.0,20.0
426985.84,348971.4,356.0,20.0
427195.72,348971.4,356.0,8.0
427405.6,348971.4,368.0,8.0
427615.44,348971.4,368.0,8.0
427825.3,348971.4,368.0,8.0
428035.16,348971.4,356.0,20.0
428245.03,348971.4,356.0,20.0
428454.9,348971.4,368.0,20.0
428664.75,348971.4,368.0,20.0
428874.62,348971.4,368.0,20.0
429084.5,348971.4,380.0,8.0
429294.34,348971.4,380.0,8.0
429504.22,348971.4,368.0,-4.0
429714.06,348971.4,368.0,-4.0
429923.94,348971.4,368.0,-4.0
430133.8,348971.4,368.0,-4.0
430343.66,348971.4,368.0,-4.0
430553.53,348971.4,356.0,8.0
430763.38,348971.4,356.0,8.0
430973.25,348971.4,356.0,8.0
431183.12,348971.4,356.0,8.0
431392.97,348971.4,356.0,8.0
431602.84,348971.4,356.0,8.0
431812.72,348971.4,356.0,8.0
432022.56,348971.4,272.0,-100.0
432232.44,348971.4,272.0,-100.0
432442.28,348971.4,272.0,-100.0
432652.16,348971.4,272.0,-100.0
432862.03,348971.4,272.0,-100.0
433071.88,348971.4,272.0,-100.0
433281.75,348971.4,272.0,-100.0
433491.6,348971.4,260.0,-100.0
433701.47,348971.4,260.0,-100.0
433911.34,348971.4,260.0,-100.0
434121.2,348971.4,260.0,-100.0
434331.06,348971.4,260.0,-100.0
434540.94,348971.4,260.0,-100.0
434750.78,348971.4,248.0,-100.0
434960.66,348971.4,260.0,152.0
435170.5,348971.4,260.0,152.0
435380.38,348971.4,260.0,152.0
435590.25,348971.4,260.0,152.0
435800.1,348971.4,200.0,-76.0
436009.97,348971.4,200.0,-76.0
436219.8,348971.4,200.0,-64.0
436429.7,348971.4,200.0,-64.0
436639.56,348971.4,200.0,-64.0
436849.4,348971.4,200.0,-64.0
437059.28,348971.4,188.0,-64.0
437269.16,348971.4,188.0,-64.0
437479.0,348971.4,188.0,-64.0
437688.88,348971.4,188.0,-64.0
437898.72,348971.4,188.0,-64.0
438108.6,348971.4,188.0,-64.0
438318.47,348971.4,188.0,-64.0
438528.3,348971.4,188.0,-64.0
438738.2,348971.4,188.0,-64.0
438948.03,348971.4,176.0,-64.0
439157.9,348971.4,176.0,-64.0
439367.78,348971.4,176.0,-64.0
439577.62,348971.4,176.0,-64.0
439787.5,348971.4,140.0,-40.0
439997.38,348971.4,140.0,-40.0
440207.22,348971.4,140.0,-40.0
440417.1,348971.4,140.0,-40.0
440626.94,348971.4,128.0,-40.0
440836.8,348971.4,128.0,-40.0
441046.7,348971.4,128.0,-40.0
441256.53,348971.4,128.0,-40.0
441466.4,348971.4,128.0,-40.0
441676.25,348971.4,128.0,-40.0
441886.12,348971.4,128.0,-40.0
442096.0,348971.4,128.0,-40.0
442305.84,348971.4,140.0,-172.0
442515.72,348971.4,128.0,-172.0
442725.6,348971.4,128.0,-172.0
442935.44,348971.4,128.0,-172.0
443145.3,348971.4,128.0,-40.0
443355.16,348971.4,140.0,-40.0
443565.03,348971.4,128.0,-40.0
443774.9,348971.4,128.0,-40.0
443984.75,348971.4,128.0,-40.0
444194.62,348971.4,128.0,-40.0
444404.47,348971.4,128.0,-40.0
444614.34,348971.4,128.0,-40.0
444824.22,348971.4,140.0,-40.0
445034.06,348971.4,140.0,-40.0
445243.94,348971.4,140.0,-40.0
445453.8,348971.4,140.0,-40.0
445663.66,348971.4,140.0,-40.0
445873.53,348971.4,140.0,-40.0
446083.38,348971.4,140.0,-28.0
446293.25,348971.4,140.0,-28.0
446503.12,348971.4,140.0,-28.0
446712.97,348971.4,140.0,-28.0
446922.84,348971.4,140.0,-28.0
447132.7,348971.4,140.0,-28.0
447342.56,348971.4,140.0,-16.0
447552.44,348971.4,140.0,-16.0
447762.28,348971.4,140.0,-16.0
447972.16,348971.4,140.0,-16.0
448182.03,348971.4,140.0,-16.0
448391.88,348971.4,140.0,-16.0
448601.75,348971.4,140.0,-4.0
448811.6,348971.4,140.0,-4.0
449021.47,348971.4,140.0,-4.0
449231.34,348971.4,140.0,-4.0
449441.2,348971.4,140.0,-4.0
449651.06,348971.4,140.0,-4.0
449860.9,348971.4,128.0,-4.0
450070.78,348971.4,128.0,-4.0
450280.66,348971.4,128.0,-4.0
450490.5,348971.4,128.0,-4.0
450700.38,348971.4,128.0,-4.0
450910.25,348971.4,128.0,-4.0
451120.1,348971.4,128.0,-4.0
451329.97,348971.4,128.0,-4.0
451539.8,348971.4,128.0,-4.0
451749.7,348971.4,128.0,-4.0
451959.56,348971.4,128.0,-4.0
452169.4,348971.4,128.0,-4.0
452379.28,348971.4,128.0,8.0
452589.12,348971.4,128.0,8.0
452799.0,348971.4,128.0,8.0
453008.88,348971.4,128.0,8.0
453218.72,348971.4,128.0,8.0
453428.6,348971.4,128.0,8.0
453638.47,348971.4,128.0,8.0
453848.3,348971.4,116.0,-184.0
454058.2,348971.4,116.0,-184.0
454268.03,348971.4,116.0,-172.0
454477.9,348971.4,116.0,-172.0
454687.78,348971.4,116.0,-172.0
454897.62,348971.4,116.0,-172.0
455107.5,348971.4,116.0,-172.0
455317.34,348971.4,116.0,-172.0
455527.22,348971.4,116.0,-172.0
455737.1,348971.4,116.0,-172.0
455946.94,348971.4,116.0,-172.0
456156.8,348971.4,116.0,-172.0
456366.7,348971.4,104.0,-160.0
456576.53,348971.4,104.0,-160.0
456786.4,348971.4,104.0,-160.0
456996.25,348971.4,104.0,-160.0
457206.12,348971.4,140.0,-196.0
457416.0,348971.4,140.0,-196.0
457625.84,348971.4,128.0,-196.0
457835.72,348971.4,128.0,-196.0
458045.6,348971.4,128.0,-196.0
458255.44,348971.4,128.0,-196.0
458465.3,348971.4,128.0,-196.0
458675.16,348971.4,128.0,-196.0
458885.03,348971.4,128.0,-184.0
459094.9,348971.4,128.0,-184.0
459304.75,348971.4,128.0,-184.0
459514.62,348971.4,128.0,-184.0
459724.47,348971.4,128.0,-184.0
459934.34,348971.4,116.0,-184.0
460144.22,348971.4,116.0,-172.0
418381.47,349174.03,332.0,104.0
418591.34,349174.03,332.0,104.0
418801.2,349174.03,332.0,104.0
419011.06,349174.03,332.0,104.0
419220.94,349174.03,332.0,104.0
419430.78,349174.03,332.0,104.0
419640.66,349174.03,332.0,104.0
419850.5,349174.03,332.0,92.0
420060.38,349174.03,332.0,92.0
420270.25,349174.03,332.0,92.0
420480.1,349174.03,332.0,92.0
420689.97,349174.03,344.0,92.0
420899.84,349174.03,344.0,92.0
421109.7,349174.03,344.0,92.0
421319.56,349174.03,344.0,92.0
421529.4,349174.03,344.0,92.0
421739.28,349174.03,344.0,92.0
421949.16,349174.03,344.0,92.0
422159.0,349174.03,344.0,80.0
422368.88,349174.03,344.0,80.0
422578.72,349174.03,344.0,80.0
422788.6,349174.03,344.0,80.0
422998.47,349174.03,344.0,80.0
423208.3,349174.03,344.0,80.0
423418.2,349174.03,368.0,56.0
423628.06,349174.03,356.0,20.0
423837.9,349174.03,356.0,20.0
424047.78,349174.03,356.0,20.0
424257.62,349174.03,356.0,20.0
424467.5,349174.03,356.0,20.0
424677.38,349174.03,356.0,20.0
424887.22,349174.03,356.0,20.0
425097.1,349174.03,356.0,20.0
425306.94,349174.03,356.0,20.0
425516.8,349174.03,356.0,20.0
425726.7,349174.03,356.0,20.0
425936.53,349174.03,356.0,20.0
426146.4,349174.03,356.0,20.0
426356.28,349174.03,356.0,20.0
426566.12,349174.03,356.0,20.0
426776.0,349174.03,356.0,8.0
426985.84,349174.03,356.0,8.0
427195.72,349174.03,356.0,8.0
427405.6,349174.03,356.0,8.0
427615.44,349174.03,356.0,8.0
427825.3,349174.03,356.0,20.0
428035.16,349174.03,356.0,20.0
428245.03,349174.03,356.0,20.0
428454.9,349174.03,356.0,20.0
428664.75,349174.03,356.0,20.0
428874.62,349174.03,380.0,8.0
429084.5,349174.03,380.0,8.0
429294.34,349174.03,368.0,8.0
429504.22,349174.03,344.0,-136.0
429714.06,349174.03,344.0,-136.0
429923.94,349174.03,344.0,-136.0
430133.8,349174.03,344.0,-136.0
430343.66,349174.03,344.0,-136.0
430553.53,349174.03,356.0,8.0
430763.38,349174.03,356.0,8.0
430973.25,349174.03,356.0,8.0
431183.12,349174.03,356.0,8.0
431392.97,349174.03,356.0,8.0
431602.84,349174.03,356.0,8.0
431812.72,349174.03,356.0,8.0
432022.56,349174.03,356.0,8.0
432232.44,349174.03,272.0,-100.0
432442.28,349174.03,272.0,-100.0
432652.16,349174.03,272.0,-100.0
432862.03,349174.03,272.0,-100.0
433071.88,349174.03,272.0,-100.0
433281.75,349174.03,272.0,-100.0
433491.6,349174.03,272.0,-100.0
433701.47,349174.03,260.0,-100.0
433911.34,349174.03,260.0,-100.0
434121.2,349174.03,260.0,-100.0
434331.06,349174.03,260.0,-100.0
434540.94,349174.03,260.0,-100.0
434750.78,349174.03,260.0,-100.0
434960.66,349174.03,248.0,-100.0
435170.5,349174.03,260.0,152.0
435380.38,349174.03,260.0,152.0
435590.25,349174.03,260.0,152.0
435800.1,349174.03,200.0,-76.0
436009.97,349174.03,200.0,-76.0
436219.8,349174.03,200.0,-76.0
436429.7,349174.03,200.0,-76.0
436639.56,349174.03,200.0,-76.0
436849.4,349174.03,200.0,-76.0
437059.28,349174.03,200.0,-76.0
437269.16,349174.03,188.0,-64.0
437479.0,349174.03,188.0,-64.0
437688.88,349174.03,188.0,-64.0
437898.72,349174.03,188.0,-64.0
438108.6,349174.03,188.0,-64.0
438318.47,349174.03,188.0,-64.0
438528.3,349174.03,188.0,-64.0
438738.2,349174.03,188.0,-64.0
438948.03,349174.03,188.0,-64.0
439157.9,349174.03,188.0,-64.0
439367.78,349174.03,176.0,-64.0
439577.62,349174.03,176.0,-64.0
439787.5,349174.03,140.0,-40.0
439997.38,349174.03,140.0,-40.0
440207.22,349174.03,140.0,-40.0
440417.1,349174.03,140.0,-40.0
440626.94,349174.03,140.0,-40.0
440836.8,349174.03,140.0,-40.0
441046.7,349174.03,140.0,-40.0
441256.53,349174.03,140.0,-40.0
441466.4,349174.03,128.0,-40.0
441676.25,349174.03,128.0,-40.0
441886.12,349174.03,128.0,-40.0
442096.0,349174.03,128.0,-40.0
442305.84,349174.03,140.0,-172.0
442515.72,349174.03,140.0,-172.0
442725.6,349174.03,140.0,-172.0
442935.44,349174.03,140.0,-172.0
443145.3,349174.03,140.0,-172.0
443355.16,349174.03,140.0,-52.0
443565.03,349174.03,140.0,-52.0
443774.9,349174.03,140.0,-52.0
443984.75,349174.03,140.0,-52.0
444194.62,349174.03,140.0,-40.0
444404.47,349174.03,140.0,-40.0
444614.34,349174.03,140.0,-40.0
444824.22,349174.03,140.0,-40.0
445034.06,349174.03,140.0,-40.0
445243.94,349174.03,140.0,-40.0
445453.8,349174.03,140.0,-40.0
445663.66,349174.03,140.0,-40.0
445873.53,349174.03,140.0,-40.0
446083.38,349174.03,140.0,-40.0
446293.25,349174.03,140.0,-28.0
446503.12,349174.03,140.0,-28.0
446712.97,349174.03,140.0,-28.0
446922.84,349174.03,140.0,-28.0
447132.7,349174.03,140.0,-28.0
447342.56,349174.03,140.0,-16.0
447552.44,349174.03,140.0,-16.0
447762.28,349174.03,140.0,-16.0
447972.16,349174.03,140.0,-16.0
448182.03,349174.03,140.0,-16.0
448391.88,349174.03,140.0,-16.0
448601.75,349174.03,140.0,-16.0
448811.6,349174.03,140.0,-16.0
449021.47,349174.03,140.0,-4.0
449231.34,349174.03,140.0,-4.0
449441.2,349174.03,140.0,-4.0
449651.06,349174.03,140.0,-4.0
449860.9,349174.03,140.0,-4.0
450070.78,349174.03,140.0,-4.0
450280.66,349174.03,140.0,-4.0
450490.5,349174.03,128.0,-4.0
450700.38,349174.03,128.0,-4.0
450910.25,349174.03,128.0,-4.0
451120.1,349174.03,128.0,-4.0
451329.97,349174.03,128.0,-4.0
451539.8,349174.03,128.0,-4.0
451749.7,349174.03,128.0,-4.0
451959.56,349174.03,128.0,-4.0
452169.4,349174.03,128.0,-4.0
452379.28,349174.03,128.0,-4.0
452589.12,349174.03,128.0,8.0
452799.0,349174.03,128.0,8.0
453008.88,349174.03,128.0,8.0
453218.72,349174.03,128.0,8.0
453428.6,349174.03,128.0,8.0
453638.47,349174.03,116.0,-184.0
453848.3,349174.03,116.0,-184.0
454058.2,349174.03,116.0,-184.0
454268.03,349174.03,116.0,-184.0
454477.9,349174.03,116.0,-172.0
454687.78,349174.03,116.0,-172.0
454897.62,349174.03,116.0,-172.0
455107.5,349174.03,116.0,-172.0
455317.34,349174.03,116.0,-172.0
455527.22,349174.03,116.0,-172.0
455737.1,349174.03,116.0,-172.0
455946.94,349174.03,116.0,-172.0
456156.8,349174.03,116.0,-172.0
456366.7,349174.03,116.0,-172.0
456576.53,349174.03,116.0,-160.0
456786.4,349174.03,116.0,-160.0
456996.25,349174.03,140.0,-196.0
457206.12,349174.03,140.0,-196.0
457416.0,349174.03,140.0,-196.0
457625.84,349174.03,140.0,-196.0
457835.72,349174.03,128.0,-196.0
458045.6,349174.03,128.0,-196.0
458255.44,349174.03,128.0,-196.0
458465.3,349174.03,128.0,-196.0
458675.16,349174.03,128.0,-196.0
458885.03,349174.03,128.0,-196.0
459094.9,349174.03,128.0,-184.0
459304.75,349174.03,128.0,-184.0
459514.62,349174.03,128.0,-184.0
459724.47,349174.03,128.0,-184.0
459934.34,349174.03,128.0,-184.0
460144.22,349174.03,128.0,-184.0
418381.47,349376.62,332.0,104.0
418591.34,349376.62,332.0,104.0
418801.2,349376.62,332.0,104.0
419011.06,349376.62,332.0,104.0
419220.94,349376.62,332.0,104.0
419430.78,349376.62,332.0,104.0
419640.66,349376.62,332.0,104.0
419850.5,349376.62,332.0,104.0
420060.38,349376.62,332.0,92.0
420270.25,349376.62,332.0,92.0
420480.1,349376.62,332.0,92.0
420689.97,349376.62,332.0,92.0
420899.84,349376.62,332.0,92.0
421109.7,349376.62,332.0,92.0
421319.56,349376.62,344.0,92.0
421529.4,349376.62,344.0,92.0
421739.28,349376.62,344.0,92.0
421949.16,349376.62,344.0,92.0
422159.0,349376.62,344.0,92.0
422368.88,349376.62,344.0,92.0
422578.72,349376.62,344.0,80.0
422788.6,349376.62,344.0,80.0
422998.47,349376.62,344.0,80.0
423208.3,349376.62,344.0,80.0
423418.2,349376.62,296.0,164.0
423628.06,349376.62,356.0,20.0
423837.9,349376.62,356.0,20.0
424047.78,349376.62,356.0,20.0
424257.62,349376.62,356.0,20.0
424467.5,349376.62,356.0,20.0
424677.38,349376.62,356.0,20.0
424887.22,349376.62,356.0,20.0
425097.1,349376.62,356.0,20.0
425306.94,349376.62,356.0,20.0
425516.8,349376.62,356.0,20.0
425726.7,349376.62,356.0,20.0
425936.53,349376.62,356.0,20.0
426146.4,349376.62,356.0,20.0
426356.28,349376.62,356.0,8.0
426566.12,349376.62,356.0,8.0
426776.0,349376.62,356.0,8.0
426985.84,349376.62,356.0,8.0
427195.72,349376.62,356.0,8.0
427405.6,349376.62,356.0,8.0
427615.44,349376.62,356.0,20.0
427825.3,349376.62,356.0,20.0
428035.16,349376.62,356.0,20.0
428245.03,349376.62,356.0,20.0
428454.9,349376.62,356.0,20.0
428664.75,349376.62,356.0,20.0
428874.62,349376.62,368.0,8.0
429084.5,349376.62,368.0,8.0
429294.34,349376.62,368.0,8.0
429504.22,349376.62,344.0,-136.0
429714.06,349376.62,344.0,-136.0
429923.94,349376.62,344.0,-136.0
430133.8,349376.62,344.0,-136.0
430343.66,349376.62,344.0,-136.0
430553.53,349376.62,356.0,-4.0
430763.38,349376.62,356.0,-4.0
430973.25,349376.62,356.0,8.0
431183.12,349376.62,356.0,8.0
431392.97,349376.62,356.0,8.0
431602.84,349376.62,356.0,8.0
431812.72,349376.62,356.0,8.0
432022.56,349376.62,356.0,8.0
432232.44,349376.62,272.0,-100.0
432442.28,349376.62,272.0,-100.0
432652.16,349376.62,272.0,-100.0
432862.03,349376.62,272.0,-100.0
433071.88,349376.62,272.0,-100.0
433281.75,349376.62,272.0,-100.0
433491.6,349376.62,272.0,-100.0
433701.47,349376.62,272.0,-100.0
433911.34,349376.62,260.0,-100.0
434121.2,349376.62,260.0,-100.0
434331.06,349376.62,260.0,-100.0
434540.94,349376.62,260.0,-100.0
434750.78,349376.62,260.0,-100.0
434960.66,349376.62,260.0,-100.0
435170.5,349376.62,248.0,-100.0
435380.38,349376.62,308.0,-196.0
435590.25,349376.62,296.0,-196.0
435800.1,349376.62,200.0,-76.0
436009.97,349376.62,200.0,-76.0
436219.8,349376.62,200.0,-76.0
436429.7,349376.62,200.0,-76.0
436639.56,349376.62,200.0,-76.0
436849.4,349376.62,200.0,-76.0
437059.28,349376.62,200.0,-76.0
437269.16,349376.62,188.0,-76.0
437479.0,349376.62,188.0,-76.0
437688.88,349376.62,188.0,-76.0
437898.72,349376.62,188.0,-64.0
438108.6,349376.62,188.0,-64.0
438318.47,349376.62,188.0,-76.0
438528.3,349376.62,188.0,-76.0
438738.2,349376.62,188.0,-76.0
438948.03,349376.62,188.0,-76.0
439157.9,349376.62,188.0,-76.0
439367.78,349376.62,188.0,-76.0
439577.62,349376.62,188.0,-76.0
439787.5,349376.62,152.0,-40.0
439997.38,349376.62,152.0,-40.0
440207.22,349376.62,140.0,-40.0
440417.1,349376.62,140.0,-40.0
440626.94,349376.62,140.0,-40.0
440836.8,349376.62,140.0,-40.0
441046.7,349376.62,140.0,-40.0
441256.53,349376.62,140.0,-40.0
441466.4,349376.62,140.0,-40.0
441676.25,349376.62,140.0,-40.0
441886.12,349376.62,140.0,-40.0
442096.0,349376.62,140.0,-172.0
442305.84,349376.62,140.0,-172.0
442515.72,349376.62,140.0,-172.0
442725.6,349376.62,140.0,-172.0
442935.44,349376.62,140.0,-172.0
443145.3,349376.62,140.0,-172.0
443355.16,349376.62,140.0,-52.0
443565.03,349376.62,140.0,-52.0
443774.9,349376.62,140.0,-52.0
443984.75,349376.62,140.0,-52.0
444194.62,349376.62,140.0,-52.0
444404.47,349376.62,140.0,-52.0
444614.34,349376.62,140.0,-52.0
444824.22,349376.62,140.0,-40.0
445034.06,349376.62,140.0,-40.0
445243.94,349376.62,140.0,-40.0
445453.8,349376.62,140.0,-40.0
445663.66,349376.62,152.0,-40.0
445873.53,349376.62,152.0,-40.0
446083.38,349376.62,152.0,-40.0
446293.25,349376.62,152.0,-28.0
446503.12,349376.62,152.0,-28.0
446712.97,349376.62,152.0,-28.0
446922.84,349376.62,152.0,-28.0
447132.7,349376.62,140.0,-28.0
447342.56,349376.62,140.0,-28.0
447552.44,349376.62,140.0,-16.0
447762.28,349376.62,140.0,-16.0
447972.16,349376.62,140.0,-16.0
448182.03,349376.62,140.0,-16.0
448391.88,349376.62,140.0,-16.0
448601.75,349376.62,140.0,-16.0
448811.6,349376.62,140.0,-16.0
449021.47,349376.62,140.0,-16.0
449231.34,349376.62,140.0,-16.0
449441.2,349376.62,140.0,-16.0
449651.06,349376.62,140.0,-4.0
449860.9,349376.62,140.0,-4.0
450070.78,349376.62,140.0,-4.0
450280.66,349376.62,140.0,-4.0
450490.5,349376.62,140.0,-4.0
450700.38,349376.62,140.0,-4.0
450910.25,349376.62,140.0,-4.0
451120.1,349376.62,128.0,-4.0
451329.97,349376.62,128.0,-4.0
451539.8,349376.62,128.0,-4.0
451749.7,349376.62,128.0,-4.0
451959.56,349376.62,128.0,-4.0
452169.4,349376.62,128.0,-4.0
452379.28,349376.62,128.0,-4.0
452589.12,349376.62,128.0,-4.0
452799.0,349376.62,128.0,-4.0
453008.88,349376.62,128.0,8.0
453218.72,349376.62,128.0,8.0
453428.6,349376.62,128.0,8.0
453638.47,349376.62,116.0,-184.0
453848.3,349376.62,116.0,-184.0
454058.2,349376.62,116.0,-184.0
454268.03,349376.62,116.0,-184.0
454477.9,349376.62,116.0,-184.0
454687.78,349376.62,116.0,-172.0
454897.62,349376.62,116.0,-172.0
455107.5,349376.62,116.0,-172.0
455317.34,349376.62,116.0,-172.0
455527.22,349376.62,116.0,-172.0
455737.1,349376.62,116.0,-172.0
455946.94,349376.62,116.0,-172.0
456156.8,349376.62,116.0,-172.0
456366.7,349376.62,116.0,-172.0
456576.53,349376.62,116.0,-172.0
456786.4,349376.62,140.0,-208.0
456996.25,349376.62,140.0,-208.0
457206.12,349376.62,140.0,-196.0
457416.0,349376.62,140.0,-196.0
457625.84,349376.62,140.0,-196.0
457835.72,349376.62,140.0,-196.0
458045.6,349376.62,128.0,-196.0
458255.44,349376.62,128.0,-196.0
458465.3,349376.62,128.0,-196.0
458675.16,349376.62,128.0,-196.0
458885.03,349376.62,128.0,-196.0
459094.9,349376.62,128.0,-184.0
459304.75,349376.62,128.0,-184.0
459514.62,349376.62,128.0,-184.0
459724.47,349376.62,128.0,-184.0
459934.34,349376.62,128.0,-184.0
460144.22,349376.62,128.0,-184.0
418381.47,349579.25,332.0,104.0
418591.34,349579.25,332.0,104.0
418801.2,349579.25,332.0,104.0
419011.06,349579.25,332.0,104.0
419220.94,349579.25,332.0,104.0
419430.78,349579.25,332.0,104.0
419640.66,349579.25,332.0,104.0
419850.5,349579.25,332.0,104.0
420060.38,349579.25,332.0,104.0
420270.25,349579.25,332.0,92.0
420480.1,349579.25,332.0,92.0
420689.97,349579.25,332.0,92.0
420899.84,349579.25,332.0,92.0
421109.7,349579.25,332.0,92.0
421319.56,349579.25,332.0,92.0
421529.4,349579.25,332.0,92.0
421739.28,349579.25,332.0,92.0
421949.16,349579.25,332.0,92.0
422159.0,349579.25,344.0,92.0
422368.88,349579.25,344.0,92.0
422578.72,349579.25,344.0,92.0
422788.6,349579.25,344.0,80.0
422998.47,349579.25,344.0,80.0
423208.3,349579.25,344.0,80.0
423418.2,349579.25,296.0,164.0
423628.06,349579.25,296.0,164.0
423837.9,349579.25,296.0,164.0
424047.78,349579.25,296.0,164.0
424257.62,349579.25,296.0,164.0
424467.5,349579.25,296.0,164.0
424677.38,349579.25,356.0,20.0
424887.22,349579.25,356.0,20.0
425097.1,349579.25,356.0,20.0
425306.94,349579.25,356.0,20.0
425516.8,349579.25,356.0,20.0
425726.7,349579.25,356.0,20.0
425936.53,349579.25,356.0,8.0
426146.4,349579.25,356.0,8.0
426356.28,349579.25,356.0,8.0
426566.12,349579.25,356.0,8.0
426776.0,349579.25,356.0,8.0
426985.84,349579.25,356.0,8.0
427195.72,349579.25,356.0,8.0
427405.6,349579.25,356.0,20.0
427615.44,349579.25,356.0,20.0
427825.3,349579.25,356.0,20.0
428035.16,349579.25,356.0,20.0
428245.03,349579.25,356.0,20.0
428454.9,349579.25,356.0,20.0
428664.75,349579.25,368.0,8.0
428874.62,349579.25,368.0,8.0
429084.5,349579.25,368.0,8.0
429294.34,349579.25,368.0,8.0
429504.22,349579.25,368.0,-136.0
429714.06,349579.25,344.0,-136.0
429923.94,349579.25,344.0,-136.0
430133.8,349579.25,344.0,-148.0
430343.66,349579.25,344.0,-148.0
430553.53,349579.25,356.0,-4.0
430763.38,349579.25,356.0,-4.0
430973.25,349579.25,356.0,-4.0
431183.12,349579.25,356.0,-4.0
431392.97,349579.25,356.0,-4.0
431602.84,349579.25,356.0,-4.0
431812.72,349579.25,356.0,-4.0
432022.56,349579.25,356.0,8.0
432232.44,349579.25,272.0,-100.0
432442.28,349579.25,272.0,-100.0
432652.16,349579.25,272.0,-100.0
432862.03,349579.25,272.0,-100.0
433071.88,349579.25,272.0,-100.0
433281.75,349579.25,272.0,-100.0
433491.6,349579.25,272.0,-100.0
433701.47,349579.25,272.0,-100.0
433911.34,349579.25,260.0,-100.0
434121.2,349579.25,260.0,-100.0
434331.06,349579.25,260.0,-100.0
434540.94,349579.25,260.0,-100.0
434750.78,349579.25,260.0,-100.0
434960.66,349579.25,260.0,-100.0
435170.5,349579.25,308.0,-196.0
435380.38,349579.25,308.0,-196.0
435590.25,349579.25,296.0,-196.0
435800.1,349579.25,296.0,-196.0
436009.97,349579.25,200.0,-76.0
436219.8,349579.25,200.0,-76.0
436429.7,349579.25,200.0,-76.0
436639.56,349579.25,200.0,-76.0
436849.4,349579.25,200.0,-76.0
437059.28,349579.25,200.0,-76.0
437269.16,349579.25,200.0,-76.0
437479.0,349579.25,188.0,-76.0
437688.88,349579.25,188.0,-76.0
437898.72,349579.25,188.0,-76.0
438108.6,349579.25,188.0,-76.0
438318.47,349579.25,188.0,-76.0
438528.3,349579.25,188.0,-76.0
438738.2,349579.25,188.0,-76.0
438948.03,349579.25,188.0,-76.0
439157.9,349579.25,188.0,-76.0
439367.78,349579.25,188.0,-76.0
439577.62,349579.25,188.0,-76.0
439787.5,349579.25,152.0,-40.0
439997.38,349579.25,152.0,-40.0
440207.22,349579.25,152.0,-40.0
440417.1,349579.25,152.0,-40.0
440626.94,349579.25,152.0,-40.0
440836.8,349579.25,140.0,-40.0
441046.7,349579.25,140.0,-40.0
441256.53,349579.25,140.0,-40.0
441466.4,349579.25,140.0,-40.0
441676.25,349579.25,140.0,-40.0
441886.12,349579.25,140.0,-172.0
442096.0,349579.25,140.0,-172.0
442305.84,349579.25,140.0,-172.0
442515.72,349579.25,140.0,-172.0
442725.6,349579.25,140.0,-172.0
442935.44,349579.25,140.0,-172.0
443145.3,349579.25,140.0,-172.0
443355.16,349579.25,140.0,-172.0
443565.03,349579.25,152.0,-52.0
443774.9,349579.25,152.0,-52.0
443984.75,349579.25,152.0,-52.0
444194.62,349579.25,152.0,-52.0
444404.47,349579.25,152.0,-52.0
444614.34,349579.25,152.0,-52.0
444824.22,349579.25,152.0,-40.0
445034.06,349579.25,152.0,-40.0
445243.94,349579.25,152.0,-40.0
445453.8,349579.25,152.0,-40.0
445663.66,349579.25,152.0,-40.0
445873.53,349579.25,152.0,-40.0
446083.38,349579.25,152.0,-40.0
446293.25,349579.25,152.0,-40.0
446503.12,349579.25,152.0,-28.0
446712.97,349579.25,152.0,-28.0
446922.84,349579.25,152.0,-28.0
447132.7,349579.25,152.0,-28.0
447342.56,349579.25,152.0,-28.0
447552.44,349579.25,152.0,-28.0
447762.28,349579.25,152.0,-16.0
447972.16,349579.25,152.0,-16.0
448182.03,349579.25,140.0,-16.0
448391.88,349579.25,140.0,-16.0
448601.75,349579.25,140.0,-16.0
448811.6,349579.25,140.0,-16.0
449021.47,349579.25,140.0,-16.0
449231.34,349579.25,140.0,-16.0
449441.2,349579.25,140.0,-16.0
449651.06,349579.25,140.0,-16.0
449860.9,349579.25,140.0,-16.0
450070.78,349579.25,140.0,-4.0
450280.66,349579.25,140.0,-4.0
450490.5,349579.25,140.0,-4.0
450700.38,349579.25,140.0,-4.0
450910.25,349579.25,140.0,-4.0
451120.1,349579.25,140.0,-4.0
451329.97,349579.25,140.0,-4.0
451539.8,349579.25,140.0,-4.0
451749.7,349579.25,140.0,-4.0
451959.56,349579.25,128.0,-4.0
452169.4,349579.25,128.0,-4.0
452379.28,349579.25,128.0,-4.0
452589.12,349579.25,128.0,-4.0
452799.0,349579.25,128.0,-4.0
453008.88,349579.25,128.0,-4.0
453218.72,349579.25,128.0,8.0
453428.6,349579.25,128.0,-184.0
453638.47,349579.25,128.0,-184.0
453848.3,349579.25,116.0,-184.0
454058.2,349579.25,116.0,-184.0
454268.03,349579.25,116.0,-184.0
454477.9,349579.25,116.0,-184.0
454687.78,349579.25,116.0,-184.0
454897.62,349579.25,116.0,-172.0
455107.5,349579.25,116.0,-172.0
455317.34,349579.25,116.0,-172.0
455527.22,349579.25,116.0,-172.0
455737.1,349579.25,116.0,-172.0
455946.94,349579.25,116.0,-172.0
456156.8,349579.25,116.0,-172.0
456366.7,349579.25,116.0,-172.0
456576.53,349579.25,116.0,-172.0
456786.4,349579.25,140.0,-208.0
456996.25,349579.25,140.0,-208.0
457206.12,349579.25,140.0,-208.0
457416.0,349579.25,140.0,-196.0
457625.84,349579.25,140.0,-196.0
457835.72,349579.25,140.0,-196.0
458045.6,349579.25,140.0,-196.0
458255.44,349579.25,140.0,-196.0
458465.3,349579.25,128.0,-196.0
458675.16,349579.25,128.0,-196.0
458885.03,349579.25,128.0,-196.0
459094.9,349579.25,128.0,-184.0
459304.75,349579.25,128.0,-184.0
459514.62,349579.25,128.0,-184.0
459724.47,349579.25,128.0,-184.0
459934.34,349579.25,128.0,-184.0
460144.22,349579.25,128.0,-184.0
418381.47,349781.88,320.0,104.0
418591.34,349781.88,320.0,104.0
418801.2,349781.88,320.0,104.0
419011.06,349781.88,332.0,104.0
419220.94,349781.88,332.0,104.0
419430.78,349781.88,332.0,104.0
419640.66,349781.88,332.0,104.0
419850.5,349781.88,332.0,104.0
420060.38,349781.88,332.0,104.0
420270.25,349781.88,332.0,92.0
420480.1,349781.88,332.0,92.0
420689.97,349781.88,332.0,92.0
420899.84,349781.88,332.0,92.0
421109.7,349781.88,332.0,92.0
421319.56,349781.88,332.0,92.0
421529.4,349781.88,332.0,92.0
421739.28,349781.88,332.0,92.0
421949.16,349781.88,332.0,92.0
422159.0,349781.88,332.0,92.0
422368.88,349781.88,332.0,92.0
422578.72,349781.88,344.0,92.0
422788.6,349781.88,344.0,92.0
422998.47,349781.88,344.0,80.0
423208.3,349781.88,284.0,164.0
423418.2,349781.88,296.0,164.0
423628.06,349781.88,296.0,164.0
423837.9,349781.88,296.0,164.0
424047.78,349781.88,296.0,164.0
424257.62,349781.88,296.0,164.0
424467.5,349781.88,296.0,164.0
424677.38,349781.88,296.0,164.0
424887.22,349781.88,296.0,164.0
425097.1,349781.88,296.0,164.0
425306.94,349781.88,296.0,164.0
425516.8,349781.88,356.0,8.0
425726.7,349781.88,356.0,8.0
425936.53,349781.88,356.0,8.0
426146.4,349781.88,356.0,8.0
426356.28,349781.88,356.0,8.0
426566.12,349781.88,356.0,8.0
426776.0,349781.88,356.0,8.0
426985.84,349781.88,356.0,8.0
427195.72,349781.88,356.0,20.0
427405.6,349781.88,356.0,20.0
427615.44,349781.88,356.0,20.0
427825.3,349781.88,356.0,20.0
428035.16,349781.88,356.0,20.0
428245.03,349781.88,356.0,20.0
428454.9,349781.88,356.0,20.0
428664.75,349781.88,368.0,8.0
428874.62,349781.88,368.0,8.0
429084.5,349781.88,368.0,8.0
429294.34,349781.88,368.0,8.0
429504.22,349781.88,368.0,8.0
429714.06,349781.88,332.0,-148.0
429923.94,349781.88,332.0,-148.0
430133.8,349781.88,344.0,-148.0
430343.66,349781.88,356.0,-40.0
430553.53,349781.88,356.0,-40.0
430763.38,349781.88,356.0,-4.0
430973.25,349781.88,356.0,-4.0
431183.12,349781.88,356.0,-4.0
431392.97,349781.88,356.0,-4.0
431602.84,349781.88,356.0,-4.0
431812.72,349781.88,356.0,-4.0
432022.56,349781.88,356.0,-4.0
432232.44,349781.88,356.0,-4.0
432442.28,349781.88,272.0,-100.0
432652.16,349781.88,272.0,-100.0
432862.03,349781.88,272.0,-100.0
433071.88,349781.88,272.0,-100.0
433281.75,349781.88,272.0,-100.0
433491.6,349781.88,272.0,-100.0
433701.47,349781.88,272.0,-100.0
433911.34,349781.88,272.0,-100.0
434121.2,349781.88,260.0,-100.0
434331.06,349781.88,260.0,-100.0
434540.94,349781.88,260.0,-100.0
434750.78,349781.88,260.0,-100.0
434960.66,349781.88,308.0,-196.0
435170.5,349781.88,308.0,-196.0
435380.38,349781.88,308.0,-196.0
435590.25,349781.88,308.0,-196.0
435800.1,349781.88,296.0,-208.0
436009.97,349781.88,296.0,-208.0
436219.8,349781.88,200.0,-76.0
436429.7,349781.88,200.0,-76.0
436639.56,349781.88,200.0,-76.0
436849.4,349781.88,200.0,-76.0
437059.28,349781.88,200.0,-76.0
437269.16,349781.88,200.0,-76.0
437479.0,349781.88,200.0,-76.0
437688.88,349781.88,200.0,-76.0
437898.72,349781.88,188.0,-76.0
438108.6,349781.88,188.0,-76.0
438318.47,349781.88,188.0,-76.0
438528.3,349781.88,188.0,-76.0
438738.2,349781.88,188.0,-76.0
438948.03,349781.88,188.0,-76.0
439157.9,349781.88,188.0,-76.0
439367.78,349781.88,188.0,-76.0
439577.62,349781.88,188.0,-76.0
439787.5,349781.88,188.0,-76.0
439997.38,349781.88,152.0,-40.0
440207.22,349781.88,152.0,-40.0
440417.1,349781.88,152.0,-40.0
440626.94,349781.88,152.0,-40.0
440836.8,349781.88,152.0,-40.0
441046.7,349781.88,152.0,-40.0
441256.53,349781.88,152.0,-40.0
441466.4,349781.88,152.0,-40.0
441676.25,349781.88,152.0,-172.0
441886.12,349781.88,152.0,-172.0
442096.0,349781.88,152.0,-172.0
442305.84,349781.88,152.0,-172.0
442515.72,349781.88,152.0,-172.0
442725.6,349781.88,152.0,-172.0
442935.44,349781.88,152.0,-172.0
443145.3,349781.88,152.0,-172.0
443355.16,349781.88,152.0,-172.0
443565.03,349781.88,152.0,-172.0
443774.9,349781.88,152.0,-52.0
443984.75,349781.88,152.0,-52.0
444194.62,349781.88,152.0,-52.0
444404.47,349781.88,152.0,-52.0
444614.34,349781.88,152.0,-52.0
444824.22,349781.88,152.0,-52.0
445034.06,349781.88,152.0,-52.0
445243.94,349781.88,152.0,-40.0
445453.8,349781.88,152.0,-40.0
445663.66,349781.88,152.0,-40.0
445873.53,349781.88,152.0,-40.0
446083.38,349781.88,152.0,-40.0
446293.25,349781.88,152.0,-40.0
446503.12,349781.88,152.0,-40.0
446712.97,349781.88,152.0,-28.0
446922.84,349781.88,152.0,-28.0
447132.7,349781.88,152.0,-28.0
447342.56,349781.88,152.0,-28.0
447552.44,349781.88,152.0,-28.0
447762.28,349781.88,152.0,-16.0
447972.16,349781.88,140.0,-16.0
448182.03,349781.88,140.0,-16.0
448391.88,349781.88,140.0,-16.0
448601.75,349781.88,140.0,-16.0
448811.6,349781.88,140.0,-16.0
449021.47,349781.88,140.0,-16.0
449231.34,349781.88,140.0,-16.0
449441.2,349781.88,140.0,-16.0
449651.06,349781.88,140.0,-16.0
449860.9,349781.88,140.0,-16.0
450070.78,349781.88,140.0,-16.0
450280.66,349781.88,140.0,-16.0
450490.5,349781.88,140.0,-16.0
450700.38,349781.88,140.0,-4.0
450910.25,349781.88,140.0,-4.0
451120.1,349781.88,140.0,-4.0
451329.97,349781.88,140.0,-4.0
451539.8,349781.88,140.0,-4.0
451749.7,349781.88,140.0,-4.0
451959.56,349781.88,140.0,-4.0
452169.4,349781.88,140.0,-4.0
452379.28,349781.88,128.0,-4.0
452589.12,349781.88,128.0,-4.0
452799.0,349781.88,128.0,-4.0
453008.88,349781.88,128.0,-4.0
453218.72,349781.88,128.0,-4.0
453428.6,349781.88,128.0,-184.0
453638.47,349781.88,128.0,-184.0
453848.3,349781.88,128.0,-184.0
454058.2,349781.88,128.0,-184.0
454268.03,349781.88,128.0,-184.0
454477.9,349781.88,116.0,-184.0
454687.78,349781.88,116.0,-184.0
454897.62,349781.88,116.0,-184.0
455107.5,349781.88,116.0,-172.0
455317.34,349781.88,116.0,-172.0
455527.22,349781.88,116.0,-172.0
455737.1,349781.88,116.0,-172.0
455946.94,349781.88,116.0,-172.0
456156.8,349781.88,116.0,-172.0
456366.7,349781.88,116.0,-172.0
456576.53,349781.88,140.0,-208.0
456786.4,349781.88,140.0,-208.0
456996.25,349781.88,140.0,-208.0
457206.12,349781.88,140.0,-208.0
457416.0,349781.88,140.0,-196.0
457625.84,349781.88,140.0,-196.0
457835.72,349781.88,140.0,-196.0
458045.6,349781.88,140.0,-196.0
458255.44,349781.88,140.0,-196.0
458465.3,349781.88,140.0,-196.0
458675.16,349781.88,128.0,-196.0
458885.03,349781.88,128.0,-196.0
459094.9,349781.88,128.0,-184.0
459304.75,349781.88,128.0,-184.0
459514.62,349781.88,128.0,-184.0
459724.47,349781.88,128.0,-184.0
459934.34,349781.88,128.0,-184.0
460144.22,349781.88,128.0,-184.0
418381.47,349984.5,320.0,104.0
418591.34,349984.5,320.0,104.0
418801.2,349984.5,320.0,104.0
419011.06,349984.5,320.0,104.0
419220.94,349984.5,320.0,104.0
419430.78,349984.5,320.0,104.0
419640.66,349984.5,332.0,104.0
419850.5,349984.5,332.0,104.0
420060.38,349984.5,332.0,104.0
420270.25,349984.5,332.0,104.0
420480.1,349984.5,332.0,92.0
420689.97,349984.5,332.0,92.0
420899.84,349984.5,332.0,92.0
421109.7,349984.5,332.0,92.0
421319.56,349984.5,332.0,92.0
421529.4,349984.5,332.0,92.0
421739.28,349984.5,332.0,92.0
421949.16,349984.5,332.0,92.0
422159.0,349984.5,332.0,92.0
422368.88,349984.5,332.0,92.0
422578.72,349984.5,332.0,92.0
422788.6,349984.5,332.0,92.0
422998.47,349984.5,344.0,80.0
423208.3,349984.5,284.0,164.0
423418.2,349984.5,284.0,164.0
423628.06,349984.5,296.0,164.0
423837.9,349984.5,296.0,164.0
424047.78,349984.5,296.0,164.0
424257.62,349984.5,296.0,164.0
424467.5,349984.5,296.0,164.0
424677.38,349984.5,296.0,164.0
424887.22,349984.5,296.0,164.0
425097.1,349984.5,296.0,164.0
425306.94,349984.5,296.0,164.0
425516.8,349984.5,296.0,164.0
425726.7,349984.5,296.0,164.0
425936.53,349984.5,296.0,164.0
426146.4,349984.5,308.0,164.0
426356.28,349984.5,356.0,8.0
426566.12,349984.5,356.0,8.0
426776.0,349984.5,356.0,8.0
426985.84,349984.5,356.0,20.0
427195.72,349984.5,356.0,20.0
427405.6,349984.5,356.0,20.0
427615.44,349984.5,356.0,20.0
427825.3,349984.5,356.0,20.0
428035.16,349984.5,356.0,20.0
428245.03,349984.5,356.0,20.0
428454.9,349984.5,356.0,32.0
428664.75,349984.5,356.0,32.0
428874.62,349984.5,356.0,32.0
429084.5,349984.5,356.0,32.0
429294.34,349984.5,356.0,32.0
429504.22,349984.5,356.0,32.0
429714.06,349984.5,332.0,-148.0
429923.94,349984.5,356.0,-40.0
430133.8,349984.5,356.0,-40.0
430343.66,349984.5,356.0,-40.0
430553.53,349984.5,356.0,-40.0
430763.38,349984.5,356.0,-40.0
430973.25,349984.5,356.0,-4.0
431183.12,349984.5,356.0,-4.0
431392.97,349984.5,356.0,-4.0
431602.84,349984.5,356.0,-4.0
431812.72,349984.5,356.0,-4.0
432022.56,349984.5,356.0,-4.0
432232.44,349984.5,356.0,-4.0
432442.28,349984.5,272.0,-100.0
432652.16,349984.5,272.0,-100.0
432862.03,349984.5,272.0,-100.0
433071.88,349984.5,272.0,-100.0
433281.75,349984.5,272.0,-100.0
433491.6,349984.5,272.0,-100.0
433701.47,349984.5,272.0,-100.0
433911.34,349984.5,272.0,-100.0
434121.2,349984.5,272.0,-100.0
434331.06,349984.5,260.0,-100.0
434540.94,349984.5,260.0,-100.0
434750.78,349984.5,308.0,-196.0
434960.66,349984.5,308.0,-196.0
435170.5,349984.5,308.0,-196.0
435380.38,349984.5,308.0,-208.0
435590.25,349984.5,308.0,-208.0
435800.1,349984.5,308.0,-208.0
436009.97,349984.5,296.0,-208.0
436219.8,349984.5,296.0,-208.0
436429.7,349984.5,200.0,-76.0
436639.56,349984.5,200.0,-76.0
436849.4,349984.5,200.0,-76.0
437059.28,349984.5,200.0,-76.0
437269.16,349984.5,200.0,-76.0
437479.0,349984.5,200.0,-76.0
437688.88,349984.5,200.0,-76.0
437898.72,349984.5,200.0,-76.0
438108.6,349984.5,200.0,-76.0
438318.47,349984.5,200.0,-76.0
438528.3,349984.5,188.0,-76.0
438738.2,349984.5,188.0,-76.0
438948.03,349984.5,188.0,-76.0
439157.9,349984.5,188.0,-76.0
439367.78,349984.5,188.0,-76.0
439577.62,349984.5,188.0,-76.0
439787.5,349984.5,212.0,-232.0
439997.38,349984.5,212.0,-232.0
440207.22,349984.5,152.0,-52.0
440417.1,349984.5,152.0,-52.0
440626.94,349984.5,152.0,-52.0
440836.8,349984.5,152.0,-52.0
441046.7,349984.5,152.0,-52.0
441256.53,349984.5,152.0,-52.0
441466.4,349984.5,152.0,-52.0
441676.25,349984.5,152.0,-172.0
441886.12,349984.5,152.0,-172.0
442096.0,349984.5,152.0,-172.0
442305.84,349984.5,152.0,-172.0
442515.72,349984.5,152.0,-172.0
442725.6,349984.5,152.0,-172.0
442935.44,349984.5,152.0,-172.0
443145.3,349984.5,152.0,-172.0
443355.16,349984.5,152.0,-172.0
443565.03,349984.5,152.0,-172.0
443774.9,349984.5,164.0,-52.0
443984.75,349984.5,164.0,-52.0
444194.62,349984.5,164.0,-52.0
444404.47,349984.5,152.0,-52.0
444614.34,349984.5,152.0,-52.0
444824.22,349984.5,152.0,-52.0
445034.06,349984.5,152.0,-52.0
445243.94,349984.5,152.0,-52.0
445453.8,349984.5,152.0,-40.0
445663.66,349984.5,152.0,-40.0
445873.53,349984.5,152.0,-40.0
446083.38,349984.5,152.0,-40.0
446293.25,349984.5,152.0,-40.0
446503.12,349984.5,152.0,-40.0
446712.97,349984.5,152.0,-40.0
446922.84,349984.5,152.0,-28.0
447132.7,349984.5,152.0,-28.0
447342.56,349984.5,152.0,-28.0
447552.44,349984.5,152.0,-28.0
447762.28,349984.5,140.0,-16.0
447972.16,349984.5,140.0,-16.0
448182.03,349984.5,140.0,-16.0
448391.88,349984.5,140.0,-16.0
448601.75,349984.5,140.0,-16.0
448811.6,349984.5,140.0,-16.0
449021.47,349984.5,140.0,-16.0
449231.34,349984.5,140.0,-16.0
449441.2,349984.5,140.0,-16.0
449651.06,349984.5,140.0,-16.0
449860.9,349984.5,140.0,-16.0
450070.78,349984.5,140.0,-16.0
450280.66,349984.5,140.0,-16.0
450490.5,349984.5,140.0,-16.0
450700.38,349984.5,140.0,-16.0
450910.25,349984.5,140.0,-16.0
451120.1,349984.5,140.0,-4.0
451329.97,349984.5,140.0,-4.0
451539.8,349984.5,140.0,-4.0
451749.7,349984.5,140.0,-4.0
451959.56,349984.5,140.0,-4.0
452169.4,349984.5,140.0,-4.0
452379.28,349984.5,140.0,-4.0
452589.12,349984.5,140.0,-4.0
452799.0,349984.5,140.0,-4.0
453008.88,349984.5,128.0,-4.0
453218.72,349984.5,128.0,-196.0
453428.6,349984.5,128.0,-184.0
453638.47,349984.5,128.0,-184.0
453848.3,349984.5,128.0,-184.0
454058.2,349984.5,128.0,-184.0
454268.03,349984.5,128.0,-184.0
454477.9,349984.5,128.0,-184.0
454687.78,349984.5,116.0,-184.0
454897.62,349984.5,116.0,-184.0
455107.5,349984.5,116.0,-184.0
455317.34,349984.5,116.0,-172.0
455527.22,349984.5,116.0,-172.0
455737.1,349984.5,116.0,-172.0
455946.94,349984.5,116.0,-172.0
456156.8,349984.5,116.0,-172.0
456366.7,349984.5,140.0,-208.0
456576.53,349984.5,140.0,-208.0
456786.4,349984.5,140.0,-208.0
456996.25,349984.5,140.0,-208.0
457206.12,349984.5,140.0,-208.0
457416.0,349984.5,140.0,-208.0
457625.84,349984.5,140.0,-196.0
457835.72,349984.5,140.0,-196.0
458045.6,349984.5,140.0,-196.0
458255.44,349984.5,140.0,-196.0
458465.3,349984.5,140.0,-196.0
458675.16,349984.5,140.0,-196.0
458885.03,349984.5,140.0,-196.0
459094.9,349984.5,128.0,-184.0
459304.75,349984.5,128.0,-184.0
459514.62,349984.5,128.0,-184.0
459724.47,349984.5,128.0,-184.0
459934.34,349984.5,128.0,-184.0
460144.22,349984.5,128.0,-184.0
418381.47,350187.12,320.0,116.0
418591.34,350187.12,320.0,104.0
418801.2,350187.12,320.0,104.0
419011.06,350187.12,320.0,104.0
419220.94,350187.12,320.0,104.0
419430.78,350187.12,320.0,104.0
419640.66,350187.12,320.0,104.0
419850.5,350187.12,320.0,104.0
420060.38,350187.12,332.0,104.0
420270.25,350187.12,332.0,104.0
420480.1,350187.12,332.0,92.0
420689.97,350187.12,332.0,92.0
420899.84,350187.12,332.0,92.0
421109.7,350187.12,332.0,92.0
421319.56,350187.12,332.0,92.0
421529.4,350187.12,332.0,92.0
421739.28,350187.12,332.0,92.0
421949.16,350187.12,332.0,92.0
422159.0,350187.12,332.0,92.0
422368.88,350187.12,332.0,92.0
422578.72,350187.12,332.0,92.0
422788.6,350187.12,332.0,92.0
422998.47,350187.12,284.0,164.0
423208.3,350187.12,284.0,164.0
423418.2,350187.12,284.0,164.0
423628.06,350187.12,284.0,164.0
423837.9,350187.12,296.0,164.0
424047.78,350187.12,296.0,164.0
424257.62,350187.12,296.0,164.0
424467.5,350187.12,296.0,164.0
424677.38,350187.12,296.0,164.0
424887.22,350187.12,296.0,164.0
425097.1,350187.12,296.0,164.0
425306.94,350187.12,296.0,164.0
425516.8,350187.12,296.0,164.0
425726.7,350187.12,296.0,164.0
425936.53,350187.12,296.0,164.0
426146.4,350187.12,296.0,164.0
426356.28,350187.12,308.0,164.0
426566.12,350187.12,308.0,164.0
426776.0,350187.12,308.0,164.0
426985.84,350187.12,356.0,20.0
427195.72,350187.12,356.0,20.0
427405.6,350187.12,356.0,20.0
427615.44,350187.12,356.0,20.0
427825.3,350187.12,356.0,20.0
428035.16,350187.12,356.0,32.0
428245.03,350187.12,356.0,32.0
428454.9,350187.12,356.0,32.0
428664.75,350187.12,356.0,32.0
428874.62,350187.12,356.0,32.0
429084.5,350187.12,356.0,32.0
429294.34,350187.12,356.0,32.0
429504.22,350187.12,356.0,32.0
429714.06,350187.12,356.0,-40.0
429923.94,350187.12,356.0,-40.0
430133.8,350187.12,356.0,-40.0
430343.66,350187.12,356.0,-40.0
430553.53,350187.12,356.0,-40.0
430763.38,350187.12,344.0,-64.0
430973.25,350187.12,344.0,-64.0
431183.12,350187.12,344.0,-64.0
431392.97,350187.12,344.0,-64.0
431602.84,350187.12,344.0,-64.0
431812.72,350187.12,344.0,-64.0
432022.56,350187.12,344.0,-64.0
432232.44,350187.12,344.0,-64.0
432442.28,350187.12,344.0,-100.0
432652.16,350187.12,344.0,-100.0
432862.03,350187.12,344.0,-100.0
433071.88,350187.12,344.0,-100.0
433281.75,350187.12,344.0,-112.0
433491.6,350187.12,332.0,-112.0
433701.47,350187.12,272.0,-112.0
433911.34,350187.12,272.0,-112.0
434121.2,350187.12,272.0,-112.0
434331.06,350187.12,260.0,-112.0
434540.94,350187.12,308.0,-196.0
434750.78,350187.12,308.0,-196.0
434960.66,350187.12,308.0,-196.0
435170.5,350187.12,308.0,-208.0
435380.38,350187.12,308.0,-208.0
435590.25,350187.12,308.0,-208.0
435800.1,350187.12,308.0,-208.0
436009.97,350187.12,308.0,-208.0
436219.8,350187.12,296.0,-208.0
436429.7,350187.12,200.0,-76.0
436639.56,350187.12,200.0,-76.0
436849.4,350187.12,200.0,-76.0
437059.28,350187.12,200.0,-76.0
437269.16,350187.12,248.0,-76.0
437479.0,350187.12,248.0,44.0
437688.88,350187.12,248.0,44.0
437898.72,350187.12,248.0,44.0
438108.6,350187.12,248.0,44.0
438318.47,350187.12,236.0,44.0
438528.3,350187.12,236.0,44.0
438738.2,350187.12,236.0,44.0
438948.03,350187.12,236.0,44.0
439157.9,350187.12,236.0,44.0
439367.78,350187.12,236.0,44.0
439577.62,350187.12,224.0,-232.0
439787.5,350187.12,224.0,-232.0
439997.38,350187.12,224.0,-232.0
440207.22,350187.12,224.0,-232.0
440417.1,350187.12,152.0,-52.0
440626.94,350187.12,152.0,-52.0
440836.8,350187.12,152.0,-52.0
441046.7,350187.12,152.0,-52.0
441256.53,350187.12,152.0,-52.0
441466.4,350187.12,152.0,-172.0
441676.25,350187.12,152.0,-172.0
441886.12,350187.12,152.0,-172.0
442096.0,350187.12,152.0,-172.0
442305.84,350187.12,152.0,-172.0
442515.72,350187.12,152.0,-172.0
442725.6,350187.12,152.0,-172.0
442935.44,350187.12,152.0,-172.0
443145.3,350187.12,152.0,-172.0
443355.16,350187.12,152.0,-172.0
443565.03,350187.12,152.0,-172.0
443774.9,350187.12,152.0,-172.0
443984.75,350187.12,164.0,-52.0
444194.62,350187.12,164.0,-52.0
444404.47,350187.12,164.0,-52.0
444614.34,350187.12,164.0,-52.0
444824.22,350187.12,164.0,-52.0
445034.06,350187.12,164.0,-52.0
445243.94,350187.12,164.0,-52.0
445453.8,350187.12,152.0,-52.0
445663.66,350187.12,152.0,-40.0
445873.53,350187.12,152.0,-40.0
446083.38,350187.12,152.0,-40.0
446293.25,350187.12,152.0,-40.0
446503.12,350187.12,152.0,-40.0
446712.97,350187.12,152.0,-40.0
446922.84,350187.12,152.0,-40.0
447132.7,350187.12,152.0,-28.0
447342.56,350187.12,152.0,-28.0
447552.44,350187.12,152.0,-28.0
447762.28,350187.12,140.0,-16.0
447972.16,350187.12,140.0,-16.0
448182.03,350187.12,140.0,-16.0
448391.88,350187.12,140.0,-16.0
448601.75,350187.12,140.0,-16.0
448811.6,350187.12,140.0,-16.0
449021.47,350187.12,140.0,-16.0
449231.34,350187.12,140.0,-16.0
449441.2,350187.12,140.0,-16.0
449651.06,350187.12,140.0,-16.0
449860.9,350187.12,140.0,-16.0
450070.78,350187.12,140.0,-16.0
450280.66,350187.12,140.0,-16.0
450490.5,350187.12,140.0,-16.0
450700.38,350187.12,140.0,-16.0
450910.25,350187.12,140.0,-16.0
451120.1,350187.12,140.0,-4.0
451329.97,350187.12,140.0,-4.0
451539.8,350187.12,140.0,-4.0
451749.7,350187.12,140.0,-4.0
451959.56,350187.12,140.0,-4.0
452169.4,350187.12,140.0,-4.0
452379.28,350187.12,140.0,-4.0
452589.12,350187.12,140.0,-4.0
452799.0,350187.12,140.0,-4.0
453008.88,350187.12,140.0,-4.0
453218.72,350187.12,128.0,-196.0
453428.6,350187.12,128.0,-196.0
453638.47,350187.12,128.0,-184.0
453848.3,350187.12,128.0,-184.0
454058.2,350187.12,128.0,-184.0
454268.03,350187.12,128.0,-184.0
454477.9,350187.12,128.0,-184.0
454687.78,350187.12,128.0,-184.0
454897.62,350187.12,128.0,-184.0
455107.5,350187.12,116.0,-184.0
455317.34,350187.12,116.0,-172.0
455527.22,350187.12,116.0,-172.0
455737.1,350187.12,116.0,-172.0
455946.94,350187.12,116.0,-172.0
456156.8,350187.12,116.0,-172.0
456366.7,350187.12,140.0,-208.0
456576.53,350187.12,140.0,-208.0
456786.4,350187.12,140.0,-208.0
456996.25,350187.12,140.0,-208.0
457206.12,350187.12,140.0,-208.0
457416.0,350187.12,140.0,-208.0
457625.84,350187.12,140.0,-196.0
457835.72,350187.12,140.0,-196.0
458045.6,350187.12,140.0,-196.0
458255.44,350187.12,140.0,-196.0
458465.3,350187.12,140.0,-196.0
458675.16,350187.12,140.0,-196.0
458885.03,350187.12,140.0,-196.0
459094.9,350187.12,128.0,-184.0
459304.75,350187.12,128.0,-184.0
459514.62,350187.12,128.0,-184.0
459724.47,350187.12,128.0,-184.0
459934.34,350187.12,128.0,-184.0
460144.22,350187.12,128.0,-184.0
418381.47,350389.72,320.0,116.0
418591.34,350389.72,320.0,116.0
418801.2,350389.72,320.0,104.0
419011.06,350389.72,320.0,104.0
419220.94,350389.72,320.0,104.0
419430.78,350389.72,320.0,104.0
419640.66,350389.72,320.0,104.0
419850.5,350389.72,320.0,104.0
420060.38,350389.72,320.0,104.0
420270.25,350389.72,320.0,104.0
420480.1,350389.72,332.0,92.0
420689.97,350389.72,332.0,92.0
420899.84,350389.72,332.0,92.0
421109.7,350389.72,332.0,92.0
421319.56,350389.72,332.0,92.0
421529.4,350389.72,332.0,92.0
421739.28,350389.72,332.0,92.0
421949.16,350389.72,332.0,92.0
422159.0,350389.72,332.0,92.0
422368.88,350389.72,332.0,92.0
422578.72,350389.72,332.0,92.0
422788.6,350389.72,332.0,92.0
422998.47,350389.72,284.0,164.0
423208.3,350389.72,284.0,164.0
423418.2,350389.72,284.0,164.0
423628.06,350389.72,284.0,164.0
423837.9,350389.72,284.0,164.0
424047.78,350389.72,296.0,164.0
424257.62,350389.72,296.0,164.0
424467.5,350389.72,296.0,164.0
424677.38,350389.72,296.0,164.0
424887.22,350389.72,296.0,164.0
425097.1,350389.72,296.0,164.0
425306.94,350389.72,296.0,164.0
425516.8,350389.72,296.0,164.0
425726.7,350389.72,296.0,164.0
425936.53,350389.72,296.0,164.0
426146.4,350389.72,296.0,164.0
426356.28,350389.72,308.0,164.0
426566.12,350389.72,308.0,164.0
426776.0,350389.72,308.0,164.0
426985.84,350389.72,308.0,164.0
427195.72,350389.72,308.0,164.0
427405.6,350389.72,356.0,32.0
427615.44,350389.72,356.0,32.0
427825.3,350389.72,356.0,32.0
428035.16,350389.72,356.0,32.0
428245.03,350389.72,356.0,32.0
428454.9,350389.72,356.0,32.0
428664.75,350389.72,356.0,32.0
428874.62,350389.72,356.0,32.0
429084.5,350389.72,356.0,32.0
429294.34,350389.72,356.0,32.0
429504.22,350389.72,356.0,32.0
429714.06,350389.72,356.0,-40.0
429923.94,350389.72,356.0,-40.0
430133.8,350389.72,356.0,-40.0
430343.66,350389.72,356.0,-40.0
430553.53,350389.72,356.0,-40.0
430763.38,350389.72,344.0,-64.0
430973.25,350389.72,344.0,-64.0
431183.12,350389.72,344.0,-64.0
431392.97,350389.72,344.0,-64.0
431602.84,350389.72,344.0,-64.0
431812.72,350389.72,344.0,-64.0
432022.56,350389.72,344.0,-64.0
432232.44,350389.72,344.0,-100.0
432442.28,350389.72,344.0,-112.0
432652.16,350389.72,344.0,-112.0
432862.03,350389.72,344.0,-112.0
433071.88,350389.72,344.0,-112.0
433281.75,350389.72,344.0,-112.0
433491.6,350389.72,344.0,-112.0
433701.47,350389.72,332.0,-112.0
433911.34,350389.72,332.0,-112.0
434121.2,350389.72,332.0,-112.0
434331.06,350389.72,320.0,-196.0
434540.94,350389.72,320.0,-196.0
434750.78,350389.72,308.0,-196.0
434960.66,350389.72,308.0,-208.0
435170.5,350389.72,308.0,-208.0
435380.38,350389.72,308.0,-208.0
435590.25,350389.72,308.0,-208.0
435800.1,350389.72,308.0,-208.0
436009.97,350389.72,308.0,-208.0
436219.8,350389.72,308.0,-208.0
436429.7,350389.72,296.0,-208.0
436639.56,350389.72,248.0,44.0
436849.4,350389.72,248.0,44.0
437059.28,350389.72,248.0,44.0
437269.16,350389.72,248.0,44.0
437479.0,350389.72,248.0,44.0
437688.88,350389.72,248.0,44.0
437898.72,350389.72,248.0,44.0
438108.6,350389.72,248.0,44.0
438318.47,350389.72,248.0,44.0
438528.3,350389.72,236.0,44.0
438738.2,350389.72,236.0,44.0
438948.03,350389.72,236.0,44.0
439157.9,350389.72,236.0,44.0
439367.78,350389.72,224.0,-232.0
439577.62,350389.72,224.0,-232.0
439787.5,350389.72,224.0,-232.0
439997.38,350389.72,224.0,-232.0
440207.22,350389.72,224.0,-232.0
440417.1,350389.72,224.0,-232.0
440626.94,350389.72,152.0,-52.0
440836.8,350389.72,152.0,-52.0
441046.7,350389.72,152.0,-52.0
441256.53,350389.72,152.0,-172.0
441466.4,350389.72,152.0,-172.0
441676.25,350389.72,152.0,-172.0
441886.12,350389.72,152.0,-172.0
442096.0,350389.72,152.0,-172.0
442305.84,350389.72,152.0,-172.0
442515.72,350389.72,152.0,-172.0
442725.6,350389.72,152.0,-172.0
442935.44,350389.72,152.0,-172.0
443145.3,350389.72,152.0,-172.0
443355.16,350389.72,152.0,-172.0
443565.03,350389.72,152.0,-172.0
443774.9,350389.72,152.0,-172.0
443984.75,350389.72,152.0,-172.0
444194.62,350389.72,164.0,-52.0
444404.47,350389.72,164.0,-52.0
444614.34,350389.72,164.0,-52.0
444824.22,350389.72,164.0,-52.0
445034.06,350389.72,164.0,-52.0
445243.94,350389.72,164.0,-52.0
445453.8,350389.72,164.0,-52.0
445663.66,350389.72,164.0,-52.0
445873.53,350389.72,164.0,-40.0
446083.38,350389.72,164.0,-40.0
446293.25,350389.72,152.0,-40.0
446503.12,350389.72,152.0,-40.0
446712.97,350389.72,152.0,-40.0
446922.84,350389.72,152.0,-40.0
447132.7,350389.72,152.0,-40.0
447342.56,350389.72,152.0,-28.0
447552.44,350389.72,152.0,-16.0
447762.28,350389.72,140.0,-16.0
447972.16,350389.72,140.0,-16.0
448182.03,350389.72,140.0,-16.0
448391.88,350389.72,140.0,-16.0
448601.75,350389.72,140.0,-16.0
448811.6,350389.72,140.0,-16.0
449021.47,350389.72,140.0,-16.0
449231.34,350389.72,140.0,-16.0
449441.2,350389.72,140.0,-16.0
449651.06,350389.72,140.0,-16.0
449860.9,350389.72,140.0,-16.0
450070.78,350389.72,140.0,-16.0
450280.66,350389.72,140.0,-16.0
450490.5,350389.72,140.0,-16.0
450700.38,350389.72,140.0,-16.0
450910.25,350389.72,140.0,-16.0
451120.1,350389.72,140.0,-16.0
451329.97,350389.72,140.0,-16.0
451539.8,350389.72,140.0,-4.0
451749.7,350389.72,140.0,-4.0
451959.56,350389.72,140.0,-4.0
452169.4,350389.72,140.0,-4.0
452379.28,350389.72,140.0,-4.0
452589.12,350389.72,140.0,-4.0
452799.0,350389.72,140.0,-4.0
453008.88,350389.72,128.0,-196.0
453218.72,350389.72,128.0,-196.0
453428.6,350389.72,128.0,-196.0
453638.47,350389.72,128.0,-184.0
453848.3,350389.72,128.0,-184.0
454058.2,350389.72,128.0,-184.0
454268.03,350389.72,128.0,-184.0
454477.9,350389.72,128.0,-184.0
454687.78,350389.72,128.0,-184.0
454897.62,350389.72,128.0,-184.0
455107.5,350389.72,128.0,-184.0
455317.34,350389.72,128.0,-184.0
455527.22,350389.72,116.0,-172.0
455737.1,350389.72,116.0,-172.0
455946.94,350389.72,116.0,-172.0
456156.8,350389.72,140.0,-208.0
456366.7,350389.72,140.0,-208.0
456576.53,350389.72,140.0,-208.0
456786.4,350389.72,140.0,-208.0
456996.25,350389.72,140.0,-208.0
457206.12,350389.72,140.0,-208.0
457416.0,350389.72,140.0,-208.0
457625.84,350389.72,140.0,-196.0
457835.72,350389.72,140.0,-196.0
458045.6,350389.72,140.0,-196.0
458255.44,350389.72,140.0,-196.0
458465.3,350389.72,140.0,-196.0
458675.16,350389.72,140.0,-196.0
458885.03,350389.72,140.0,-196.0
459094.9,350389.72,140.0,-184.0
459304.75,350389.72,128.0,-184.0
459514.62,350389.72,128.0,-184.0
459724.47,350389.72,128.0,-184.0
459934.34,350389.72,128.0,-184.0
460144.22,350389.72,128.0,-184.0
418381.47,350592.34,308.0,116.0
418591.34,350592.34,308.0,116.0
418801.2,350592.34,320.0,116.0
419011.06,350592.34,320.0,104.0
419220.94,350592.34,320.0,104.0
419430.78,350592.34,320.0,104.0
419640.66,350592.34,320.0,104.0
419850.5,350592.34,320.0,104.0
420060.38,350592.34,320.0,104.0
420270.25,350592.34,320.0,104.0
420480.1,350592.34,320.0,104.0
420689.97,350592.34,320.0,92.0
420899.84,350592.34,332.0,92.0
421109.7,350592.34,332.0,92.0
421319.56,350592.34,332.0,92.0
421529.4,350592.34,332.0,92.0
421739.28,350592.34,332.0,92.0
421949.16,350592.34,332.0,92.0
422159.0,350592.34,332.0,92.0
422368.88,350592.34,332.0,92.0
422578.72,350592.34,332.0,92.0
422788.6,350592.34,284.0,164.0
422998.47,350592.34,284.0,164.0
423208.3,350592.34,284.0,164.0
423418.2,350592.34,284.0,164.0
423628.06,350592.34,284.0,164.0
423837.9,350592.34,284.0,164.0
424047.78,350592.34,284.0,164.0
424257.62,350592.34,296.0,164.0
424467.5,350592.34,296.0,164.0
424677.38,350592.34,296.0,164.0
424887.22,350592.34,296.0,164.0
425097.1,350592.34,296.0,164.0
425306.94,350592.34,296.0,164.0
425516.8,350592.34,296.0,164.0
425726.7,350592.34,296.0,164.0
425936.53,350592.34,296.0,164.0
426146.4,350592.34,296.0,164.0
426356.28,350592.34,296.0,164.0
426566.12,350592.34,308.0,164.0
426776.0,350592.34,308.0,164.0
426985.84,350592.34,308.0,164.0
427195.72,350592.34,308.0,164.0
427405.6,350592.34,308.0,164.0
427615.44,350592.34,356.0,32.0
427825.3,350592.34,356.0,32.0
428035.16,350592.34,356.0,32.0
428245.03,350592.34,356.0,32.0
428454.9,350592.34,356.0,32.0
428664.75,350592.34,356.0,32.0
428874.62,350592.34,356.0,32.0
429084.5,350592.34,356.0,32.0
429294.34,350592.34,356.0,32.0
429504.22,350592.34,356.0,32.0
429714.06,350592.34,356.0,32.0
429923.94,350592.34,356.0,-40.0
430133.8,350592.34,356.0,-40.0
430343.66,350592.34,356.0,-40.0
430553.53,350592.34,344.0,-64.0
430763.38,350592.34,344.0,-64.0
430973.25,350592.34,344.0,-64.0
431183.12,350592.34,344.0,-64.0
431392.97,350592.34,344.0,-64.0
431602.84,350592.34,344.0,-64.0
431812.72,350592.34,344.0,-64.0
432022.56,350592.34,344.0,-64.0
432232.44,350592.34,344.0,-112.0
432442.28,350592.34,344.0,-112.0
432652.16,350592.34,344.0,-112.0
432862.03,350592.34,344.0,-112.0
433071.88,350592.34,344.0,-112.0
433281.75,350592.34,344.0,-112.0
433491.6,350592.34,344.0,-112.0
433701.47,350592.34,332.0,-112.0
433911.34,350592.34,332.0,-112.0
434121.2,350592.34,332.0,-112.0
434331.06,350592.34,320.0,-196.0
434540.94,350592.34,320.0,-196.0
434750.78,350592.34,308.0,-208.0
434960.66,350592.34,308.0,-208.0
435170.5,350592.34,308.0,-208.0
435380.38,350592.34,308.0,-208.0
435590.25,350592.34,308.0,-208.0
435800.1,350592.34,308.0,-208.0
436009.97,350592.34,308.0,-208.0
436219.8,350592.34,308.0,-208.0
436429.7,350592.34,308.0,-208.0
436639.56,350592.34,248.0,44.0
436849.4,350592.34,248.0,44.0
437059.28,350592.34,248.0,44.0
437269.16,350592.34,248.0,44.0
437479.0,350592.34,248.0,44.0
437688.88,350592.34,248.0,44.0
437898.72,350592.34,248.0,44.0
438108.6,350592.34,248.0,44.0
438318.47,350592.34,248.0,44.0
438528.3,350592.34,236.0,44.0
438738.2,350592.34,236.0,44.0
438948.03,350592.34,236.0,44.0
439157.9,350592.34,224.0,-232.0
439367.78,350592.34,224.0,-232.0
439577.62,350592.34,224.0,-232.0
439787.5,350592.34,224.0,-232.0
439997.38,350592.34,224.0,-232.0
440207.22,350592.34,224.0,-232.0
440417.1,350592.34,224.0,-232.0
440626.94,350592.34,224.0,-232.0
440836.8,350592.34,224.0,-232.0
441046.7,350592.34,164.0,-172.0
441256.53,350592.34,164.0,-172.0
441466.4,350592.34,164.0,-172.0
441676.25,350592.34,164.0,-172.0
441886.12,350592.34,164.0,-172.0
442096.0,350592.34,152.0,-172.0
442305.84,350592.34,152.0,-172.0
442515.72,350592.34,152.0,-172.0
442725.6,350592.34,152.0,-172.0
442935.44,350592.34,152.0,-172.0
443145.3,350592.34,152.0,-172.0
443355.16,350592.34,152.0,-172.0
443565.03,350592.34,152.0,-172.0
443774.9,350592.34,152.0,-172.0
443984.75,350592.34,152.0,-172.0
444194.62,350592.34,164.0,-52.0
444404.47,350592.34,164.0,-52.0
444614.34,350592.34,164.0,-52.0
444824.22,350592.34,164.0,-52.0
445034.06,350592.34,164.0,-52.0
445243.94,350592.34,164.0,-52.0
445453.8,350592.34,164.0,-52.0
445663.66,350592.34,164.0,-52.0
445873.53,350592.34,164.0,-40.0
446083.38,350592.34,164.0,-40.0
446293.25,350592.34,164.0,-40.0
446503.12,350592.34,164.0,-40.0
446712.97,350592.34,164.0,-40.0
446922.84,350592.34,164.0,-40.0
447132.7,350592.34,164.0,-40.0
447342.56,350592.34,152.0,-16.0
447552.44,350592.34,152.0,-16.0
447762.28,350592.34,152.0,-16.0
447972.16,350592.34,140.0,-16.0
448182.03,350592.34,140.0,-16.0
448391.88,350592.34,140.0,-16.0
448601.75,350592.34,140.0,-16.0
448811.6,350592.34,140.0,-16.0
449021.47,350592.34,140.0,-16.0
449231.34,350592.34,140.0,-16.0
449441.2,350592.34,140.0,-16.0
449651.06,350592.34,140.0,-16.0
449860.9,350592.34,140.0,-16.0
450070.78,350592.34,140.0,-16.0
450280.66,350592.34,140.0,-16.0
450490.5,350592.34,140.0,-16.0
450700.38,350592.34,140.0,-16.0
450910.25,350592.34,140.0,-16.0
451120.1,350592.34,140.0,-16.0
451329.97,350592.34,140.0,-16.0
451539.8,350592.34,140.0,-16.0
451749.7,350592.34,140.0,-4.0
451959.56,350592.34,140.0,-4.0
452169.4,350592.34,140.0,-4.0
452379.28,350592.34,140.0,-4.0
452589.12,350592.34,140.0,-4.0
452799.0,350592.34,140.0,-4.0
453008.88,350592.34,128.0,-196.0
453218.72,350592.34,128.0,-196.0
453428.6,350592.34,128.0,-196.0
453638.47,350592.34,128.0,-196.0
453848.3,350592.34,128.0,-184.0
454058.2,350592.34,128.0,-184.0
454268.03,350592.34,128.0,-184.0
454477.9,350592.34,128.0,-184.0
454687.78,350592.34,128.0,-184.0
454897.62,350592.34,128.0,-184.0
455107.5,350592.34,128.0,-184.0
455317.34,350592.34,128.0,-184.0
455527.22,350592.34,128.0,-172.0
455737.1,350592.34,128.0,-172.0
455946.94,350592.34,152.0,-208.0
456156.8,350592.34,152.0,-208.0
456366.7,350592.34,152.0,-208.0
456576.53,350592.34,152.0,-208.0
456786.4,350592.34,140.0,-208.0
456996.25,350592.34,140.0,-208.0
457206.12,350592.34,140.0,-208.0
457416.0,350592.34,140.0,-208.0
457625.84,350592.34,140.0,-196.0
457835.72,350592.34,140.0,-196.0
458045.6,350592.34,140.0,-196.0
458255.44,350592.34,140.0,-196.0
458465.3,350592.34,140.0,-196.0
458675.16,350592.34,140.0,-196.0
458885.03,350592.34,140.0,-196.0
459094.9,350592.34,140.0,-184.0
459304.75,350592.34,140.0,-184.0
459514.62,350592.34,128.0,-184.0
459724.47,350592.34,128.0,-184.0
459934.34,350592.34,128.0,-184.0
460144.22,350592.34,128.0,-184.0
418381.47,350794.97,308.0,116.0
418591.34,350794.97,308.0,116.0
418801.2,350794.97,308.0,116.0
419011.06,350794.97,308.0,104.0
419220.94,350794.97,320.0,104.0
419430.78,350794.97,320.0,104.0
419640.66,350794.97,320.0,104.0
419850.5,350794.97,320.0,104.0
420060.38,350794.97,320.0,104.0
420270.25,350794.97,320.0,104.0
420480.1,350794.97,320.0,104.0
420689.97,350794.97,320.0,92.0
420899.84,350794.97,320.0,92.0
421109.7,350794.97,320.0,92.0
421319.56,350794.97,332.0,92.0
421529.4,350794.97,332.0,92.0
421739.28,350794.97,332.0,92.0
421949.16,350794.97,332.0,92.0
422159.0,350794.97,332.0,92.0
422368.88,350794.97,332.0,92.0
422578.72,350794.97,332.0,92.0
422788.6,350794.97,284.0,164.0
422998.47,350794.97,284.0,164.0
423208.3,350794.97,284.0,164.0
423418.2,350794.97,284.0,164.0
423628.06,350794.97,284.0,164.0
423837.9,350794.97,284.0,164.0
424047.78,350794.97,284.0,164.0
424257.62,350794.97,284.0,164.0
424467.5,350794.97,296.0,164.0
424677.38,350794.97,296.0,164.0
424887.22,350794.97,296.0,164.0
425097.1,350794.97,296.0,164.0
425306.94,350794.97,296.0,164.0
425516.8,350794.97,296.0,164.0
425726.7,350794.97,296.0,164.0
425936.53,350794.97,296.0,164.0
426146.4,350794.97,296.0,164.0
426356.28,350794.97,296.0,164.0
426566.12,350794.97,308.0,164.0
426776.0,350794.97,308.0,164.0
426985.84,350794.97,308.0,164.0
427195.72,350794.97,308.0,164.0
427405.6,350794.97,308.0,164.0
427615.44,350794.97,308.0,164.0
427825.3,350794.97,356.0,32.0
428035.16,350794.97,356.0,32.0
428245.03,350794.97,356.0,32.0
428454.9,350794.97,356.0,32.0
428664.75,350794.97,356.0,32.0
428874.62,350794.97,356.0,32.0
429084.5,350794.97,356.0,32.0
429294.34,350794.97,356.0,32.0
429504.22,350794.97,356.0,32.0
429714.06,350794.97,356.0,32.0
429923.94,350794.97,356.0,-40.0
430133.8,350794.97,356.0,-40.0
430343.66,350794.97,356.0,-40.0
430553.53,350794.97,344.0,-64.0
430763.38,350794.97,344.0,-64.0
430973.25,350794.97,344.0,-64.0
431183.12,350794.97,344.0,-64.0
431392.97,350794.97,344.0,-64.0
431602.84,350794.97,344.0,-64.0
431812.72,350794.97,344.0,-64.0
432022.56,350794.97,344.0,-112.0
432232.44,350794.97,344.0,-112.0
432442.28,350794.97,344.0,-112.0
432652.16,350794.97,344.0,-112.0
432862.03,350794.97,344.0,-112.0
433071.88,350794.97,344.0,-112.0
433281.75,350794.97,344.0,-112.0
433491.6,350794.97,344.0,-112.0
433701.47,350794.97,332.0,-112.0
433911.34,350794.97,332.0,-112.0
434121.2,350794.97,332.0,-112.0
434331.06,350794.97,320.0,-196.0
434540.94,350794.97,320.0,-208.0
434750.78,350794.97,308.0,-208.0
434960.66,350794.97,308.0,-208.0
435170.5,350794.97,308.0,-208.0
435380.38,350794.97,308.0,-208.0
435590.25,350794.97,308.0,-208.0
435800.1,350794.97,308.0,-208.0
436009.97,350794.97,308.0,-208.0
436219.8,350794.97,308.0,-208.0
436429.7,350794.97,308.0,-208.0
436639.56,350794.97,296.0,-208.0
436849.4,350794.97,248.0,44.0
437059.28,350794.97,248.0,44.0
437269.16,350794.97,248.0,44.0
437479.0,350794.97,248.0,44.0
437688.88,350794.97,248.0,44.0
437898.72,350794.97,248.0,44.0
438108.6,350794.97,248.0,44.0
438318.47,350794.97,248.0,44.0
438528.3,350794.97,248.0,44.0
438738.2,350794.97,248.0,44.0
438948.03,350794.97,248.0,44.0
439157.9,350794.97,224.0,-232.0
439367.78,350794.97,224.0,-232.0
439577.62,350794.97,224.0,-232.0
439787.5,350794.97,224.0,-232.0
439997.38,350794.97,224.0,-232.0
440207.22,350794.97,224.0,-232.0
440417.1,350794.97,224.0,-232.0
440626.94,350794.97,224.0,-232.0
440836.8,350794.97,224.0,-232.0
441046.7,350794.97,224.0,-232.0
441256.53,350794.97,164.0,-172.0
441466.4,350794.97,164.0,-172.0
441676.25,350794.97,164.0,-172.0
441886.12,350794.97,164.0,-172.0
442096.0,350794.97,164.0,-172.0
442305.84,350794.97,164.0,-172.0
442515.72,350794.97,152.0,-172.0
442725.6,350794.97,152.0,-172.0
442935.44,350794.97,152.0,-172.0
443145.3,350794.97,152.0,-172.0
443355.16,350794.97,152.0,-172.0
443565.03,350794.97,152.0,-172.0
443774.9,350794.97,152.0,-172.0
443984.75,350794.97,152.0,-172.0
444194.62,350794.97,152.0,-172.0
444404.47,350794.97,164.0,-52.0
444614.34,350794.97,164.0,-52.0
444824.22,350794.97,164.0,-52.0
445034.06,350794.97,164.0,-52.0
445243.94,350794.97,164.0,-52.0
445453.8,350794.97,164.0,-52.0
445663.66,350794.97,164.0,-52.0
445873.53,350794.97,164.0,-52.0
446083.38,350794.97,164.0,-40.0
446293.25,350794.97,164.0,-40.0
446503.12,350794.97,164.0,-40.0
446712.97,350794.97,164.0,-40.0
446922.84,350794.97,164.0,-40.0
447132.7,350794.97,164.0,-40.0
447342.56,350794.97,152.0,-28.0
447552.44,350794.97,152.0,-16.0
447762.28,350794.97,152.0,-16.0
447972.16,350794.97,152.0,-16.0
448182.03,350794.97,140.0,-16.0
448391.88,350794.97,140.0,-16.0
448601.75,350794.97,140.0,-16.0
448811.6,350794.97,140.0,-16.0
449021.47,350794.97,140.0,-16.0
449231.34,350794.97,140.0,-16.0
449441.2,350794.97,140.0,-16.0
449651.06,350794.97,140.0,-16.0
449860.9,350794.97,140.0,-16.0
450070.78,350794.97,140.0,-16.0
450280.66,350794.97,140.0,-16.0
450490.5,350794.97,140.0,-16.0
450700.38,350794.97,140.0,-16.0
450910.25,350794.97,140.0,-16.0
451120.1,350794.97,140.0,-16.0
451329.97,350794.97,140.0,-16.0
451539.8,350794.97,140.0,-16.0
451749.7,350794.97,140.0,-16.0
451959.56,350794.97,140.0,-4.0
452169.4,350794.97,140.0,-4.0
452379.28,350794.97,140.0,-4.0
452589.12,350794.97,140.0,-4.0
452799.0,350794.97,128.0,-196.0
453008.88,350794.97,128.0,-196.0
453218.72,350794.97,128.0,-196.0
453428.6,350794.97,128.0,-196.0
453638.47,350794.97,128.0,-196.0
453848.3,350794.97,128.0,-184.0
454058.2,350794.97,128.0,-184.0
454268.03,350794.97,128.0,-184.0
454477.9,350794.97,128.0,-184.0
454687.78,350794.97,128.0,-184.0
454897.62,350794.97,128.0,-184.0
455107.5,350794.97,128.0,-184.0
455317.34,350794.97,128.0,-184.0
455527.22,350794.97,128.0,-172.0
455737.1,350794.97,128.0,-172.0
455946.94,350794.97,152.0,-208.0
456156.8,350794.97,152.0,-208.0
456366.7,350794.97,152.0,-208.0
456576.53,350794.97,152.0,-208.0
456786.4,350794.97,152.0,-208.0
456996.25,350794.97,140.0,-208.0
457206.12,350794.97,140.0,-208.0
457416.0,350794.97,140.0,-208.0
457625.84,350794.97,140.0,-196.0
457835.72,350794.97,140.0,-196.0
458045.6,350794.97,140.0,-196.0
458255.44,350794.97,140.0,-196.0
458465.3,350794.97,140.0,-196.0
458675.16,350794.97,140.0,-196.0
458885.03,350794.97,140.0,-184.0
459094.9,350794.97,140.0,-184.0
459304.75,350794.97,140.0,-184.0
459514.62,350794.97,140.0,-184.0
459724.47,350794.97,128.0,-184.0
459934.34,350794.97,128.0,-184.0
460144.22,350794.97,128.0,-184.0
418381.47,350997.6,308.0,116.0
418591.34,350997.6,308.0,116.0
418801.2,350997.6,308.0,116.0
419011.06,350997.6,308.0,116.0
419220.94,350997.6,308.0,104.0
419430.78,350997.6,308.0,104.0
419640.66,350997.6,320.0,104.0
419850.5,350997.6,320.0,104.0
420060.38,350997.6,320.0,104.0
420270.25,350997.6,320.0,104.0
420480.1,350997.6,320.0,104.0
420689.97,350997.6,320.0,104.0
420899.84,350997.6,320.0,104.0
421109.7,350997.6,320.0,92.0
421319.56,350997.6,320.0,92.0
421529.4,350997.6,320.0,92.0
421739.28,350997.6,332.0,92.0
421949.16,350997.6,332.0,92.0
422159.0,350997.6,332.0,92.0
422368.88,350997.6,332.0,92.0
422578.72,350997.6,284.0,176.0
422788.6,350997.6,284.0,176.0
422998.47,350997.6,284.0,164.0
423208.3,350997.6,284.0,164.0
423418.2,350997.6,284.0,164.0
423628.06,350997.6,284.0,164.0
423837.9,350997.6,284.0,164.0
424047.78,350997.6,284.0,164.0
424257.62,350997.6,284.0,164.0
424467.5,350997.6,296.0,164.0
424677.38,350997.6,296.0,164.0
424887.22,350997.6,296.0,164.0
425097.1,350997.6,296.0,164.0
425306.94,350997.6,296.0,164.0
425516.8,350997.6,296.0,164.0
425726.7,350997.6,296.0,164.0
425936.53,350997.6,296.0,164.0
426146.4,350997.6,296.0,164.0
426356.28,350997.6,296.0,164.0
426566.12,350997.6,296.0,164.0
426776.0,350997.6,308.0,164.0
426985.84,350997.6,308.0,164.0
427195.72,350997.6,308.0,164.0
427405.6,350997.6,308.0,164.0
427615.44,350997.6,308.0,164.0
427825.3,350997.6,356.0,32.0
428035.16,350997.6,356.0,32.0
428245.03,350997.6,356.0,32.0
428454.9,350997.6,356.0,32.0
428664.75,350997.6,356.0,32.0
428874.62,350997.6,356.0,32.0
429084.5,350997.6,356.0,32.0
429294.34,350997.6,356.0,32.0
429504.22,350997.6,356.0,32.0
429714.06,350997.6,356.0,32.0
429923.94,350997.6,356.0,-40.0
430133.8,350997.6,356.0,-40.0
430343.66,350997.6,344.0,-64.0
430553.53,350997.6,344.0,-64.0
430763.38,350997.6,344.0,-64.0
430973.25,350997.6,344.0,-64.0
431183.12,350997.6,344.0,-64.0
431392.97,350997.6,344.0,-64.0
431602.84,350997.6,344.0,-64.0
431812.72,350997.6,344.0,-64.0
432022.56,350997.6,344.0,-112.0
432232.44,350997.6,344.0,-112.0
432442.28,350997.6,344.0,-112.0
432652.16,350997.6,344.0,-112.0
432862.03,350997.6,344.0,-112.0
433071.88,350997.6,344.0,-112.0
433281.75,350997.6,344.0,-112.0
433491.6,350997.6,344.0,-112.0
433701.47,350997.6,332.0,-112.0
433911.34,350997.6,332.0,-112.0
434121.2,350997.6,332.0,-112.0
434331.06,350997.6,320.0,-208.0
434540.94,350997.6,320.0,-208.0
434750.78,350997.6,320.0,-208.0
434960.66,350997.6,308.0,-208.0
435170.5,350997.6,308.0,-208.0
435380.38,350997.6,308.0,-208.0
435590.25,350997.6,308.0,-208.0
435800.1,350997.6,308.0,-208.0
436009.97,350997.6,308.0,-208.0
436219.8,350997.6,308.0,-208.0
436429.7,350997.6,308.0,-208.0
436639.56,350997.6,308.0,-208.0
436849.4,350997.6,248.0,44.0
437059.28,350997.6,248.0,44.0
437269.16,350997.6,248.0,44.0
437479.0,350997.6,248.0,44.0
437688.88,350997.6,248.0,44.0
437898.72,350997.6,248.0,44.0
438108.6,350997.6,248.0,44.0
438318.47,350997.6,248.0,44.0
438528.3,350997.6,248.0,44.0
438738.2,350997.6,248.0,44.0
438948.03,350997.6,224.0,-232.0
439157.9,350997.6,224.0,-232.0
439367.78,350997.6,224.0,-232.0
439577.62,350997.6,224.0,-232.0
439787.5,350997.6,224.0,-232.0
439997.38,350997.6,224.0,-232.0
440207.22,350997.6,224.0,-232.0
440417.1,350997.6,224.0,-232.0
440626.94,350997.6,224.0,-232.0
440836.8,350997.6,224.0,-232.0
441046.7,350997.6,224.0,-232.0
441256.53,350997.6,164.0,-172.0
441466.4,350997.6,164.0,-172.0
441676.25,350997.6,164.0,-172.0
441886.12,350997.6,164.0,-172.0
442096.0,350997.6,164.0,-172.0
442305.84,350997.6,164.0,-172.0
442515.72,350997.6,164.0,-172.0
442725.6,350997.6,152.0,-172.0
442935.44,350997.6,152.0,-172.0
443145.3,350997.6,152.0,-172.0
443355.16,350997.6,152.0,-172.0
443565.03,350997.6,152.0,-172.0
443774.9,350997.6,152.0,-172.0
443984.75,350997.6,152.0,-172.0
444194.62,350997.6,152.0,-172.0
444404.47,350997.6,152.0,-172.0
444614.34,350997.6,164.0,-52.0
444824.22,350997.6,164.0,-52.0
445034.06,350997.6,164.0,-52.0
445243.94,350997.6,164.0,-52.0
445453.8,350997.6,164.0,-52.0
445663.66,350997.6,164.0,-52.0
445873.53,350997.6,164.0,-52.0
446083.38,350997.6,164.0,-40.0
446293.25,350997.6,164.0,-40.0
446503.12,350997.6,164.0,-40.0
446712.97,350997.6,164.0,-40.0
446922.84,350997.6,164.0,-40.0
447132.7,350997.6,152.0,-28.0
447342.56,350997.6,152.0,-28.0
447552.44,350997.6,152.0,-28.0
447762.28,350997.6,152.0,-28.0
447972.16,350997.6,152.0,-16.0
448182.03,350997.6,152.0,-16.0
448391.88,350997.6,152.0,-16.0
448601.75,350997.6,152.0,-16.0
448811.6,350997.6,152.0,-16.0
449021.47,350997.6,140.0,-16.0
449231.34,350997.6,140.0,-16.0
449441.2,350997.6,140.0,-16.0
449651.06,350997.6,140.0,-16.0
449860.9,350997.6,140.0,-16.0
450070.78,350997.6,140.0,-16.0
450280.66,350997.6,140.0,-16.0
450490.5,350997.6,140.0,-16.0
450700.38,350997.6,140.0,-16.0
450910.25,350997.6,140.0,-16.0
451120.1,350997.6,140.0,-16.0
451329.97,350997.6,140.0,-16.0
451539.8,350997.6,140.0,-16.0
451749.7,350997.6,140.0,-16.0
451959.56,350997.6,140.0,-16.0
452169.4,350997.6,140.0,-4.0
452379.28,350997.6,140.0,-4.0
452589.12,350997.6,140.0,-4.0
452799.0,350997.6,128.0,-196.0
453008.88,350997.6,128.0,-196.0
453218.72,350997.6,128.0,-196.0
453428.6,350997.6,128.0,-196.0
453638.47,350997.6,128.0,-196.0
453848.3,350997.6,128.0,-184.0
454058.2,350997.6,128.0,-184.0
454268.03,350997.6,128.0,-184.0
454477.9,350997.6,128.0,-184.0
454687.78,350997.6,128.0,-184.0
454897.62,350997.6,128.0,-184.0
455107.5,350997.6,128.0,-184.0
455317.34,350997.6,128.0,-184.0
455527.22,350997.6,128.0,-172.0
455737.1,350997.6,152.0,-220.0
455946.94,350997.6,152.0,-208.0
456156.8,350997.6,152.0,-208.0
456366.7,350997.6,152.0,-208.0
456576.53,350997.6,152.0,-208.0
456786.4,350997.6,152.0,-208.0
456996.25,350997.6,152.0,-208.0
457206.12,350997.6,152.0,-208.0
457416.0,350997.6,140.0,-208.0
457625.84,350997.6,140.0,-196.0
457835.72,350997.6,140.0,-196.0
458045.6,350997.6,140.0,-196.0
458255.44,350997.6,140.0,-196.0
458465.3,350997.6,140.0,-196.0
458675.16,350997.6,140.0,-196.0
458885.03,350997.6,140.0,-184.0
459094.9,350997.6,140.0,-184.0
459304.75,350997.6,140.0,-184.0
459514.62,350997.6,140.0,-184.0
459724.47,350997.6,140.0,-184.0
459934.34,350997.6,128.0,-184.0
460144.22,350997.6,128.0,-184.0
418381.47,351200.22,308.0,116.0
418591.34,351200.22,308.0,116.0
418801.2,351200.22,308.0,116.0
419011.06,351200.22,308.0,116.0
419220.94,351200.22,308.0,104.0
419430.78,351200.22,308.0,104.0
419640.66,351200.22,308.0,104.0
419850.5,351200.22,308.0,104.0
420060.38,351200.22,320.0,104.0
420270.25,351200.22,320.0,104.0
420480.1,351200.22,320.0,104.0
420689.97,351200.22,320.0,104.0
420899.84,351200.22,320.0,104.0
421109.7,351200.22,320.0,92.0
421319.56,351200.22,320.0,92.0
421529.4,351200.22,320.0,92.0
421739.28,351200.22,320.0,92.0
421949.16,351200.22,332.0,92.0
422159.0,351200.22,332.0,92.0
422368.88,351200.22,332.0,92.0
422578.72,351200.22,284.0,176.0
422788.6,351200.22,284.0,176.0
422998.47,351200.22,284.0,164.0
423208.3,351200.22,284.0,164.0
423418.2,351200.22,284.0,164.0
423628.06,351200.22,284.0,164.0
423837.9,351200.22,284.0,164.0
424047.78,351200.22,284.0,164.0
424257.62,351200.22,284.0,164.0
424467.5,351200.22,296.0,164.0
424677.38,351200.22,296.0,164.0
424887.22,351200.22,296.0,164.0
425097.1,351200.22,296.0,164.0
425306.94,351200.22,296.0,164.0
425516.8,351200.22,296.0,164.0
425726.7,351200.22,296.0,164.0
425936.53,351200.22,296.0,164.0
426146.4,351200.22,296.0,164.0
426356.28,351200.22,296.0,164.0
426566.12,351200.22,296.0,164.0
426776.0,351200.22,296.0,164.0
426985.84,351200.22,308.0,164.0
427195.72,351200.22,308.0,164.0
427405.6,351200.22,308.0,164.0
427615.44,351200.22,308.0,164.0
427825.3,351200.22,308.0,164.0
428035.16,351200.22,356.0,32.0
428245.03,351200.22,356.0,32.0
428454.9,351200.22,356.0,32.0
428664.75,351200.22,356.0,32.0
428874.62,351200.22,356.0,32.0
429084.5,351200.22,356.0,32.0
429294.34,351200.22,356.0,32.0
429504.22,351200.22,356.0,32.0
429714.06,351200.22,356.0,32.0
429923.94,351200.22,356.0,-40.0
430133.8,351200.22,356.0,-40.0
430343.66,351200.22,344.0,-64.0
430553.53,351200.22,344.0,-64.0
430763.38,351200.22,344.0,-64.0
430973.25,351200.22,344.0,-64.0
431183.12,351200.22,344.0,-64.0
431392.97,351200.22,344.0,-64.0
431602.84,351200.22,344.0,-64.0
431812.72,351200.22,344.0,-112.0
432022.56,351200.22,344.0,-112.0
432232.44,351200.22,344.0,-112.0
432442.28,351200.22,344.0,-112.0
432652.16,351200.22,344.0,-112.0
432862.03,351200.22,344.0,-112.0
433071.88,351200.22,344.0,-112.0
433281.75,351200.22,344.0,-112.0
433491.6,351200.22,344.0,-112.0
433701.47,351200.22,332.0,-112.0
433911.34,351200.22,332.0,-112.0
434121.2,351200.22,332.0,-112.0
434331.06,351200.22,320.0,-208.0
434540.94,351200.22,320.0,-208.0
434750.78,351200.22,320.0,-208.0
434960.66,351200.22,308.0,-208.0
435170.5,351200.22,308.0,-208.0
435380.38,351200.22,308.0,-208.0
435590.25,351200.22,308.0,-208.0
435800.1,351200.22,308.0,-208.0
436009.97,351200.22,308.0,-208.0
436219.8,351200.22,308.0,-208.0
436429.7,351200.22,308.0,-208.0
436639.56,351200.22,308.0,-208.0
436849.4,351200.22,260.0,44.0
437059.28,351200.22,248.0,44.0
437269.16,351200.22,248.0,44.0
437479.0,351200.22,248.0,44.0
437688.88,351200.22,248.0,44.0
437898.72,351200.22,248.0,44.0
438108.6,351200.22,248.0,44.0
438318.47,351200.22,248.0,44.0
438528.3,351200.22,248.0,44.0
438738.2,351200.22,236.0,-232.0
438948.03,351200.22,236.0,-232.0
439157.9,351200.22,236.0,-232.0
439367.78,351200.22,236.0,-232.0
439577.62,351200.22,236.0,-232.0
439787.5,351200.22,236.0,-232.0
439997.38,351200.22,236.0,-232.0
440207.22,351200.22,236.0,-232.0
440417.1,351200.22,236.0,-232.0
440626.94,351200.22,236.0,-232.0
440836.8,351200.22,236.0,-232.0
441046.7,351200.22,236.0,-232.0
441256.53,351200.22,236.0,-232.0
441466.4,351200.22,164.0,-172.0
441676.25,351200.22,164.0,-172.0
441886.12,351200.22,164.0,-172.0
442096.0,351200.22,164.0,-172.0
442305.84,351200.22,164.0,-172.0
442515.72,351200.22,164.0,-172.0
442725.6,351200.22,164.0,-172.0
442935.44,351200.22,152.0,-172.0
443145.3,351200.22,152.0,-172.0
443355.16,351200.22,152.0,-172.0
443565.03,351200.22,152.0,-172.0
443774.9,351200.22,152.0,-172.0
443984.75,351200.22,152.0,-172.0
444194.62,351200.22,152.0,-172.0
444404.47,351200.22,152.0,-172.0
444614.34,351200.22,164.0,-52.0
444824.22,351200.22,164.0,-52.0
445034.06,351200.22,164.0,-52.0
445243.94,351200.22,164.0,-52.0
445453.8,351200.22,164.0,-52.0
445663.66,351200.22,164.0,-52.0
445873.53,351200.22,164.0,-52.0
446083.38,351200.22,164.0,-40.0
446293.25,351200.22,164.0,-40.0
446503.12,351200.22,164.0,-40.0
446712.97,351200.22,164.0,-40.0
446922.84,351200.22,152.0,-28.0
447132.7,351200.22,152.0,-28.0
447342.56,351200.22,152.0,-28.0
447552.44,351200.22,152.0,-28.0
447762.28,351200.22,152.0,-28.0
447972.16,351200.22,152.0,-28.0
448182.03,351200.22,152.0,-28.0
448391.88,351200.22,152.0,-16.0
448601.75,351200.22,152.0,-16.0
448811.6,351200.22,152.0,-16.0
449021.47,351200.22,152.0,-16.0
449231.34,351200.22,140.0,-16.0
449441.2,351200.22,140.0,-16.0
449651.06,351200.22,140.0,-16.0
449860.9,351200.22,140.0,-16.0
450070.78,351200.22,140.0,-16.0
450280.66,351200.22,140.0,-16.0
450490.5,351200.22,140.0,-16.0
450700.38,351200.22,140.0,-16.0
450910.25,351200.22,140.0,-16.0
451120.1,351200.22,140.0,-16.0
451329.97,351200.22,140.0,-16.0
451539.8,351200.22,140.0,-16.0
451749.7,351200.22,140.0,-16.0
451959.56,351200.22,140.0,-16.0
452169.4,351200.22,140.0,-16.0
452379.28,351200.22,140.0,-16.0
452589.12,351200.22,128.0,-196.0
452799.0,351200.22,128.0,-196.0
453008.88,351200.22,128.0,-196.0
453218.72,351200.22,128.0,-196.0
453428.6,351200.22,128.0,-196.0
453638.47,351200.22,128.0,-196.0
453848.3,351200.22,128.0,-184.0
454058.2,351200.22,128.0,-184.0
454268.03,351200.22,128.0,-184.0
454477.9,351200.22,128.0,-184.0
454687.78,351200.22,128.0,-184.0
454897.62,351200.22,128.0,-184.0
455107.5,351200.22,128.0,-184.0
455317.34,351200.22,128.0,-184.0
455527.22,351200.22,128.0,-172.0
455737.1,351200.22,152.0,-220.0
455946.94,351200.22,152.0,-208.0
456156.8,351200.22,152.0,-208.0
456366.7,351200.22,152.0,-208.0
456576.53,351200.22,152.0,-208.0
456786.4,351200.22,152.0,-208.0
456996.25,351200.22,152.0,-208.0
457206.12,351200.22,152.0,-208.0
457416.0,351200.22,152.0,-208.0
457625.84,351200.22,140.0,-196.0
457835.72,351200.22,140.0,-196.0
458045.6,351200.22,140.0,-196.0
458255.44,351200.22,140.0,-196.0
458465.3,351200.22,140.0,-196.0
458675.16,351200.22,140.0,-196.0
458885.03,351200.22,140.0,-184.0
459094.9,351200.22,140.0,-184.0
459304.75,351200.22,140.0,-184.0
459514.62,351200.22,140.0,-184.0
459724.47,351200.22,140.0,-184.0
459934.34,351200.22,140.0,-184.0
460144.22,351200.22,140.0,-184.0
418381.47,351402.8,296.0,128.0
418591.34,351402.8,296.0,116.0
418801.2,351402.8,308.0,116.0
419011.06,351402.8,308.0,116.0
419220.94,351402.8,308.0,116.0
419430.78,351402.8,308.0,104.0
419640.66,351402.8,308.0,104.0
419850.5,351402.8,308.0,104.0
420060.38,351402.8,308.0,104.0
420270.25,351402.8,308.0,104.0
420480.1,351402.8,320.0,104.0
420689.97,351402.8,320.0,104.0
420899.84,351402.8,320.0,104.0
421109.7,351402.8,320.0,104.0
421319.56,351402.8,320.0,92.0
421529.4,351402.8,320.0,92.0
421739.28,351402.8,320.0,92.0
421949.16,351402.8,320.0,92.0
422159.0,351402.8,332.0,92.0
422368.88,351402.8,332.0,92.0
422578.72,351402.8,284.0,176.0
422788.6,351402.8,284.0,176.0
422998.47,351402.8,284.0,164.0
423208.3,351402.8,284.0,164.0
423418.2,351402.8,284.0,164.0
423628.06,351402.8,284.0,164.0
423837.9,351402.8,284.0,164.0
424047.78,351402.8,284.0,164.0
424257.62,351402.8,284.0,164.0
424467.5,351402.8,296.0,164.0
424677.38,351402.8,296.0,164.0
424887.22,351402.8,296.0,164.0
425097.1,351402.8,296.0,164.0
425306.94,351402.8,296.0,164.0
425516.8,351402.8,296.0,164.0
425726.7,351402.8,296.0,164.0
425936.53,351402.8,296.0,164.0
426146.4,351402.8,296.0,164.0
426356.28,351402.8,296.0,164.0
426566.12,351402.8,296.0,164.0
426776.0,351402.8,296.0,164.0
426985.84,351402.8,296.0,164.0
427195.72,351402.8,308.0,164.0
427405.6,351402.8,308.0,164.0
427615.44,351402.8,308.0,164.0
427825.3,351402.8,308.0,164.0
428035.16,351402.8,308.0,152.0
428245.03,351402.8,356.0,32.0
428454.9,351402.8,356.0,32.0
428664.75,351402.8,356.0,32.0
428874.62,351402.8,356.0,32.0
429084.5,351402.8,356.0,32.0
429294.34,351402.8,356.0,32.0
429504.22,351402.8,356.0,32.0
429714.06,351402.8,356.0,32.0
429923.94,351402.8,356.0,-40.0
430133.8,351402.8,344.0,-64.0
430343.66,351402.8,344.0,-64.0
430553.53,351402.8,344.0,-64.0
430763.38,351402.8,344.0,-64.0
430973.25,351402.8,344.0,-64.0
431183.12,351402.8,344.0,-64.0
431392.97,351402.8,344.0,-64.0
431602.84,351402.8,344.0,-64.0
431812.72,351402.8,344.0,-112.0
432022.56,351402.8,344.0,-112.0
432232.44,351402.8,344.0,-112.0
432442.28,351402.8,344.0,-112.0
432652.16,351402.8,344.0,-112.0
432862.03,351402.8,344.0,-112.0
433071.88,351402.8,344.0,-112.0
433281.75,351402.8,344.0,-112.0
433491.6,351402.8,344.0,-112.0
433701.47,351402.8,344.0,-112.0
433911.34,351402.8,332.0,-112.0
434121.2,351402.8,332.0,-112.0
434331.06,351402.8,320.0,-208.0
434540.94,351402.8,320.0,-208.0
434750.78,351402.8,320.0,-208.0
434960.66,351402.8,320.0,-208.0
435170.5,351402.8,308.0,-208.0
435380.38,351402.8,308.0,-208.0
435590.25,351402.8,308.0,-208.0
435800.1,351402.8,308.0,-208.0
436009.97,351402.8,308.0,-208.0
436219.8,351402.8,308.0,-208.0
436429.7,351402.8,308.0,-208.0
436639.56,351402.8,308.0,-208.0
436849.4,351402.8,308.0,-208.0
437059.28,351402.8,260.0,44.0
437269.16,351402.8,248.0,44.0
437479.0,351402.8,248.0,44.0
437688.88,351402.8,248.0,44.0
437898.72,351402.8,248.0,44.0
438108.6,351402.8,248.0,44.0
438318.47,351402.8,248.0,44.0
438528.3,351402.8,248.0,44.0
438738.2,351402.8,236.0,-232.0
438948.03,351402.8,236.0,-232.0
439157.9,351402.8,236.0,-232.0
439367.78,351402.8,236.0,-232.0
439577.62,351402.8,236.0,-232.0
439787.5,351402.8,236.0,-232.0
439997.38,351402.8,236.0,-232.0
440207.22,351402.8,236.0,-232.0
440417.1,351402.8,236.0,-232.0
440626.94,351402.8,236.0,-232.0
440836.8,351402.8,236.0,-232.0
441046.7,351402.8,236.0,-232.0
441256.53,351402.8,284.0,-352.0
441466.4,351402.8,284.0,-352.0
441676.25,351402.8,224.0,-400.0
441886.12,351402.8,224.0,-400.0
442096.0,351402.8,224.0,-400.0
442305.84,351402.8,224.0,-400.0
442515.72,351402.8,224.0,-400.0
442725.6,351402.8,224.0,-400.0
442935.44,351402.8,224.0,-400.0
443145.3,351402.8,224.0,-400.0
443355.16,351402.8,224.0,-400.0
443565.03,351402.8,224.0,-400.0
443774.9,351402.8,224.0,-400.0
443984.75,351402.8,224.0,-400.0
444194.62,351402.8,224.0,-400.0
444404.47,351402.8,224.0,-400.0
444614.34,351402.8,224.0,-400.0
444824.22,351402.8,224.0,-400.0
445034.06,351402.8,224.0,-400.0
445243.94,351402.8,224.0,-400.0
445453.8,351402.8,164.0,-52.0
445663.66,351402.8,164.0,-52.0
445873.53,351402.8,164.0,-52.0
446083.38,351402.8,224.0,-376.0
446293.25,351402.8,224.0,-376.0
446503.12,351402.8,224.0,-376.0
446712.97,351402.8,224.0,-376.0
446922.84,351402.8,224.0,-376.0
447132.7,351402.8,152.0,-28.0
447342.56,351402.8,152.0,-28.0
447552.44,351402.8,152.0,-28.0
447762.28,351402.8,152.0,-28.0
447972.16,351402.8,152.0,-28.0
448182.03,351402.8,152.0,-28.0
448391.88,351402.8,152.0,-28.0
448601.75,351402.8,152.0,-16.0
448811.6,351402.8,152.0,-16.0
449021.47,351402.8,152.0,-16.0
449231.34,351402.8,152.0,-16.0
449441.2,351402.8,140.0,-16.0
449651.06,351402.8,140.0,-16.0
449860.9,351402.8,140.0,-16.0
450070.78,351402.8,140.0,-16.0
450280.66,351402.8,140.0,-16.0
450490.5,351402.8,140.0,-16.0
450700.38,351402.8,140.0,-16.0
450910.25,351402.8,140.0,-16.0
451120.1,351402.8,140.0,-16.0
451329.97,351402.8,140.0,-16.0
451539.8,351402.8,140.0,-16.0
451749.7,351402.8,140.0,-16.0
451959.56,351402.8,140.0,-16.0
452169.4,351402.8,140.0,-16.0
452379.28,351402.8,140.0,-16.0
452589.12,351402.8,128.0,-196.0
452799.0,351402.8,128.0,-196.0
453008.88,351402.8,128.0,-196.0
453218.72,351402.8,128.0,-196.0
453428.6,351402.8,128.0,-196.0
453638.47,351402.8,128.0,-184.0
453848.3,351402.8,128.0,-184.0
454058.2,351402.8,128.0,-184.0
454268.03,351402.8,128.0,-184.0
454477.9,351402.8,128.0,-184.0
454687.78,351402.8,128.0,-184.0
454897.62,351402.8,128.0,-184.0
455107.5,351402.8,128.0,-184.0
455317.34,351402.8,128.0,-184.0
455527.22,351402.8,152.0,-220.0
455737.1,351402.8,152.0,-208.0
455946.94,351402.8,152.0,-208.0
456156.8,351402.8,152.0,-208.0
456366.7,351402.8,152.0,-208.0
456576.53,351402.8,152.0,-208.0
456786.4,351402.8,152.0,-208.0
456996.25,351402.8,152.0,-208.0
457206.12,351402.8,152.0,-208.0
457416.0,351402.8,152.0,-208.0
457625.84,351402.8,152.0,-196.0
457835.72,351402.8,140.0,-196.0
458045.6,351402.8,140.0,-196.0
458255.44,351402.8,140.0,-196.0
458465.3,351402.8,140.0,-196.0
458675.16,351402.8,140.0,-196.0
458885.03,351402.8,140.0,-184.0
459094.9,351402.8,140.0,-184.0
459304.75,351402.8,140.0,-184.0
459514.62,351402.8,140.0,-184.0
459724.47,351402.8,140.0,-184.0
459934.34,351402.8,140.0,-184.0
460144.22,351402.8,140.0,-184.0
418381.47,351605.44,296.0,128.0
418591.34,351605.44,296.0,128.0
418801.2,351605.44,296.0,116.0
419011.06,351605.44,296.0,116.0
419220.94,351605.44,296.0,116.0
419430.78,351605.44,308.0,116.0
419640.66,351605.44,308.0,116.0
419850.5,351605.44,308.0,104.0
420060.38,351605.44,308.0,104.0
420270.25,351605.44,308.0,104.0
420480.1,351605.44,308.0,104.0
420689.97,351605.44,308.0,104.0
420899.84,351605.44,308.0,104.0
421109.7,351605.44,320.0,104.0
421319.56,351605.44,320.0,104.0
421529.4,351605.44,320.0,92.0
421739.28,351605.44,320.0,92.0
421949.16,351605.44,320.0,92.0
422159.0,351605.44,320.0,92.0
422368.88,351605.44,272.0,176.0
422578.72,351605.44,284.0,176.0
422788.6,351605.44,284.0,176.0
422998.47,351605.44,284.0,176.0
423208.3,351605.44,284.0,164.0
423418.2,351605.44,284.0,164.0
423628.06,351605.44,284.0,164.0
423837.9,351605.44,284.0,164.0
424047.78,351605.44,284.0,164.0
424257.62,351605.44,284.0,164.0
424467.5,351605.44,296.0,164.0
424677.38,351605.44,296.0,164.0
424887.22,351605.44,296.0,164.0
425097.1,351605.44,296.0,164.0
425306.94,351605.44,296.0,164.0
425516.8,351605.44,296.0,164.0
425726.7,351605.44,296.0,164.0
425936.53,351605.44,296.0,164.0
426146.4,351605.44,296.0,164.0
426356.28,351605.44,296.0,164.0
426566.12,351605.44,296.0,164.0
426776.0,351605.44,296.0,164.0
426985.84,351605.44,296.0,164.0
427195.72,351605.44,296.0,164.0
427405.6,351605.44,296.0,164.0
427615.44,351605.44,308.0,164.0
427825.3,351605.44,308.0,164.0
428035.16,351605.44,308.0,152.0
428245.03,351605.44,308.0,92.0
428454.9,351605.44,308.0,92.0
428664.75,351605.44,308.0,92.0
428874.62,351605.44,308.0,92.0
429084.5,351605.44,308.0,92.0
429294.34,351605.44,308.0,92.0
429504.22,351605.44,308.0,92.0
429714.06,351605.44,296.0,92.0
429923.94,351605.44,296.0,92.0
430133.8,351605.44,332.0,-112.0
430343.66,351605.44,332.0,-112.0
430553.53,351605.44,332.0,-112.0
430763.38,351605.44,320.0,-112.0
430973.25,351605.44,320.0,-112.0
431183.12,351605.44,320.0,-112.0
431392.97,351605.44,320.0,-112.0
431602.84,351605.44,320.0,-112.0
431812.72,351605.44,344.0,-112.0
432022.56,351605.44,344.0,-112.0
432232.44,351605.44,344.0,-112.0
432442.28,351605.44,344.0,-112.0
432652.16,351605.44,344.0,-112.0
432862.03,351605.44,344.0,-112.0
433071.88,351605.44,344.0,-112.0
433281.75,351605.44,344.0,-112.0
433491.6,351605.44,344.0,-112.0
433701.47,351605.44,344.0,-112.0
433911.34,351605.44,332.0,-112.0
434121.2,351605.44,332.0,-112.0
434331.06,351605.44,320.0,-208.0
434540.94,351605.44,320.0,-208.0
434750.78,351605.44,320.0,-208.0
434960.66,351605.44,320.0,-208.0
435170.5,351605.44,320.0,-208.0
435380.38,351605.44,308.0,-208.0
435590.25,351605.44,308.0,-208.0
435800.1,351605.44,308.0,-208.0
436009.97,351605.44,308.0,-208.0
436219.8,351605.44,308.0,-208.0
436429.7,351605.44,308.0,-208.0
436639.56,351605.44,308.0,-208.0
436849.4,351605.44,308.0,-208.0
437059.28,351605.44,284.0,-292.0
437269.16,351605.44,272.0,-292.0
437479.0,351605.44,260.0,-292.0
437688.88,351605.44,248.0,-292.0
437898.72,351605.44,248.0,44.0
438108.6,351605.44,248.0,44.0
438318.47,351605.44,248.0,44.0
438528.3,351605.44,236.0,-232.0
438738.2,351605.44,236.0,-232.0
438948.03,351605.44,236.0,-232.0
439157.9,351605.44,236.0,-232.0
439367.78,351605.44,236.0,-232.0
439577.62,351605.44,236.0,-232.0
439787.5,351605.44,236.0,-232.0
439997.38,351605.44,236.0,-232.0
440207.22,351605.44,236.0,-232.0
440417.1,351605.44,236.0,-232.0
440626.94,351605.44,236.0,-232.0
440836.8,351605.44,236.0,-232.0
441046.7,351605.44,284.0,-352.0
441256.53,351605.44,284.0,-352.0
441466.4,351605.44,284.0,-352.0
441676.25,351605.44,224.0,-400.0
441886.12,351605.44,224.0,-400.0
442096.0,351605.44,224.0,-400.0
442305.84,351605.44,224.0,-400.0
442515.72,351605.44,224.0,-400.0
442725.6,351605.44,224.0,-400.0
442935.44,351605.44,224.0,-400.0
443145.3,351605.44,224.0,-400.0
443355.16,351605.44,224.0,-400.0
443565.03,351605.44,224.0,-400.0
443774.9,351605.44,224.0,-400.0
443984.75,351605.44,224.0,-400.0
444194.62,351605.44,224.0,-400.0
444404.47,351605.44,224.0,-400.0
444614.34,351605.44,224.0,-400.0
444824.22,351605.44,224.0,-400.0
445034.06,351605.44,224.0,-400.0
445243.94,351605.44,224.0,-400.0
445453.8,351605.44,224.0,-400.0
445663.66,351605.44,224.0,-376.0
445873.53,351605.44,224.0,-376.0
446083.38,351605.44,224.0,-376.0
446293.25,351605.44,224.0,-376.0
446503.12,351605.44,224.0,-376.0
446712.97,351605.44,224.0,-376.0
446922.84,351605.44,224.0,-376.0
447132.7,351605.44,152.0,-28.0
447342.56,351605.44,152.0,-28.0
447552.44,351605.44,152.0,-28.0
447762.28,351605.44,152.0,-28.0
447972.16,351605.44,152.0,-28.0
448182.03,351605.44,152.0,-28.0
448391.88,351605.44,152.0,-28.0
448601.75,351605.44,152.0,-28.0
448811.6,351605.44,152.0,-16.0
449021.47,351605.44,152.0,-16.0
449231.34,351605.44,152.0,-16.0
449441.2,351605.44,152.0,-16.0
449651.06,351605.44,152.0,-16.0
449860.9,351605.44,140.0,-16.0
450070.78,351605.44,140.0,-16.0
450280.66,351605.44,140.0,-16.0
450490.5,351605.44,140.0,-16.0
450700.38,351605.44,140.0,-16.0
450910.25,351605.44,140.0,-16.0
451120.1,351605.44,140.0,-16.0
451329.97,351605.44,140.0,-16.0
451539.8,351605.44,140.0,-16.0
451749.7,351605.44,140.0,-16.0
451959.56,351605.44,140.0,-16.0
452169.4,351605.44,140.0,-16.0
452379.28,351605.44,128.0,-196.0
452589.12,351605.44,128.0,-196.0
452799.0,351605.44,128.0,-196.0
453008.88,351605.44,128.0,-196.0
453218.72,351605.44,128.0,-196.0
453428.6,351605.44,128.0,-196.0
453638.47,351605.44,128.0,-184.0
453848.3,351605.44,128.0,-184.0
454058.2,351605.44,128.0,-184.0
454268.03,351605.44,128.0,-184.0
454477.9,351605.44,128.0,-184.0
454687.78,351605.44,128.0,-184.0
454897.62,351605.44,128.0,-184.0
455107.5,351605.44,128.0,-184.0
455317.34,351605.44,152.0,-220.0
455527.22,351605.44,152.0,-220.0
455737.1,351605.44,152.0,-208.0
455946.94,351605.44,152.0,-208.0
456156.8,351605.44,152.0,-208.0
456366.7,351605.44,152.0,-208.0
456576.53,351605.44,152.0,-208.0
456786.4,351605.44,152.0,-208.0
456996.25,351605.44,152.0,-208.0
457206.12,351605.44,152.0,-208.0
457416.0,351605.44,152.0,-208.0
457625.84,351605.44,152.0,-196.0
457835.72,351605.44,152.0,-196.0
458045.6,351605.44,140.0,-196.0
458255.44,351605.44,140.0,-196.0
458465.3,351605.44,140.0,-196.0
458675.16,351605.44,140.0,-196.0
458885.03,351605.44,140.0,-184.0
459094.9,351605.44,140.0,-184.0
459304.75,351605.44,140.0,-184.0
459514.62,351605.44,140.0,-184.0
459724.47,351605.44,140.0,-184.0
459934.34,351605.44,140.0,-184.0
460144.22,351605.44,140.0,-184.0
418381.47,351808.06,284.0,140.0
418591.34,351808.06,296.0,140.0
418801.2,351808.06,296.0,128.0
419011.06,351808.06,296.0,128.0
419220.94,351808.06,296.0,116.0
419430.78,351808.06,296.0,116.0
419640.66,351808.06,296.0,116.0
419850.5,351808.06,308.0,116.0
420060.38,351808.06,308.0,104.0
420270.25,351808.06,308.0,104.0
420480.1,351808.06,308.0,104.0
420689.97,351808.06,308.0,104.0
420899.84,351808.06,308.0,104.0
421109.7,351808.06,308.0,104.0
421319.56,351808.06,320.0,104.0
421529.4,351808.06,320.0,92.0
421739.28,351808.06,320.0,92.0
421949.16,351808.06,320.0,92.0
422159.0,351808.06,320.0,92.0
422368.88,351808.06,272.0,176.0
422578.72,351808.06,284.0,176.0
422788.6,351808.06,284.0,176.0
422998.47,351808.06,284.0,176.0
423208.3,351808.06,284.0,164.0
423418.2,351808.06,284.0,164.0
423628.06,351808.06,284.0,164.0
423837.9,351808.06,284.0,164.0
424047.78,351808.06,284.0,164.0
424257.62,351808.06,296.0,164.0
424467.5,351808.06,296.0,164.0
424677.38,351808.06,296.0,164.0
424887.22,351808.06,296.0,164.0
425097.1,351808.06,296.0,164.0
425306.94,351808.06,296.0,164.0
425516.8,351808.06,296.0,164.0
425726.7,351808.06,296.0,164.0
425936.53,351808.06,296.0,164.0
426146.4,351808.06,296.0,164.0
426356.28,351808.06,296.0,164.0
426566.12,351808.06,296.0,164.0
426776.0,351808.06,296.0,164.0
426985.84,351808.06,296.0,164.0
427195.72,351808.06,296.0,164.0
427405.6,351808.06,296.0,164.0
427615.44,351808.06,296.0,164.0
427825.3,351808.06,308.0,164.0
428035.16,351808.06,296.0,152.0
428245.03,351808.06,308.0,92.0
428454.9,351808.06,308.0,92.0
428664.75,351808.06,308.0,92.0
428874.62,351808.06,308.0,92.0
429084.5,351808.06,308.0,92.0
429294.34,351808.06,308.0,92.0
429504.22,351808.06,308.0,92.0
429714.06,351808.06,296.0,92.0
429923.94,351808.06,296.0,92.0
430133.8,351808.06,320.0,-112.0
430343.66,351808.06,320.0,-112.0
430553.53,351808.06,320.0,-112.0
430763.38,351808.06,320.0,-112.0
430973.25,351808.06,320.0,-112.0
431183.12,351808.06,320.0,-112.0
431392.97,351808.06,320.0,-112.0
431602.84,351808.06,320.0,-112.0
431812.72,351808.06,320.0,-112.0
432022.56,351808.06,344.0,-112.0
432232.44,351808.06,344.0,-112.0
432442.28,351808.06,344.0,-112.0
432652.16,351808.06,344.0,-112.0
432862.03,351808.06,344.0,-112.0
433071.88,351808.06,344.0,-112.0
433281.75,351808.06,344.0,-112.0
433491.6,351808.06,344.0,-112.0
433701.47,351808.06,344.0,-112.0
433911.34,351808.06,332.0,-112.0
434121.2,351808.06,332.0,-112.0
434331.06,351808.06,320.0,-208.0
434540.94,351808.06,320.0,-208.0
434750.78,351808.06,320.0,-208.0
434960.66,351808.06,320.0,-208.0
435170.5,351808.06,320.0,-208.0
435380.38,351808.06,308.0,-208.0
435590.25,351808.06,308.0,-208.0
435800.1,351808.06,308.0,-208.0
436009.97,351808.06,308.0,-208.0
436219.8,351808.06,308.0,-208.0
436429.7,351808.06,308.0,-208.0
436639.56,351808.06,308.0,-208.0
436849.4,351808.06,236.0,-304.0
437059.28,351808.06,284.0,-292.0
437269.16,351808.06,272.0,-292.0
437479.0,351808.06,272.0,-292.0
437688.88,351808.06,272.0,-292.0
437898.72,351808.06,272.0,-292.0
438108.6,351808.06,272.0,-292.0
438318.47,351808.06,272.0,-292.0
438528.3,351808.06,236.0,-232.0
438738.2,351808.06,236.0,-232.0
438948.03,351808.06,236.0,-232.0
439157.9,351808.06,236.0,-232.0
439367.78,351808.06,236.0,-232.0
439577.62,351808.06,236.0,-232.0
439787.5,351808.06,236.0,-232.0
439997.38,351808.06,236.0,-232.0
440207.22,351808.06,236.0,-232.0
440417.1,351808.06,236.0,-232.0
440626.94,351808.06,236.0,-232.0
440836.8,351808.06,284.0,-352.0
441046.7,351808.06,284.0,-352.0
441256.53,351808.06,284.0,-352.0
441466.4,351808.06,284.0,-352.0
441676.25,351808.06,224.0,-400.0
441886.12,351808.06,224.0,-400.0
442096.0,351808.06,224.0,-400.0
442305.84,351808.06,224.0,-400.0
442515.72,351808.06,224.0,-400.0
442725.6,351808.06,224.0,-400.0
442935.44,351808.06,224.0,-400.0
443145.3,351808.06,224.0,-400.0
443355.16,351808.06,224.0,-400.0
443565.03,351808.06,224.0,-400.0
443774.9,351808.06,224.0,-400.0
443984.75,351808.06,224.0,-400.0
444194.62,351808.06,224.0,-400.0
444404.47,351808.06,224.0,-400.0
444614.34,351808.06,224.0,-400.0
444824.22,351808.06,224.0,-400.0
445034.06,351808.06,224.0,-400.0
445243.94,351808.06,224.0,-400.0
445453.8,351808.06,236.0,-376.0
445663.66,351808.06,236.0,-376.0
445873.53,351808.06,224.0,-376.0
446083.38,351808.06,224.0,-376.0
446293.25,351808.06,224.0,-376.0
446503.12,351808.06,224.0,-376.0
446712.97,351808.06,224.0,-376.0
446922.84,351808.06,224.0,-376.0
447132.7,351808.06,152.0,-28.0
447342.56,351808.06,152.0,-28.0
447552.44,351808.06,152.0,-28.0
447762.28,351808.06,152.0,-28.0
447972.16,351808.06,152.0,-28.0
448182.03,351808.06,152.0,-28.0
448391.88,351808.06,152.0,-28.0
448601.75,351808.06,152.0,-28.0
448811.6,351808.06,152.0,-28.0
449021.47,351808.06,152.0,-16.0
449231.34,351808.06,152.0,-16.0
449441.2,351808.06,152.0,-16.0
449651.06,351808.06,152.0,-16.0
449860.9,351808.06,152.0,-16.0
450070.78,351808.06,140.0,-16.0
450280.66,351808.06,140.0,-16.0
450490.5,351808.06,140.0,-16.0
450700.38,351808.06,140.0,-16.0
450910.25,351808.06,140.0,-16.0
451120.1,351808.06,140.0,-16.0
451329.97,351808.06,140.0,-16.0
451539.8,351808.06,140.0,-16.0
451749.7,351808.06,140.0,-16.0
451959.56,351808.06,140.0,-16.0
452169.4,351808.06,140.0,-16.0
452379.28,351808.06,140.0,-196.0
452589.12,351808.06,140.0,-196.0
452799.0,351808.06,128.0,-196.0
453008.88,351808.06,128.0,-196.0
453218.72,351808.06,128.0,-196.0
453428.6,351808.06,128.0,-184.0
453638.47,351808.06,128.0,-184.0
453848.3,351808.06,128.0,-184.0
454058.2,351808.06,128.0,-184.0
454268.03,351808.06,128.0,-184.0
454477.9,351808.06,128.0,-184.0
454687.78,351808.06,128.0,-184.0
454897.62,351808.06,128.0,-184.0
455107.5,351808.06,128.0,-184.0
455317.34,351808.06,152.0,-220.0
455527.22,351808.06,152.0,-220.0
455737.1,351808.06,152.0,-208.0
455946.94,351808.06,152.0,-208.0
456156.8,351808.06,152.0,-208.0
456366.7,351808.06,152.0,-208.0
456576.53,351808.06,152.0,-208.0
456786.4,351808.06,152.0,-208.0
456996.25,351808.06,152.0,-208.0
457206.12,351808.06,152.0,-208.0
457416.0,351808.06,152.0,-196.0
457625.84,351808.06,152.0,-196.0
457835.72,351808.06,152.0,-196.0
458045.6,351808.06,152.0,-196.0
458255.44,351808.06,140.0,-196.0
458465.3,351808.06,140.0,-196.0
458675.16,351808.06,140.0,-184.0
458885.03,351808.06,140.0,-184.0
459094.9,351808.06,140.0,-184.0
459304.75,351808.06,140.0,-184.0
459514.62,351808.06,140.0,-184.0
459724.47,351808.06,140.0,-184.0
459934.34,351808.06,140.0,-184.0
460144.22,351808.06,104.0,-532.0
418381.47,352010.7,272.0,200.0
418591.34,352010.7,284.0,152.0
418801.2,352010.7,284.0,140.0
419011.06,352010.7,284.0,128.0
419220.94,352010.7,296.0,128.0
419430.78,352010.7,296.0,116.0
419640.66,352010.7,296.0,116.0
419850.5,352010.7,296.0,116.0
420060.38,352010.7,296.0,116.0
420270.25,352010.7,308.0,116.0
420480.1,352010.7,308.0,104.0
420689.97,352010.7,308.0,104.0
420899.84,352010.7,308.0,104.0
421109.7,352010.7,308.0,104.0
421319.56,352010.7,308.0,104.0
421529.4,352010.7,308.0,104.0
421739.28,352010.7,320.0,92.0
421949.16,352010.7,320.0,92.0
422159.0,352010.7,272.0,176.0
422368.88,352010.7,272.0,176.0
422578.72,352010.7,272.0,176.0
422788.6,352010.7,284.0,176.0
422998.47,352010.7,284.0,176.0
423208.3,352010.7,284.0,164.0
423418.2,352010.7,284.0,164.0
423628.06,352010.7,284.0,164.0
423837.9,352010.7,284.0,164.0
424047.78,352010.7,284.0,164.0
424257.62,352010.7,296.0,164.0
424467.5,352010.7,296.0,164.0
424677.38,352010.7,296.0,164.0
424887.22,352010.7,296.0,164.0
425097.1,352010.7,296.0,164.0
425306.94,352010.7,296.0,164.0
425516.8,352010.7,296.0,164.0
425726.7,352010.7,296.0,164.0
425936.53,352010.7,296.0,164.0
426146.4,352010.7,296.0,164.0
426356.28,352010.7,296.0,164.0
426566.12,352010.7,296.0,164.0
426776.0,352010.7,296.0,164.0
426985.84,352010.7,296.0,164.0
427195.72,352010.7,296.0,164.0
427405.6,352010.7,296.0,164.0
427615.44,352010.7,296.0,164.0
427825.3,352010.7,296.0,152.0
428035.16,352010.7,296.0,152.0
428245.03,352010.7,308.0,92.0
428454.9,352010.7,308.0,92.0
428664.75,352010.7,308.0,92.0
428874.62,352010.7,308.0,92.0
429084.5,352010.7,308.0,92.0
429294.34,352010.7,308.0,92.0
429504.22,352010.7,296.0,92.0
429714.06,352010.7,296.0,92.0
429923.94,352010.7,296.0,92.0
430133.8,352010.7,320.0,-112.0
430343.66,352010.7,320.0,-112.0
430553.53,352010.7,320.0,-112.0
430763.38,352010.7,320.0,-112.0
430973.25,352010.7,320.0,-112.0
431183.12,352010.7,320.0,-112.0
431392.97,352010.7,320.0,-112.0
431602.84,352010.7,320.0,-112.0
431812.72,352010.7,320.0,-112.0
432022.56,352010.7,320.0,-112.0
432232.44,352010.7,344.0,-112.0
432442.28,352010.7,344.0,-112.0
432652.16,352010.7,344.0,-112.0
432862.03,352010.7,344.0,-112.0
433071.88,352010.7,344.0,-112.0
433281.75,352010.7,344.0,-112.0
433491.6,352010.7,344.0,-112.0
433701.47,352010.7,344.0,-112.0
433911.34,352010.7,332.0,-112.0
434121.2,352010.7,296.0,-256.0
434331.06,352010.7,296.0,-256.0
434540.94,352010.7,296.0,-256.0
434750.78,352010.7,320.0,-208.0
434960.66,352010.7,320.0,-208.0
435170.5,352010.7,320.0,-208.0
435380.38,352010.7,308.0,-208.0
435590.25,352010.7,308.0,-208.0
435800.1,352010.7,308.0,-208.0
436009.97,352010.7,308.0,-208.0
436219.8,352010.7,308.0,-208.0
436429.7,352010.7,308.0,-208.0
436639.56,352010.7,308.0,-208.0
436849.4,352010.7,236.0,-304.0
437059.28,352010.7,284.0,-292.0
437269.16,352010.7,284.0,-292.0
437479.0,352010.7,272.0,-292.0
437688.88,352010.7,272.0,-292.0
437898.72,352010.7,272.0,-292.0
438108.6,352010.7,272.0,-292.0
438318.47,352010.7,272.0,-292.0
438528.3,352010.7,272.0,-292.0
438738.2,352010.7,248.0,-232.0
438948.03,352010.7,236.0,-232.0
439157.9,352010.7,236.0,-232.0
439367.78,352010.7,236.0,-232.0
439577.62,352010.7,236.0,-232.0
439787.5,352010.7,236.0,-232.0
439997.38,352010.7,236.0,-232.0
440207.22,352010.7,236.0,-232.0
440417.1,352010.7,236.0,-232.0
440626.94,352010.7,296.0,-352.0
440836.8,352010.7,284.0,-352.0
441046.7,352010.7,284.0,-352.0
441256.53,352010.7,284.0,-352.0
441466.4,352010.7,284.0,-352.0
441676.25,352010.7,224.0,-400.0
441886.12,352010.7,224.0,-400.0
442096.0,352010.7,224.0,-400.0
442305.84,352010.7,224.0,-400.0
442515.72,352010.7,224.0,-400.0
442725.6,352010.7,224.0,-400.0
442935.44,352010.7,224.0,-400.0
443145.3,352010.7,224.0,-400.0
443355.16,352010.7,224.0,-400.0
443565.03,352010.7,224.0,-400.0
443774.9,352010.7,224.0,-400.0
443984.75,352010.7,224.0,-400.0
444194.62,352010.7,224.0,-400.0
444404.47,352010.7,224.0,-400.0
444614.34,352010.7,224.0,-400.0
444824.22,352010.7,224.0,-400.0
445034.06,352010.7,224.0,-400.0
445243.94,352010.7,224.0,-400.0
445453.8,352010.7,236.0,-376.0
445663.66,352010.7,236.0,-376.0
445873.53,352010.7,236.0,-376.0
446083.38,352010.7,236.0,-376.0
446293.25,352010.7,236.0,-376.0
446503.12,352010.7,224.0,-376.0
446712.97,352010.7,224.0,-376.0
446922.84,352010.7,224.0,-376.0
447132.7,352010.7,152.0,-28.0
447342.56,352010.7,152.0,-28.0
447552.44,352010.7,152.0,-28.0
447762.28,352010.7,152.0,-28.0
447972.16,352010.7,152.0,-28.0
448182.03,352010.7,152.0,-28.0
448391.88,352010.7,152.0,-28.0
448601.75,352010.7,152.0,-28.0
448811.6,352010.7,152.0,-28.0
449021.47,352010.7,152.0,-28.0
449231.34,352010.7,152.0,-16.0
449441.2,352010.7,152.0,-16.0
449651.06,352010.7,152.0,-16.0
449860.9,352010.7,152.0,-16.0
450070.78,352010.7,152.0,-16.0
450280.66,352010.7,152.0,-16.0
450490.5,352010.7,140.0,-16.0
450700.38,352010.7,140.0,-16.0
450910.25,352010.7,140.0,-16.0
451120.1,352010.7,140.0,-16.0
451329.97,352010.7,140.0,-16.0
451539.8,352010.7,140.0,-16.0
451749.7,352010.7,140.0,-16.0
451959.56,352010.7,140.0,-16.0
452169.4,352010.7,140.0,-196.0
452379.28,352010.7,140.0,-196.0
452589.12,352010.7,140.0,-196.0
452799.0,352010.7,140.0,-196.0
453008.88,352010.7,140.0,-196.0
453218.72,352010.7,140.0,-196.0
453428.6,352010.7,128.0,-184.0
453638.47,352010.7,128.0,-184.0
453848.3,352010.7,128.0,-184.0
454058.2,352010.7,128.0,-184.0
454268.03,352010.7,128.0,-184.0
454477.9,352010.7,128.0,-184.0
454687.78,352010.7,128.0,-184.0
454897.62,352010.7,128.0,-184.0
455107.5,352010.7,152.0,-220.0
455317.34,352010.7,152.0,-220.0
455527.22,352010.7,152.0,-208.0
455737.1,352010.7,152.0,-208.0
455946.94,352010.7,152.0,-208.0
456156.8,352010.7,152.0,-208.0
456366.7,352010.7,152.0,-208.0
456576.53,352010.7,152.0,-208.0
456786.4,352010.7,152.0,-208.0
456996.25,352010.7,152.0,-208.0
457206.12,352010.7,152.0,-208.0
457416.0,352010.7,152.0,-196.0
457625.84,352010.7,152.0,-196.0
457835.72,352010.7,152.0,-196.0
458045.6,352010.7,152.0,-196.0
458255.44,352010.7,152.0,-196.0
458465.3,352010.7,140.0,-196.0
458675.16,352010.7,140.0,-184.0
458885.03,352010.7,140.0,-184.0
459094.9,352010.7,140.0,-184.0
459304.75,352010.7,140.0,-184.0
459514.62,352010.7,140.0,-184.0
459724.47,352010.7,140.0,-184.0
459934.34,352010.7,104.0,-532.0
460144.22,352010.7,104.0,-532.0
418381.47,352213.28,260.0,248.0
418591.34,352213.28,260.0,236.0
418801.2,352213.28,272.0,176.0
419011.06,352213.28,272.0,152.0
419220.94,352213.28,284.0,140.0
419430.78,352213.28,284.0,128.0
419640.66,352213.28,284.0,128.0
419850.5,352213.28,296.0,116.0
420060.38,352213.28,296.0,116.0
420270.25,352213.28,296.0,116.0
420480.1,352213.28,296.0,116.0
420689.97,352213.28,296.0,104.0
420899.84,352213.28,308.0,104.0
421109.7,352213.28,308.0,104.0
421319.56,352213.28,308.0,104.0
421529.4,352213.28,308.0,104.0
421739.28,352213.28,308.0,104.0
421949.16,352213.28,308.0,92.0
422159.0,352213.28,272.0,176.0
422368.88,352213.28,272.0,176.0
422578.72,352213.28,272.0,176.0
422788.6,352213.28,272.0,176.0
422998.47,352213.28,284.0,176.0
423208.3,352213.28,284.0,176.0
423418.2,352213.28,284.0,164.0
423628.06,352213.28,284.0,164.0
423837.9,352213.28,284.0,164.0
424047.78,352213.28,284.0,164.0
424257.62,352213.28,296.0,164.0
424467.5,352213.28,296.0,164.0
424677.38,352213.28,296.0,164.0
424887.22,352213.28,296.0,164.0
425097.1,352213.28,296.0,164.0
425306.94,352213.28,296.0,164.0
425516.8,352213.28,296.0,164.0
425726.7,352213.28,296.0,164.0
425936.53,352213.28,296.0,164.0
426146.4,352213.28,296.0,164.0
426356.28,352213.28,296.0,164.0
426566.12,352213.28,296.0,164.0
426776.0,352213.28,296.0,164.0
426985.84,352213.28,296.0,164.0
427195.72,352213.28,296.0,164.0
427405.6,352213.28,296.0,164.0
427615.44,352213.28,296.0,164.0
427825.3,352213.28,296.0,152.0
428035.16,352213.28,308.0,92.0
428245.03,352213.28,308.0,92.0
428454.9,352213.28,308.0,92.0
428664.75,352213.28,308.0,92.0
428874.62,352213.28,308.0,92.0
429084.5,352213.28,308.0,92.0
429294.34,352213.28,296.0,92.0
429504.22,352213.28,296.0,92.0
429714.06,352213.28,296.0,92.0
429923.94,352213.28,296.0,92.0
430133.8,352213.28,320.0,-112.0
430343.66,352213.28,320.0,-112.0
430553.53,352213.28,320.0,-112.0
430763.38,352213.28,320.0,-112.0
430973.25,352213.28,320.0,-112.0
431183.12,352213.28,320.0,-112.0
431392.97,352213.28,320.0,-112.0
431602.84,352213.28,320.0,-112.0
431812.72,352213.28,320.0,-112.0
432022.56,352213.28,320.0,-112.0
432232.44,352213.28,344.0,-112.0
432442.28,352213.28,344.0,-112.0
432652.16,352213.28,344.0,-112.0
432862.03,352213.28,344.0,-112.0
433071.88,352213.28,344.0,-112.0
433281.75,352213.28,344.0,-112.0
433491.6,352213.28,344.0,-112.0
433701.47,352213.28,344.0,-112.0
433911.34,352213.28,296.0,-256.0
434121.2,352213.28,296.0,-256.0
434331.06,352213.28,296.0,-256.0
434540.94,352213.28,296.0,-256.0
434750.78,352213.28,296.0,-256.0
434960.66,352213.28,320.0,-208.0
435170.5,352213.28,320.0,-208.0
435380.38,352213.28,308.0,-208.0
435590.25,352213.28,308.0,-208.0
435800.1,352213.28,308.0,-208.0
436009.97,352213.28,308.0,-208.0
436219.8,352213.28,308.0,-208.0
436429.7,352213.28,308.0,-208.0
436639.56,352213.28,236.0,-304.0
436849.4,352213.28,236.0,-304.0
437059.28,352213.28,236.0,-304.0
437269.16,352213.28,284.0,-292.0
437479.0,352213.28,284.0,-292.0
437688.88,352213.28,284.0,-292.0
437898.72,352213.28,272.0,-292.0
438108.6,352213.28,272.0,-292.0
438318.47,352213.28,272.0,-292.0
438528.3,352213.28,272.0,-292.0
438738.2,352213.28,236.0,-316.0
438948.03,352213.28,236.0,-316.0
439157.9,352213.28,236.0,-316.0
439367.78,352213.28,236.0,-316.0
439577.62,352213.28,236.0,-316.0
439787.5,352213.28,248.0,-232.0
439997.38,352213.28,248.0,-232.0
440207.22,352213.28,236.0,-232.0
440417.1,352213.28,296.0,-352.0
440626.94,352213.28,296.0,-352.0
440836.8,352213.28,296.0,-352.0
441046.7,352213.28,296.0,-352.0
441256.53,352213.28,296.0,-352.0
441466.4,352213.28,296.0,-352.0
441676.25,352213.28,224.0,-400.0
441886.12,352213.28,224.0,-400.0
442096.0,352213.28,224.0,-400.0
442305.84,352213.28,224.0,-400.0
442515.72,352213.28,224.0,-400.0
442725.6,352213.28,224.0,-400.0
442935.44,352213.28,224.0,-400.0
443145.3,352213.28,224.0,-400.0
443355.16,352213.28,224.0,-400.0
443565.03,352213.28,224.0,-400.0
443774.9,352213.28,224.0,-400.0
443984.75,352213.28,224.0,-400.0
444194.62,352213.28,224.0,-400.0
444404.47,352213.28,224.0,-400.0
444614.34,352213.28,224.0,-400.0
444824.22,352213.28,224.0,-400.0
445034.06,352213.28,224.0,-400.0
445243.94,352213.28,236.0,-376.0
445453.8,352213.28,236.0,-376.0
445663.66,352213.28,236.0,-376.0
445873.53,352213.28,236.0,-376.0
446083.38,352213.28,236.0,-376.0
446293.25,352213.28,236.0,-376.0
446503.12,352213.28,236.0,-376.0
446712.97,352213.28,224.0,-376.0
446922.84,352213.28,224.0,-376.0
447132.7,352213.28,224.0,-376.0
447342.56,352213.28,152.0,-28.0
447552.44,352213.28,152.0,-28.0
447762.28,352213.28,152.0,-28.0
447972.16,352213.28,152.0,-28.0
448182.03,352213.28,152.0,-28.0
448391.88,352213.28,152.0,-28.0
448601.75,352213.28,152.0,-28.0
448811.6,352213.28,152.0,-28.0
449021.47,352213.28,152.0,-28.0
449231.34,352213.28,152.0,-28.0
449441.2,352213.28,152.0,-16.0
449651.06,352213.28,152.0,-16.0
449860.9,352213.28,152.0,-16.0
450070.78,352213.28,152.0,-16.0
450280.66,352213.28,152.0,-16.0
450490.5,352213.28,152.0,-16.0
450700.38,352213.28,140.0,-16.0
450910.25,352213.28,140.0,-16.0
451120.1,352213.28,140.0,-16.0
451329.97,352213.28,140.0,-16.0
451539.8,352213.28,140.0,-16.0
451749.7,352213.28,140.0,-16.0
451959.56,352213.28,140.0,-16.0
452169.4,352213.28,140.0,-196.0
452379.28,352213.28,140.0,-196.0
452589.12,352213.28,140.0,-196.0
452799.0,352213.28,140.0,-196.0
453008.88,352213.28,140.0,-196.0
453218.72,352213.28,140.0,-184.0
453428.6,352213.28,140.0,-184.0
453638.47,352213.28,140.0,-184.0
453848.3,352213.28,140.0,-184.0
454058.2,352213.28,128.0,-184.0
454268.03,352213.28,128.0,-184.0
454477.9,352213.28,128.0,-184.0
454687.78,352213.28,128.0,-184.0
454897.62,352213.28,164.0,-220.0
455107.5,352213.28,152.0,-220.0
455317.34,352213.28,152.0,-220.0
455527.22,352213.28,152.0,-208.0
455737.1,352213.28,152.0,-208.0
455946.94,352213.28,152.0,-208.0
456156.8,352213.28,152.0,-208.0
456366.7,352213.28,152.0,-208.0
456576.53,352213.28,152.0,-208.0
456786.4,352213.28,152.0,-208.0
456996.25,352213.28,152.0,-208.0
457206.12,352213.28,152.0,-196.0
457416.0,352213.28,152.0,-196.0
457625.84,352213.28,152.0,-196.0
457835.72,352213.28,152.0,-196.0
458045.6,352213.28,152.0,-196.0
458255.44,352213.28,152.0,-196.0
458465.3,352213.28,140.0,-184.0
458675.16,352213.28,140.0,-184.0
458885.03,352213.28,140.0,-184.0
459094.9,352213.28,140.0,-184.0
459304.75,352213.28,140.0,-184.0
459514.62,352213.28,140.0,-184.0
459724.47,352213.28,116.0,-532.0
459934.34,352213.28,104.0,-532.0
460144.22,352213.28,104.0,-532.0
418381.47,352415.9,,
418591.34,352415.9,,
418801.2,352415.9,,
419011.06,352415.9,260.0,188.0
419220.94,352415.9,260.0,176.0
419430.78,352415.9,272.0,152.0
419640.66,352415.9,272.0,140.0
419850.5,352415.9,284.0,128.0
420060.38,352415.9,284.0,128.0
420270.25,352415.9,284.0,116.0
420480.1,352415.9,296.0,116.0
420689.97,352415.9,296.0,116.0
420899.84,352415.9,296.0,116.0
421109.7,352415.9,296.0,104.0
421319.56,352415.9,296.0,104.0
421529.4,352415.9,308.0,104.0
421739.28,352415.9,308.0,104.0
421949.16,352415.9,272.0,176.0
422159.0,352415.9,272.0,176.0
422368.88,352415.9,272.0,176.0
422578.72,352415.9,272.0,176.0
422788.6,352415.9,272.0,176.0
422998.47,352415.9,272.0,176.0
423208.3,352415.9,284.0,176.0
423418.2,352415.9,284.0,164.0
423628.06,352415.9,284.0,164.0
423837.9,352415.9,284.0,164.0
424047.78,352415.9,284.0,164.0
424257.62,352415.9,284.0,164.0
424467.5,352415.9,296.0,164.0
424677.38,352415.9,296.0,164.0
424887.22,352415.9,296.0,164.0
425097.1,352415.9,296.0,164.0
425306.94,352415.9,296.0,164.0
425516.8,352415.9,296.0,164.0
425726.7,352415.9,296.0,164.0
425936.53,352415.9,296.0,164.0
426146.4,352415.9,296.0,164.0
426356.28,352415.9,296.0,164.0
426566.12,352415.9,296.0,164.0
426776.0,352415.9,296.0,164.0
426985.84,352415.9,296.0,164.0
427195.72,352415.9,296.0,164.0
427405.6,352415.9,296.0,164.0
427615.44,352415.9,296.0,164.0
427825.3,352415.9,296.0,152.0
428035.16,352415.9,308.0,92.0
428245.03,352415.9,308.0,92.0
428454.9,352415.9,308.0,92.0
428664.75,352415.9,308.0,92.0
428874.62,352415.9,308.0,92.0
429084.5,352415.9,308.0,92.0
429294.34,352415.9,296.0,92.0
429504.22,352415.9,296.0,92.0
429714.06,352415.9,296.0,92.0
429923.94,352415.9,296.0,92.0
430133.8,352415.9,296.0,-112.0
430343.66,352415.9,320.0,-112.0
430553.53,352415.9,320.0,-112.0
430763.38,352415.9,320.0,-112.0
430973.25,352415.9,320.0,-112.0
431183.12,352415.9,320.0,-112.0
431392.97,352415.9,320.0,-112.0
431602.84,352415.9,320.0,-112.0
431812.72,352415.9,320.0,-112.0
432022.56,352415.9,320.0,-124.0
432232.44,352415.9,320.0,-124.0
432442.28,352415.9,344.0,-112.0
432652.16,352415.9,344.0,-112.0
432862.03,352415.9,344.0,-112.0
433071.88,352415.9,344.0,-112.0
433281.75,352415.9,344.0,-112.0
433491.6,352415.9,344.0,-112.0
433701.47,352415.9,344.0,-112.0
433911.34,352415.9,296.0,-256.0
434121.2,352415.9,296.0,-256.0
434331.06,352415.9,296.0,-256.0
434540.94,352415.9,296.0,-256.0
434750.78,352415.9,296.0,-256.0
434960.66,352415.9,296.0,-256.0
435170.5,352415.9,296.0,-256.0
435380.38,352415.9,320.0,-208.0
435590.25,352415.9,308.0,-208.0
435800.1,352415.9,308.0,-208.0
436009.97,352415.9,308.0,-208.0
436219.8,352415.9,308.0,-208.0
436429.7,352415.9,248.0,-304.0
436639.56,352415.9,248.0,-304.0
436849.4,352415.9,236.0,-304.0
437059.28,352415.9,236.0,-304.0
437269.16,352415.9,236.0,-304.0
437479.0,352415.9,284.0,-292.0
437688.88,352415.9,284.0,-292.0
437898.72,352415.9,284.0,-292.0
438108.6,352415.9,284.0,-292.0
438318.47,352415.9,284.0,-292.0
438528.3,352415.9,284.0,-292.0
438738.2,352415.9,236.0,-316.0
438948.03,352415.9,236.0,-316.0
439157.9,352415.9,236.0,-316.0
439367.78,352415.9,236.0,-316.0
439577.62,352415.9,236.0,-316.0
439787.5,352415.9,236.0,-316.0
439997.38,352415.9,236.0,-316.0
440207.22,352415.9,236.0,-316.0
440417.1,352415.9,296.0,-352.0
440626.94,352415.9,296.0,-352.0
440836.8,352415.9,296.0,-352.0
441046.7,352415.9,296.0,-352.0
441256.53,352415.9,296.0,-352.0
441466.4,352415.9,296.0,-352.0
441676.25,352415.9,296.0,-352.0
441886.12,352415.9,236.0,-400.0
442096.0,352415.9,236.0,-400.0
442305.84,352415.9,236.0,-400.0
442515.72,352415.9,236.0,-400.0
442725.6,352415.9,236.0,-400.0
442935.44,352415.9,236.0,-400.0
443145.3,352415.9,224.0,-400.0
443355.16,352415.9,224.0,-400.0
443565.03,352415.9,224.0,-400.0
443774.9,352415.9,224.0,-400.0
443984.75,352415.9,224.0,-400.0
444194.62,352415.9,224.0,-400.0
444404.47,352415.9,224.0,-400.0
444614.34,352415.9,224.0,-400.0
444824.22,352415.9,224.0,-400.0
445034.06,352415.9,236.0,-376.0
445243.94,352415.9,236.0,-376.0
445453.8,352415.9,236.0,-376.0
445663.66,352415.9,236.0,-376.0
445873.53,352415.9,236.0,-376.0
446083.38,352415.9,236.0,-376.0
446293.25,352415.9,236.0,-376.0
446503.12,352415.9,236.0,-376.0
446712.97,352415.9,224.0,-376.0
446922.84,352415.9,224.0,-376.0
447132.7,352415.9,224.0,-376.0
447342.56,352415.9,152.0,-28.0
447552.44,352415.9,152.0,-28.0
447762.28,352415.9,152.0,-28.0
447972.16,352415.9,152.0,-28.0
448182.03,352415.9,152.0,-28.0
448391.88,352415.9,152.0,-28.0
448601.75,352415.9,152.0,-28.0
448811.6,352415.9,152.0,-28.0
449021.47,352415.9,152.0,-28.0
449231.34,352415.9,152.0,-28.0
449441.2,352415.9,152.0,-28.0
449651.06,352415.9,152.0,-16.0
449860.9,352415.9,152.0,-16.0
450070.78,352415.9,152.0,-16.0
450280.66,352415.9,152.0,-16.0
450490.5,352415.9,152.0,-16.0
450700.38,352415.9,152.0,-16.0
450910.25,352415.9,152.0,-16.0
451120.1,352415.9,140.0,-16.0
451329.97,352415.9,140.0,-16.0
451539.8,352415.9,140.0,-16.0
451749.7,352415.9,140.0,-16.0
451959.56,352415.9,140.0,-196.0
452169.4,352415.9,140.0,-196.0
452379.28,352415.9,140.0,-196.0
452589.12,352415.9,140.0,-196.0
452799.0,352415.9,140.0,-196.0
453008.88,352415.9,140.0,-196.0
453218.72,352415.9,140.0,-184.0
453428.6,352415.9,140.0,-184.0
453638.47,352415.9,140.0,-184.0
453848.3,352415.9,140.0,-184.0
454058.2,352415.9,140.0,-184.0
454268.03,352415.9,128.0,-184.0
454477.9,352415.9,128.0,-184.0
454687.78,352415.9,128.0,-184.0
454897.62,352415.9,164.0,-220.0
455107.5,352415.9,164.0,-220.0
455317.34,352415.9,152.0,-208.0
455527.22,352415.9,152.0,-208.0
455737.1,352415.9,152.0,-208.0
455946.94,352415.9,152.0,-208.0
456156.8,352415.9,152.0,-208.0
456366.7,352415.9,152.0,-208.0
456576.53,352415.9,152.0,-208.0
456786.4,352415.9,152.0,-208.0
456996.25,352415.9,152.0,-208.0
457206.12,352415.9,152.0,-196.0
457416.0,352415.9,152.0,-196.0
457625.84,352415.9,152.0,-196.0
457835.72,352415.9,152.0,-196.0
458045.6,352415.9,152.0,-196.0
458255.44,352415.9,152.0,-196.0
458465.3,352415.9,152.0,-184.0
458675.16,352415.9,140.0,-184.0
458885.03,352415.9,140.0,-184.0
459094.9,352415.9,140.0,-184.0
459304.75,352415.9,140.0,-184.0
459514.62,352415.9,116.0,-532.0
459724.47,352415.9,116.0,-532.0
459934.34,352415.9,116.0,-532.0
460144.22,352415.9,116.0,-532.0
418381.47,352618.53,,
418591.34,352618.53,,
418801.2,352618.53,,
419011.06,352618.53,,
419220.94,352618.53,,
419430.78,352618.53,236.0,188.0
419640.66,352618.53,260.0,176.0
419850.5,352618.53,260.0,152.0
420060.38,352618.53,272.0,140.0
420270.25,352618.53,272.0,128.0
420480.1,352618.53,284.0,128.0
420689.97,352618.53,284.0,128.0
420899.84,352618.53,284.0,116.0
421109.7,352618.53,296.0,116.0
421319.56,352618.53,296.0,116.0
421529.4,352618.53,296.0,116.0
421739.28,352618.53,296.0,104.0
421949.16,352618.53,260.0,176.0
422159.0,352618.53,272.0,176.0
422368.88,352618.53,272.0,176.0
422578.72,352618.53,272.0,176.0
422788.6,352618.53,272.0,176.0
422998.47,352618.53,272.0,176.0
423208.3,352618.53,272.0,176.0
423418.2,352618.53,284.0,164.0
423628.06,352618.53,284.0,164.0
423837.9,352618.53,284.0,164.0
424047.78,352618.53,284.0,164.0
424257.62,352618.53,284.0,164.0
424467.5,352618.53,296.0,164.0
424677.38,352618.53,296.0,164.0
424887.22,352618.53,296.0,164.0
425097.1,352618.53,296.0,164.0
425306.94,352618.53,296.0,164.0
425516.8,352618.53,296.0,164.0
425726.7,352618.53,296.0,164.0
425936.53,352618.53,296.0,164.0
426146.4,352618.53,296.0,164.0
426356.28,352618.53,296.0,164.0
426566.12,352618.53,296.0,164.0
426776.0,352618.53,296.0,164.0
426985.84,352618.53,296.0,164.0
427195.72,352618.53,296.0,164.0
427405.6,352618.53,296.0,164.0
427615.44,352618.53,296.0,164.0
427825.3,352618.53,296.0,164.0
428035.16,352618.53,308.0,92.0
428245.03,352618.53,308.0,92.0
428454.9,352618.53,308.0,92.0
428664.75,352618.53,308.0,92.0
428874.62,352618.53,308.0,92.0
429084.5,352618.53,308.0,92.0
429294.34,352618.53,296.0,92.0
429504.22,352618.53,296.0,92.0
429714.06,352618.53,296.0,92.0
429923.94,352618.53,296.0,92.0
430133.8,352618.53,308.0,104.0
430343.66,352618.53,320.0,-112.0
430553.53,352618.53,320.0,-112.0
430763.38,352618.53,320.0,-112.0
430973.25,352618.53,320.0,-112.0
431183.12,352618.53,320.0,-112.0
431392.97,352618.53,320.0,-112.0
431602.84,352618.53,320.0,-124.0
431812.72,352618.53,320.0,-124.0
432022.56,352618.53,320.0,-124.0
432232.44,352618.53,320.0,-124.0
432442.28,352618.53,344.0,-112.0
432652.16,352618.53,344.0,-112.0
432862.03,352618.53,344.0,-112.0
433071.88,352618.53,344.0,-112.0
433281.75,352618.53,344.0,-112.0
433491.6,352618.53,344.0,-112.0
433701.47,352618.53,296.0,-256.0
433911.34,352618.53,296.0,-256.0
434121.2,352618.53,296.0,-256.0
434331.06,352618.53,296.0,-256.0
434540.94,352618.53,296.0,-256.0
434750.78,352618.53,296.0,-256.0
434960.66,352618.53,296.0,-256.0
435170.5,352618.53,296.0,-256.0
435380.38,352618.53,296.0,-256.0
435590.25,352618.53,296.0,-256.0
435800.1,352618.53,308.0,-208.0
436009.97,352618.53,308.0,-208.0
436219.8,352618.53,248.0,-304.0
436429.7,352618.53,248.0,-304.0
436639.56,352618.53,248.0,-304.0
436849.4,352618.53,248.0,-304.0
437059.28,352618.53,248.0,-304.0
437269.16,352618.53,236.0,-304.0
437479.0,352618.53,284.0,-292.0
437688.88,352618.53,284.0,-292.0
437898.72,352618.53,284.0,-292.0
438108.6,352618.53,284.0,-292.0
438318.47,352618.53,284.0,-292.0
438528.3,352618.53,284.0,-292.0
438738.2,352618.53,248.0,-316.0
438948.03,352618.53,248.0,-316.0
439157.9,352618.53,248.0,-316.0
439367.78,352618.53,248.0,-316.0
439577.62,352618.53,248.0,-316.0
439787.5,352618.53,236.0,-316.0
439997.38,352618.53,236.0,-316.0
440207.22,352618.53,236.0,-316.0
440417.1,352618.53,296.0,-352.0
440626.94,352618.53,296.0,-352.0
440836.8,352618.53,296.0,-352.0
441046.7,352618.53,296.0,-352.0
441256.53,352618.53,296.0,-352.0
441466.4,352618.53,296.0,-352.0
441676.25,352618.53,296.0,-352.0
441886.12,352618.53,236.0,-400.0
442096.0,352618.53,236.0,-400.0
442305.84,352618.53,236.0,-400.0
442515.72,352618.53,236.0,-400.0
442725.6,352618.53,236.0,-400.0
442935.44,352618.53,236.0,-400.0
443145.3,352618.53,236.0,-400.0
443355.16,352618.53,224.0,-400.0
443565.03,352618.53,224.0,-400.0
443774.9,352618.53,224.0,-400.0
443984.75,352618.53,224.0,-400.0
444194.62,352618.53,224.0,-400.0
444404.47,352618.53,224.0,-400.0
444614.34,352618.53,224.0,-400.0
444824.22,352618.53,224.0,-400.0
445034.06,352618.53,236.0,-376.0
445243.94,352618.53,236.0,-376.0
445453.8,352618.53,236.0,-376.0
445663.66,352618.53,236.0,-376.0
445873.53,352618.53,236.0,-376.0
446083.38,352618.53,236.0,-376.0
446293.25,352618.53,236.0,-376.0
446503.12,352618.53,236.0,-376.0
446712.97,352618.53,236.0,-376.0
446922.84,352618.53,224.0,-376.0
447132.7,352618.53,224.0,-376.0
447342.56,352618.53,164.0,-28.0
447552.44,352618.53,152.0,-28.0
447762.28,352618.53,152.0,-28.0
447972.16,352618.53,152.0,-28.0
448182.03,352618.53,152.0,-28.0
448391.88,352618.53,152.0,-28.0
448601.75,352618.53,152.0,-28.0
448811.6,352618.53,152.0,-28.0
449021.47,352618.53,152.0,-28.0
449231.34,352618.53,152.0,-28.0
449441.2,352618.53,152.0,-28.0
449651.06,352618.53,152.0,-28.0
449860.9,352618.53,152.0,-16.0
450070.78,352618.53,152.0,-16.0
450280.66,352618.53,152.0,-16.0
450490.5,352618.53,152.0,-16.0
450700.38,352618.53,152.0,-16.0
450910.25,352618.53,152.0,-16.0
451120.1,352618.53,140.0,-16.0
451329.97,352618.53,140.0,-16.0
451539.8,352618.53,140.0,-16.0
451749.7,352618.53,140.0,-16.0
451959.56,352618.53,140.0,-196.0
452169.4,352618.53,140.0,-196.0
452379.28,352618.53,140.0,-196.0
452589.12,352618.53,140.0,-196.0
452799.0,352618.53,140.0,-196.0
453008.88,352618.53,140.0,-184.0
453218.72,352618.53,140.0,-184.0
453428.6,352618.53,140.0,-184.0
453638.47,352618.53,140.0,-184.0
453848.3,352618.53,140.0,-184.0
454058.2,352618.53,140.0,-184.0
454268.03,352618.53,140.0,-184.0
454477.9,352618.53,128.0,-184.0
454687.78,352618.53,164.0,-220.0
454897.62,352618.53,164.0,-220.0
455107.5,352618.53,164.0,-208.0
455317.34,352618.53,164.0,-208.0
455527.22,352618.53,152.0,-208.0
455737.1,352618.53,152.0,-208.0
455946.94,352618.53,152.0,-208.0
456156.8,352618.53,152.0,-208.0
456366.7,352618.53,152.0,-208.0
456576.53,352618.53,152.0,-208.0
456786.4,352618.53,152.0,-208.0
456996.25,352618.53,152.0,-196.0
457206.12,352618.53,152.0,-196.0
457416.0,352618.53,152.0,-196.0
457625.84,352618.53,152.0,-196.0
457835.72,352618.53,152.0,-196.0
458045.6,352618.53,152.0,-196.0
458255.44,352618.53,152.0,-184.0
458465.3,352618.53,152.0,-184.0
458675.16,352618.53,140.0,-184.0
458885.03,352618.53,140.0,-184.0
459094.9,352618.53,140.0,-184.0
459304.75,352618.53,116.0,-532.0
459514.62,352618.53,116.0,-532.0
459724.47,352618.53,116.0,-532.0
459934.34,352618.53,116.0,-532.0
460144.22,352618.53,116.0,-532.0
418381.47,352821.16,,
418591.34,352821.16,,
418801.2,352821.16,,
419011.06,352821.16,,
419220.94,352821.16,,
419430.78,352821.16,,
419640.66,352821.16,200.0,188.0
419850.5,352821.16,224.0,176.0
420060.38,352821.16,248.0,164.0
420270.25,352821.16,260.0,152.0
420480.1,352821.16,260.0,140.0
420689.97,352821.16,272.0,128.0
420899.84,352821.16,272.0,128.0
421109.7,352821.16,284.0,128.0
421319.56,352821.16,284.0,116.0
421529.4,352821.16,296.0,116.0
421739.28,352821.16,260.0,176.0
421949.16,352821.16,260.0,176.0
422159.0,352821.16,260.0,176.0
422368.88,352821.16,260.0,176.0
422578.72,352821.16,272.0,176.0
422788.6,352821.16,272.0,176.0
422998.47,352821.16,272.0,176.0
423208.3,352821.16,272.0,176.0
423418.2,352821.16,284.0,164.0
423628.06,352821.16,284.0,164.0
423837.9,352821.16,284.0,164.0
424047.78,352821.16,284.0,164.0
424257.62,352821.16,284.0,164.0
424467.5,352821.16,284.0,164.0
424677.38,352821.16,296.0,164.0
424887.22,352821.16,296.0,164.0
425097.1,352821.16,296.0,164.0
425306.94,352821.16,296.0,164.0
425516.8,352821.16,296.0,164.0
425726.7,352821.16,296.0,164.0
425936.53,352821.16,296.0,164.0
426146.4,352821.16,296.0,164.0
426356.28,352821.16,296.0,164.0
426566.12,352821.16,296.0,164.0
426776.0,352821.16,296.0,164.0
426985.84,352821.16,296.0,164.0
427195.72,352821.16,296.0,164.0
427405.6,352821.16,296.0,164.0
427615.44,352821.16,296.0,164.0
427825.3,352821.16,296.0,164.0
428035.16,352821.16,308.0,92.0
428245.03,352821.16,308.0,92.0
428454.9,352821.16,308.0,92.0
428664.75,352821.16,308.0,92.0
428874.62,352821.16,308.0,92.0
429084.5,352821.16,296.0,92.0
429294.34,352821.16,296.0,92.0
429504.22,352821.16,296.0,92.0
429714.06,352821.16,296.0,92.0
429923.94,352821.16,296.0,92.0
430133.8,352821.16,308.0,104.0
430343.66,352821.16,308.0,104.0
430553.53,352821.16,320.0,-112.0
430763.38,352821.16,320.0,-112.0
430973.25,352821.16,320.0,-112.0
431183.12,352821.16,320.0,-112.0
431392.97,352821.16,320.0,-124.0
431602.84,352821.16,320.0,-124.0
431812.72,352821.16,320.0,-124.0
432022.56,352821.16,320.0,-124.0
432232.44,352821.16,320.0,-124.0
432442.28,352821.16,320.0,-124.0
432652.16,352821.16,344.0,-112.0
432862.03,352821.16,344.0,-112.0
433071.88,352821.16,344.0,-112.0
433281.75,352821.16,284.0,-64.0
433491.6,352821.16,296.0,-256.0
433701.47,352821.16,296.0,-256.0
433911.34,352821.16,296.0,-256.0
434121.2,352821.16,296.0,-256.0
434331.06,352821.16,296.0,-256.0
434540.94,352821.16,296.0,-256.0
434750.78,352821.16,296.0,-256.0
434960.66,352821.16,296.0,-256.0
435170.5,352821.16,296.0,-256.0
435380.38,352821.16,296.0,-256.0
435590.25,352821.16,296.0,-256.0
435800.1,352821.16,284.0,-256.0
436009.97,352821.16,248.0,-304.0
436219.8,352821.16,248.0,-304.0
436429.7,352821.16,248.0,-304.0
436639.56,352821.16,248.0,-304.0
436849.4,352821.16,248.0,-304.0
437059.28,352821.16,248.0,-304.0
437269.16,352821.16,248.0,-304.0
437479.0,352821.16,248.0,-304.0
437688.88,352821.16,284.0,-292.0
437898.72,352821.16,284.0,-292.0
438108.6,352821.16,284.0,-292.0
438318.47,352821.16,284.0,-292.0
438528.3,352821.16,284.0,-292.0
438738.2,352821.16,248.0,-316.0
438948.03,352821.16,248.0,-316.0
439157.9,352821.16,248.0,-316.0
439367.78,352821.16,248.0,-316.0
439577.62,352821.16,248.0,-316.0
439787.5,352821.16,248.0,-316.0
439997.38,352821.16,248.0,-316.0
440207.22,352821.16,296.0,-352.0
440417.1,352821.16,296.0,-352.0
440626.94,352821.16,296.0,-352.0
440836.8,352821.16,296.0,-352.0
441046.7,352821.16,296.0,-352.0
441256.53,352821.16,296.0,-352.0
441466.4,352821.16,296.0,-352.0
441676.25,352821.16,296.0,-352.0
441886.12,352821.16,236.0,-400.0
442096.0,352821.16,236.0,-400.0
442305.84,352821.16,236.0,-400.0
442515.72,352821.16,236.0,-400.0
442725.6,352821.16,236.0,-400.0
442935.44,352821.16,236.0,-400.0
443145.3,352821.16,236.0,-400.0
443355.16,352821.16,236.0,-400.0
443565.03,352821.16,236.0,-400.0
443774.9,352821.16,224.0,-400.0
443984.75,352821.16,224.0,-400.0
444194.62,352821.16,224.0,-400.0
444404.47,352821.16,224.0,-400.0
444614.34,352821.16,224.0,-400.0
444824.22,352821.16,236.0,-376.0
445034.06,352821.16,236.0,-376.0
445243.94,352821.16,236.0,-376.0
445453.8,352821.16,236.0,-376.0
445663.66,352821.16,236.0,-376.0
445873.53,352821.16,236.0,-376.0
446083.38,352821.16,236.0,-376.0
446293.25,352821.16,236.0,-376.0
446503.12,352821.16,236.0,-376.0
446712.97,352821.16,236.0,-376.0
446922.84,352821.16,236.0,-376.0
447132.7,352821.16,224.0,-376.0
447342.56,352821.16,224.0,-376.0
447552.44,352821.16,176.0,-28.0
447762.28,352821.16,164.0,-28.0
447972.16,352821.16,152.0,-28.0
448182.03,352821.16,152.0,-28.0
448391.88,352821.16,152.0,-28.0
448601.75,352821.16,152.0,-28.0
448811.6,352821.16,152.0,-28.0
449021.47,352821.16,152.0,-28.0
449231.34,352821.16,152.0,-28.0
449441.2,352821.16,152.0,-28.0
449651.06,352821.16,152.0,-28.0
449860.9,352821.16,152.0,-16.0
450070.78,352821.16,152.0,-16.0
450280.66,352821.16,152.0,-16.0
450490.5,352821.16,152.0,-16.0
450700.38,352821.16,152.0,-16.0
450910.25,352821.16,152.0,-16.0
451120.1,352821.16,152.0,-16.0
451329.97,352821.16,140.0,-16.0
451539.8,352821.16,140.0,-16.0
451749.7,352821.16,140.0,-196.0
451959.56,352821.16,140.0,-196.0
452169.4,352821.16,140.0,-196.0
452379.28,352821.16,140.0,-196.0
452589.12,352821.16,140.0,-196.0
452799.0,352821.16,140.0,-196.0
453008.88,352821.16,140.0,-184.0
453218.72,352821.16,140.0,-184.0
453428.6,352821.16,140.0,-184.0
453638.47,352821.16,140.0,-184.0
453848.3,352821.16,140.0,-184.0
454058.2,352821.16,140.0,-184.0
454268.03,352821.16,140.0,-184.0
454477.9,352821.16,164.0,-220.0
454687.78,352821.16,164.0,-220.0
454897.62,352821.16,164.0,-208.0
455107.5,352821.16,164.0,-208.0
455317.34,352821.16,164.0,-208.0
455527.22,352821.16,164.0,-208.0
455737.1,352821.16,152.0,-208.0
455946.94,352821.16,152.0,-208.0
456156.8,352821.16,152.0,-208.0
456366.7,352821.16,152.0,-208.0
456576.53,352821.16,152.0,-208.0
456786.4,352821.16,152.0,-196.0
456996.25,352821.16,152.0,-196.0
457206.12,352821.16,152.0,-196.0
457416.0,352821.16,152.0,-196.0
457625.84,352821.16,152.0,-196.0
457835.72,352821.16,152.0,-196.0
458045.6,352821.16,152.0,-196.0
458255.44,352821.16,152.0,-184.0
458465.3,352821.16,152.0,-184.0
458675.16,352821.16,152.0,-184.0
458885.03,352821.16,140.0,-184.0
459094.9,352821.16,116.0,-532.0
459304.75,352821.16,116.0,-532.0
459514.62,352821.16,116.0,-532.0
459724.47,352821.16,116.0,-532.0
459934.34,352821.16,116.0,-532.0
460144.22,352821.16,116.0,-532.0
418381.47,353023.78,,
418591.34,353023.78,,
418801.2,353023.78,,
419011.06,353023.78,,
419220.94,353023.78,,
419430.78,353023.78,,
419640.66,353023.78,,
419850.5,353023.78,,
420060.38,353023.78,212.0,188.0
420270.25,353023.78,224.0,176.0
420480.1,353023.78,248.0,152.0
420689.97,353023.78,248.0,140.0
420899.84,353023.78,260.0,140.0
421109.7,353023.78,260.0,128.0
421319.56,353023.78,272.0,128.0
421529.4,353023.78,272.0,128.0
421739.28,353023.78,260.0,176.0
421949.16,353023.78,260.0,176.0
422159.0,353023.78,260.0,176.0
422368.88,353023.78,260.0,176.0
422578.72,353023.78,260.0,176.0
422788.6,353023.78,272.0,176.0
422998.47,353023.78,272.0,176.0
423208.3,353023.78,272.0,176.0
423418.2,353023.78,272.0,176.0
423628.06,353023.78,284.0,164.0
423837.9,353023.78,284.0,164.0
424047.78,353023.78,284.0,164.0
424257.62,353023.78,284.0,164.0
424467.5,353023.78,284.0,164.0
424677.38,353023.78,296.0,164.0
424887.22,353023.78,296.0,164.0
425097.1,353023.78,296.0,164.0
425306.94,353023.78,296.0,164.0
425516.8,353023.78,296.0,164.0
425726.7,353023.78,296.0,164.0
425936.53,353023.78,296.0,164.0
426146.4,353023.78,296.0,164.0
426356.28,353023.78,296.0,164.0
426566.12,353023.78,296.0,164.0
426776.0,353023.78,296.0,164.0
426985.84,353023.78,296.0,164.0
427195.72,353023.78,296.0,164.0
427405.6,353023.78,296.0,164.0
427615.44,353023.78,296.0,164.0
427825.3,353023.78,296.0,92.0
428035.16,353023.78,308.0,92.0
428245.03,353023.78,308.0,92.0
428454.9,353023.78,308.0,92.0
428664.75,353023.78,308.0,92.0
428874.62,353023.78,308.0,92.0
429084.5,353023.78,296.0,92.0
429294.34,353023.78,296.0,92.0
429504.22,353023.78,296.0,92.0
429714.06,353023.78,296.0,92.0
429923.94,353023.78,308.0,104.0
430133.8,353023.78,308.0,104.0
430343.66,353023.78,308.0,104.0
430553.53,353023.78,308.0,104.0
430763.38,353023.78,320.0,-112.0
430973.25,353023.78,320.0,-124.0
431183.12,353023.78,320.0,-124.0
431392.97,353023.78,320.0,-124.0
431602.84,353023.78,320.0,-124.0
431812.72,353023.78,320.0,-124.0
432022.56,353023.78,320.0,-124.0
432232.44,353023.78,320.0,-124.0
432442.28,353023.78,320.0,-124.0
432652.16,353023.78,284.0,-64.0
432862.03,353023.78,284.0,-64.0
433071.88,353023.78,284.0,-64.0
433281.75,353023.78,284.0,-64.0
433491.6,353023.78,284.0,-64.0
433701.47,353023.78,296.0,-256.0
433911.34,353023.78,296.0,-256.0
434121.2,353023.78,296.0,-256.0
434331.06,353023.78,296.0,-256.0
434540.94,353023.78,296.0,-256.0
434750.78,353023.78,296.0,-256.0
434960.66,353023.78,296.0,-256.0
435170.5,353023.78,296.0,-256.0
435380.38,353023.78,296.0,-256.0
435590.25,353023.78,296.0,-256.0
435800.1,353023.78,296.0,-256.0
436009.97,353023.78,248.0,-304.0
436219.8,353023.78,248.0,-304.0
436429.7,353023.78,248.0,-304.0
436639.56,353023.78,248.0,-304.0
436849.4,353023.78,248.0,-304.0
437059.28,353023.78,248.0,-304.0
437269.16,353023.78,248.0,-304.0
437479.0,353023.78,248.0,-304.0
437688.88,353023.78,248.0,-304.0
437898.72,353023.78,284.0,-292.0
438108.6,353023.78,248.0,-292.0
438318.47,353023.78,248.0,-292.0
438528.3,353023.78,248.0,-292.0
438738.2,353023.78,248.0,-316.0
438948.03,353023.78,248.0,-316.0
439157.9,353023.78,248.0,-316.0
439367.78,353023.78,248.0,-316.0
439577.62,353023.78,248.0,-316.0
439787.5,353023.78,248.0,-316.0
439997.38,353023.78,248.0,-316.0
440207.22,353023.78,308.0,-352.0
440417.1,353023.78,308.0,-352.0
440626.94,353023.78,296.0,-352.0
440836.8,353023.78,296.0,-352.0
441046.7,353023.78,296.0,-352.0
441256.53,353023.78,296.0,-352.0
441466.4,353023.78,296.0,-352.0
441676.25,353023.78,296.0,-352.0
441886.12,353023.78,236.0,-400.0
442096.0,353023.78,236.0,-400.0
442305.84,353023.78,236.0,-400.0
442515.72,353023.78,236.0,-400.0
442725.6,353023.78,236.0,-400.0
442935.44,353023.78,236.0,-400.0
443145.3,353023.78,236.0,-400.0
443355.16,353023.78,236.0,-400.0
443565.03,353023.78,236.0,-400.0
443774.9,353023.78,224.0,-400.0
443984.75,353023.78,224.0,-400.0
444194.62,353023.78,224.0,-400.0
444404.47,353023.78,224.0,-400.0
444614.34,353023.78,236.0,-376.0
444824.22,353023.78,236.0,-376.0
445034.06,353023.78,236.0,-376.0
445243.94,353023.78,236.0,-376.0
445453.8,353023.78,236.0,-376.0
445663.66,353023.78,236.0,-376.0
445873.53,353023.78,236.0,-376.0
446083.38,353023.78,236.0,-376.0
446293.25,353023.78,236.0,-376.0
446503.12,353023.78,236.0,-376.0
446712.97,353023.78,236.0,-376.0
446922.84,353023.78,236.0,-376.0
447132.7,353023.78,224.0,-376.0
447342.56,353023.78,224.0,-376.0
447552.44,353023.78,200.0,-28.0
447762.28,353023.78,188.0,-28.0
447972.16,353023.78,164.0,-28.0
448182.03,353023.78,152.0,-28.0
448391.88,353023.78,152.0,-28.0
448601.75,353023.78,152.0,-28.0
448811.6,353023.78,152.0,-28.0
449021.47,353023.78,152.0,-28.0
449231.34,353023.78,152.0,-28.0
449441.2,353023.78,152.0,-28.0
449651.06,353023.78,152.0,-28.0
449860.9,353023.78,152.0,-16.0
450070.78,353023.78,152.0,-16.0
450280.66,353023.78,152.0,-16.0
450490.5,353023.78,152.0,-16.0
450700.38,353023.78,152.0,-16.0
450910.25,353023.78,152.0,-16.0
451120.1,353023.78,152.0,-16.0
451329.97,353023.78,152.0,-16.0
451539.8,353023.78,140.0,-16.0
451749.7,353023.78,140.0,-196.0
451959.56,353023.78,140.0,-196.0
452169.4,353023.78,140.0,-196.0
452379.28,353023.78,140.0,-196.0
452589.12,353023.78,140.0,-196.0
452799.0,353023.78,140.0,-196.0
453008.88,353023.78,140.0,-184.0
453218.72,353023.78,140.0,-184.0
453428.6,353023.78,140.0,-184.0
453638.47,353023.78,140.0,-184.0
453848.3,353023.78,140.0,-184.0
454058.2,353023.78,140.0,-184.0
454268.03,353023.78,140.0,-184.0
454477.9,353023.78,164.0,-220.0
454687.78,353023.78,164.0,-208.0
454897.62,353023.78,164.0,-208.0
455107.5,353023.78,164.0,-208.0
455317.34,353023.78,164.0,-208.0
455527.22,353023.78,164.0,-208.0
455737.1,353023.78,164.0,-208.0
455946.94,353023.78,152.0,-208.0
456156.8,353023.78,152.0,-208.0
456366.7,353023.78,152.0,-208.0
456576.53,353023.78,152.0,-196.0
456786.4,353023.78,152.0,-196.0
456996.25,353023.78,152.0,-196.0
457206.12,353023.78,152.0,-196.0
457416.0,353023.78,152.0,-196.0
457625.84,353023.78,152.0,-196.0
457835.72,353023.78,152.0,-196.0
458045.6,353023.78,152.0,-184.0
458255.44,353023.78,152.0,-184.0
458465.3,353023.78,152.0,-184.0
458675.16,353023.78,152.0,-184.0
458885.03,353023.78,116.0,-532.0
459094.9,353023.78,116.0,-532.0
459304.75,353023.78,116.0,-532.0
459514.62,353023.78,116.0,-532.0
459724.47,353023.78,116.0,-532.0
459934.34,353023.78,116.0,-532.0
460144.22,353023.78,116.0,-532.0
418381.47,353226.38,,
418591.34,353226.38,,
418801.2,353226.38,,
419011.06,353226.38,,
419220.94,353226.38,,
419430.78,353226.38,,
419640.66,353226.38,,
419850.5,353226.38,,
420060.38,353226.38,,
420270.25,353226.38,212.0,188.0
420480.1,353226.38,224.0,188.0
420689.97,353226.38,236.0,164.0
420899.84,353226.38,248.0,152.0
421109.7,353226.38,248.0,140.0
421319.56,353226.38,260.0,140.0
421529.4,353226.38,248.0,176.0
421739.28,353226.38,248.0,176.0
421949.16,353226.38,260.0,176.0
422159.0,353226.38,260.0,176.0
422368.88,353226.38,260.0,176.0
422578.72,353226.38,260.0,176.0
422788.6,353226.38,260.0,176.0
422998.47,353226.38,272.0,176.0
423208.3,353226.38,272.0,176.0
423418.2,353226.38,272.0,176.0
423628.06,353226.38,272.0,164.0
423837.9,353226.38,284.0,164.0
424047.78,353226.38,284.0,164.0
424257.62,353226.38,284.0,164.0
424467.5,353226.38,284.0,164.0
424677.38,353226.38,284.0,164.0
424887.22,353226.38,296.0,164.0
425097.1,353226.38,296.0,164.0
425306.94,353226.38,296.0,164.0
425516.8,353226.38,296.0,164.0
425726.7,353226.38,296.0,164.0
425936.53,353226.38,296.0,164.0
426146.4,353226.38,296.0,164.0
426356.28,353226.38,296.0,164.0
426566.12,353226.38,296.0,164.0
426776.0,353226.38,296.0,164.0
426985.84,353226.38,296.0,164.0
427195.72,353226.38,296.0,164.0
427405.6,353226.38,296.0,164.0
427615.44,353226.38,296.0,164.0
427825.3,353226.38,296.0,92.0
428035.16,353226.38,308.0,92.0
428245.03,353226.38,308.0,92.0
428454.9,353226.38,308.0,92.0
428664.75,353226.38,308.0,92.0
428874.62,353226.38,308.0,92.0
429084.5,353226.38,296.0,92.0
429294.34,353226.38,296.0,92.0
429504.22,353226.38,296.0,92.0
429714.06,353226.38,308.0,92.0
429923.94,353226.38,308.0,92.0
430133.8,353226.38,308.0,104.0
430343.66,353226.38,308.0,104.0
430553.53,353226.38,308.0,104.0
430763.38,353226.38,308.0,104.0
430973.25,353226.38,308.0,-124.0
431183.12,353226.38,320.0,-124.0
431392.97,353226.38,320.0,-124.0
431602.84,353226.38,320.0,-124.0
431812.72,353226.38,320.0,-124.0
432022.56,353226.38,320.0,-124.0
432232.44,353226.38,320.0,-124.0
432442.28,353226.38,284.0,-64.0
432652.16,353226.38,284.0,-64.0
432862.03,353226.38,284.0,-64.0
433071.88,353226.38,284.0,-64.0
433281.75,353226.38,284.0,-64.0
433491.6,353226.38,284.0,-64.0
433701.47,353226.38,272.0,-64.0
433911.34,353226.38,296.0,-256.0
434121.2,353226.38,296.0,-256.0
434331.06,353226.38,296.0,-256.0
434540.94,353226.38,296.0,-256.0
434750.78,353226.38,296.0,-256.0
434960.66,353226.38,296.0,-256.0
435170.5,353226.38,296.0,-256.0
435380.38,353226.38,296.0,-256.0
435590.25,353226.38,296.0,-256.0
435800.1,353226.38,296.0,-256.0
436009.97,353226.38,272.0,-304.0
436219.8,353226.38,248.0,-304.0
436429.7,353226.38,248.0,-304.0
436639.56,353226.38,248.0,-304.0
436849.4,353226.38,248.0,-304.0
437059.28,353226.38,248.0,-304.0
437269.16,353226.38,248.0,-304.0
437479.0,353226.38,248.0,-304.0
437688.88,353226.38,248.0,-292.0
437898.72,353226.38,248.0,-292.0
438108.6,353226.38,248.0,-292.0
438318.47,353226.38,248.0,-292.0
438528.3,353226.38,248.0,-292.0
438738.2,353226.38,248.0,-292.0
438948.03,353226.38,248.0,-316.0
439157.9,353226.38,248.0,-316.0
439367.78,353226.38,248.0,-316.0
439577.62,353226.38,248.0,-316.0
439787.5,353226.38,248.0,-316.0
439997.38,353226.38,308.0,-352.0
440207.22,353226.38,308.0,-352.0
440417.1,353226.38,308.0,-352.0
440626.94,353226.38,308.0,-352.0
440836.8,353226.38,308.0,-352.0
441046.7,353226.38,308.0,-352.0
441256.53,353226.38,296.0,-352.0
441466.4,353226.38,296.0,-352.0
441676.25,353226.38,296.0,-352.0
441886.12,353226.38,236.0,-400.0
442096.0,353226.38,236.0,-400.0
442305.84,353226.38,236.0,-400.0
442515.72,353226.38,236.0,-400.0
442725.6,353226.38,236.0,-400.0
442935.44,353226.38,236.0,-400.0
443145.3,353226.38,236.0,-400.0
443355.16,353226.38,236.0,-400.0
443565.03,353226.38,236.0,-400.0
443774.9,353226.38,224.0,-400.0
443984.75,353226.38,224.0,-400.0
444194.62,353226.38,224.0,-400.0
444404.47,353226.38,236.0,-376.0
444614.34,353226.38,236.0,-376.0
444824.22,353226.38,236.0,-376.0
445034.06,353226.38,236.0,-376.0
445243.94,353226.38,236.0,-376.0
445453.8,353226.38,236.0,-376.0
445663.66,353226.38,236.0,-376.0
445873.53,353226.38,236.0,-376.0
446083.38,353226.38,236.0,-376.0
446293.25,353226.38,236.0,-376.0
446503.12,353226.38,236.0,-376.0
446712.97,353226.38,236.0,-376.0
446922.84,353226.38,236.0,-376.0
447132.7,353226.38,224.0,-376.0
447342.56,353226.38,224.0,-376.0
447552.44,353226.38,212.0,-28.0
447762.28,353226.38,200.0,-28.0
447972.16,353226.38,176.0,-28.0
448182.03,353226.38,164.0,-28.0
448391.88,353226.38,152.0,-28.0
448601.75,353226.38,152.0,-28.0
448811.6,353226.38,152.0,-28.0
449021.47,353226.38,152.0,-28.0
449231.34,353226.38,152.0,-28.0
449441.2,353226.38,152.0,-28.0
449651.06,353226.38,152.0,-16.0
449860.9,353226.38,152.0,-16.0
450070.78,353226.38,152.0,-16.0
450280.66,353226.38,152.0,-16.0
450490.5,353226.38,152.0,-16.0
450700.38,353226.38,152.0,-16.0
450910.25,353226.38,152.0,-16.0
451120.1,353226.38,152.0,-16.0
451329.97,353226.38,152.0,-16.0
451539.8,353226.38,140.0,-196.0
451749.7,353226.38,140.0,-196.0
451959.56,353226.38,140.0,-196.0
452169.4,353226.38,140.0,-196.0
452379.28,353226.38,140.0,-196.0
452589.12,353226.38,140.0,-196.0
452799.0,353226.38,140.0,-184.0
453008.88,353226.38,140.0,-184.0
453218.72,353226.38,140.0,-184.0
453428.6,353226.38,140.0,-184.0
453638.47,353226.38,140.0,-184.0
453848.3,353226.38,140.0,-184.0
454058.2,353226.38,140.0,-184.0
454268.03,353226.38,164.0,-220.0
454477.9,353226.38,164.0,-208.0
454687.78,353226.38,164.0,-208.0
454897.62,353226.38,164.0,-208.0
455107.5,353226.38,164.0,-208.0
455317.34,353226.38,164.0,-208.0
455527.22,353226.38,164.0,-208.0
455737.1,353226.38,164.0,-208.0
455946.94,353226.38,164.0,-208.0
456156.8,353226.38,152.0,-208.0
456366.7,353226.38,152.0,-196.0
456576.53,353226.38,152.0,-196.0
456786.4,353226.38,152.0,-196.0
456996.25,353226.38,152.0,-196.0
457206.12,353226.38,152.0,-196.0
457416.0,353226.38,152.0,-196.0
457625.84,353226.38,152.0,-196.0
457835.72,353226.38,152.0,-196.0
458045.6,353226.38,152.0,-184.0
458255.44,353226.38,152.0,-184.0
458465.3,353226.38,152.0,-184.0
458675.16,353226.38,116.0,-532.0
458885.03,353226.38,116.0,-532.0
459094.9,353226.38,116.0,-532.0
459304.75,353226.38,116.0,-532.0
459514.62,353226.38,116.0,-532.0
459724.47,353226.38,116.0,-532.0
459934.34,353226.38,116.0,-532.0
460144.22,353226.38,116.0,-532.0
418381.47,353429.0,,
418591.34,353429.0,,
418801.2,353429.0,,
419011.06,353429.0,,
419220.94,353429.0,,
419430.78,353429.0,,
419640.66,353429.0,,
419850.5,353429.0,,
420060.38,353429.0,,
420270.25,353429.0,,
420480.1,353429.0,,
420689.97,353429.0,212.0,188.0
420899.84,353429.0,224.0,176.0
421109.7,353429.0,236.0,152.0
421319.56,353429.0,248.0,152.0
421529.4,353429.0,248.0,176.0
421739.28,353429.0,248.0,176.0
421949.16,353429.0,248.0,176.0
422159.0,353429.0,260.0,176.0
422368.88,353429.0,260.0,176.0
422578.72,353429.0,260.0,176.0
422788.6,353429.0,260.0,176.0
422998.47,353429.0,260.0,176.0
423208.3,353429.0,272.0,176.0
423418.2,353429.0,272.0,176.0
423628.06,353429.0,272.0,176.0
423837.9,353429.0,272.0,164.0
424047.78,353429.0,284.0,164.0
424257.62,353429.0,284.0,164.0
424467.5,353429.0,284.0,164.0
424677.38,353429.0,284.0,164.0
424887.22,353429.0,284.0,164.0
425097.1,353429.0,296.0,164.0
425306.94,353429.0,296.0,164.0
425516.8,353429.0,296.0,164.0
425726.7,353429.0,296.0,164.0
425936.53,353429.0,296.0,164.0
426146.4,353429.0,296.0,164.0
426356.28,353429.0,296.0,164.0
426566.12,353429.0,296.0,164.0
426776.0,353429.0,296.0,164.0
426985.84,353429.0,296.0,164.0
427195.72,353429.0,296.0,164.0
427405.6,353429.0,296.0,164.0
427615.44,353429.0,296.0,164.0
427825.3,353429.0,296.0,92.0
428035.16,353429.0,296.0,92.0
428245.03,353429.0,296.0,92.0
428454.9,353429.0,308.0,92.0
428664.75,353429.0,308.0,92.0
428874.62,353429.0,308.0,92.0
429084.5,353429.0,296.0,92.0
429294.34,353429.0,296.0,92.0
429504.22,353429.0,308.0,92.0
429714.06,353429.0,308.0,92.0
429923.94,353429.0,308.0,92.0
430133.8,353429.0,308.0,92.0
430343.66,353429.0,308.0,92.0
430553.53,353429.0,308.0,104.0
430763.38,353429.0,308.0,104.0
430973.25,353429.0,308.0,104.0
431183.12,353429.0,308.0,104.0
431392.97,353429.0,320.0,-124.0
431602.84,353429.0,320.0,-124.0
431812.72,353429.0,320.0,-124.0
432022.56,353429.0,320.0,-124.0
432232.44,353429.0,284.0,-64.0
432442.28,353429.0,284.0,-64.0
432652.16,353429.0,284.0,-64.0
432862.03,353429.0,284.0,-64.0
433071.88,353429.0,284.0,-64.0
433281.75,353429.0,284.0,-64.0
433491.6,353429.0,284.0,-64.0
433701.47,353429.0,272.0,-64.0
433911.34,353429.0,296.0,-256.0
434121.2,353429.0,296.0,-256.0
434331.06,353429.0,296.0,-256.0
434540.94,353429.0,296.0,-256.0
434750.78,353429.0,296.0,-256.0
434960.66,353429.0,296.0,-256.0
435170.5,353429.0,296.0,-256.0
435380.38,353429.0,296.0,-256.0
435590.25,353429.0,296.0,-256.0
435800.1,353429.0,272.0,-292.0
436009.97,353429.0,272.0,-292.0
436219.8,353429.0,272.0,-304.0
436429.7,353429.0,272.0,-304.0
436639.56,353429.0,248.0,-304.0
436849.4,353429.0,248.0,-304.0
437059.28,353429.0,248.0,-304.0
437269.16,353429.0,248.0,-304.0
437479.0,353429.0,248.0,-304.0
437688.88,353429.0,260.0,-292.0
437898.72,353429.0,248.0,-292.0
438108.6,353429.0,248.0,-292.0
438318.47,353429.0,248.0,-292.0
438528.3,353429.0,248.0,-292.0
438738.2,353429.0,248.0,-292.0
438948.03,353429.0,248.0,-292.0
439157.9,353429.0,248.0,-316.0
439367.78,353429.0,248.0,-316.0
439577.62,353429.0,248.0,-316.0
439787.5,353429.0,248.0,-316.0
439997.38,353429.0,308.0,-352.0
440207.22,353429.0,308.0,-352.0
440417.1,353429.0,308.0,-352.0
440626.94,353429.0,308.0,-352.0
440836.8,353429.0,308.0,-352.0
441046.7,353429.0,308.0,-352.0
441256.53,353429.0,308.0,-352.0
441466.4,353429.0,308.0,-352.0
441676.25,353429.0,308.0,-352.0
441886.12,353429.0,236.0,-400.0
442096.0,353429.0,236.0,-400.0
442305.84,353429.0,236.0,-400.0
442515.72,353429.0,236.0,-400.0
442725.6,353429.0,236.0,-400.0
442935.44,353429.0,236.0,-400.0
443145.3,353429.0,236.0,-400.0
443355.16,353429.0,236.0,-400.0
443565.03,353429.0,236.0,-400.0
443774.9,353429.0,236.0,-400.0
443984.75,353429.0,224.0,-400.0
444194.62,353429.0,296.0,-448.0
444404.47,353429.0,236.0,-376.0
444614.34,353429.0,236.0,-376.0
444824.22,353429.0,236.0,-376.0
445034.06,353429.0,236.0,-376.0
445243.94,353429.0,236.0,-376.0
445453.8,353429.0,236.0,-376.0
445663.66,353429.0,236.0,-376.0
445873.53,353429.0,236.0,-376.0
446083.38,353429.0,236.0,-376.0
446293.25,353429.0,236.0,-376.0
446503.12,353429.0,236.0,-376.0
446712.97,353429.0,236.0,-376.0
446922.84,353429.0,236.0,-376.0
447132.7,353429.0,224.0,-376.0
447342.56,353429.0,224.0,-376.0
447552.44,353429.0,212.0,-28.0
447762.28,353429.0,200.0,-28.0
447972.16,353429.0,188.0,-28.0
448182.03,353429.0,176.0,-28.0
448391.88,353429.0,164.0,-28.0
448601.75,353429.0,152.0,-28.0
448811.6,353429.0,152.0,-28.0
449021.47,353429.0,152.0,-28.0
449231.34,353429.0,152.0,-28.0
449441.2,353429.0,152.0,-28.0
449651.06,353429.0,152.0,-16.0
449860.9,353429.0,152.0,-16.0
450070.78,353429.0,152.0,-16.0
450280.66,353429.0,152.0,-16.0
450490.5,353429.0,152.0,-16.0
450700.38,353429.0,152.0,-16.0
450910.25,353429.0,152.0,-16.0
451120.1,353429.0,152.0,-16.0
451329.97,353429.0,140.0,-16.0
451539.8,353429.0,140.0,-196.0
451749.7,353429.0,140.0,-196.0
451959.56,353429.0,140.0,-196.0
452169.4,353429.0,140.0,-196.0
452379.28,353429.0,140.0,-196.0
452589.12,353429.0,140.0,-196.0
452799.0,353429.0,140.0,-184.0
453008.88,353429.0,140.0,-184.0
453218.72,353429.0,140.0,-184.0
453428.6,353429.0,140.0,-184.0
453638.47,353429.0,140.0,-184.0
453848.3,353429.0,140.0,-184.0
454058.2,353429.0,164.0,-220.0
454268.03,353429.0,164.0,-208.0
454477.9,353429.0,164.0,-208.0
454687.78,353429.0,164.0,-208.0
454897.62,353429.0,164.0,-208.0
455107.5,353429.0,164.0,-208.0
455317.34,353429.0,164.0,-208.0
455527.22,353429.0,164.0,-208.0
455737.1,353429.0,164.0,-208.0
455946.94,353429.0,164.0,-208.0
456156.8,353429.0,152.0,-196.0
456366.7,353429.0,152.0,-196.0
456576.53,353429.0,152.0,-196.0
456786.4,353429.0,152.0,-196.0
456996.25,353429.0,152.0,-196.0
457206.12,353429.0,152.0,-196.0
457416.0,353429.0,152.0,-196.0
457625.84,353429.0,152.0,-196.0
457835.72,353429.0,152.0,-184.0
458045.6,353429.0,152.0,-184.0
458255.44,353429.0,152.0,-184.0
458465.3,353429.0,128.0,-532.0
458675.16,353429.0,116.0,-532.0
458885.03,353429.0,116.0,-532.0
459094.9,353429.0,116.0,-532.0
459304.75,353429.0,116.0,-532.0
459514.62,353429.0,116.0,-532.0
459724.47,353429.0,116.0,-532.0
459934.34,353429.0,116.0,-532.0
460144.22,353429.0,116.0,-532.0
418381.47,353631.62,,
418591.34,353631.62,,
418801.2,353631.62,,
419011.06,353631.62,,
419220.94,353631.62,,
419430.78,353631.62,,
419640.66,353631.62,,
419850.5,353631.62,,
420060.38,353631.62,,
420270.25,353631.62,,
420480.1,353631.62,,
420689.97,353631.62,,
420899.84,353631.62,200.0,200.0
421109.7,353631.62,212.0,188.0
421319.56,353631.62,248.0,176.0
421529.4,353631.62,248.0,176.0
421739.28,353631.62,248.0,176.0
421949.16,353631.62,248.0,176.0
422159.0,353631.62,248.0,176.0
422368.88,353631.62,260.0,176.0
422578.72,353631.62,260.0,176.0
422788.6,353631.62,260.0,176.0
422998.47,353631.62,260.0,176.0
423208.3,353631.62,272.0,176.0
423418.2,353631.62,272.0,176.0
423628.06,353631.62,272.0,176.0
423837.9,353631.62,272.0,176.0
424047.78,353631.62,284.0,164.0
424257.62,353631.62,284.0,164.0
424467.5,353631.62,284.0,164.0
424677.38,353631.62,284.0,164.0
424887.22,353631.62,284.0,164.0
425097.1,353631.62,296.0,164.0
425306.94,353631.62,296.0,164.0
425516.8,353631.62,296.0,164.0
425726.7,353631.62,296.0,164.0
425936.53,353631.62,296.0,164.0
426146.4,353631.62,296.0,164.0
426356.28,353631.62,296.0,164.0
426566.12,353631.62,296.0,164.0
426776.0,353631.62,296.0,164.0
426985.84,353631.62,296.0,164.0
427195.72,353631.62,296.0,164.0
427405.6,353631.62,296.0,164.0
427615.44,353631.62,296.0,164.0
427825.3,353631.62,296.0,92.0
428035.16,353631.62,296.0,92.0
428245.03,353631.62,296.0,92.0
428454.9,353631.62,296.0,92.0
428664.75,353631.62,308.0,92.0
428874.62,353631.62,296.0,92.0
429084.5,353631.62,296.0,92.0
429294.34,353631.62,308.0,92.0
429504.22,353631.62,308.0,92.0
429714.06,353631.62,308.0,92.0
429923.94,353631.62,308.0,92.0
430133.8,353631.62,308.0,92.0
430343.66,353631.62,308.0,104.0
430553.53,353631.62,308.0,104.0
430763.38,353631.62,308.0,104.0
430973.25,353631.62,308.0,104.0
431183.12,353631.62,308.0,104.0
431392.97,353631.62,308.0,104.0
431602.84,353631.62,320.0,-124.0
431812.72,353631.62,320.0,-124.0
432022.56,353631.62,320.0,-124.0
432232.44,353631.62,284.0,-64.0
432442.28,353631.62,284.0,-64.0
432652.16,353631.62,284.0,-64.0
432862.03,353631.62,284.0,-64.0
433071.88,353631.62,284.0,-64.0
433281.75,353631.62,284.0,-64.0
433491.6,353631.62,284.0,-64.0
433701.47,353631.62,272.0,-64.0
433911.34,353631.62,272.0,-64.0
434121.2,353631.62,296.0,-256.0
434331.06,353631.62,296.0,-256.0
434540.94,353631.62,296.0,-256.0
434750.78,353631.62,296.0,-256.0
434960.66,353631.62,296.0,-256.0
435170.5,353631.62,296.0,-256.0
435380.38,353631.62,296.0,-256.0
435590.25,353631.62,296.0,-256.0
435800.1,353631.62,272.0,-292.0
436009.97,353631.62,272.0,-292.0
436219.8,353631.62,272.0,-304.0
436429.7,353631.62,272.0,-304.0
436639.56,353631.62,272.0,-304.0
436849.4,353631.62,260.0,-328.0
437059.28,353631.62,260.0,-328.0
437269.16,353631.62,260.0,-328.0
437479.0,353631.62,260.0,-328.0
437688.88,353631.62,260.0,-292.0
437898.72,353631.62,260.0,-292.0
438108.6,353631.62,260.0,-292.0
438318.47,353631.62,260.0,-292.0
438528.3,353631.62,248.0,-292.0
438738.2,353631.62,248.0,-292.0
438948.03,353631.62,296.0,-304.0
439157.9,353631.62,296.0,-304.0
439367.78,353631.62,284.0,-304.0
439577.62,353631.62,284.0,-304.0
439787.5,353631.62,284.0,-304.0
439997.38,353631.62,308.0,-352.0
440207.22,353631.62,308.0,-352.0
440417.1,353631.62,308.0,-352.0
440626.94,353631.62,308.0,-352.0
440836.8,353631.62,308.0,-352.0
441046.7,353631.62,308.0,-352.0
441256.53,353631.62,308.0,-352.0
441466.4,353631.62,308.0,-352.0
441676.25,353631.62,308.0,-352.0
441886.12,353631.62,308.0,-352.0
442096.0,353631.62,236.0,-400.0
442305.84,353631.62,236.0,-400.0
442515.72,353631.62,236.0,-400.0
442725.6,353631.62,236.0,-400.0
442935.44,353631.62,236.0,-400.0
443145.3,353631.62,236.0,-400.0
443355.16,353631.62,236.0,-400.0
443565.03,353631.62,236.0,-400.0
443774.9,353631.62,296.0,-448.0
443984.75,353631.62,296.0,-448.0
444194.62,353631.62,296.0,-448.0
444404.47,353631.62,236.0,-376.0
444614.34,353631.62,236.0,-376.0
444824.22,353631.62,236.0,-376.0
445034.06,353631.62,236.0,-376.0
445243.94,353631.62,236.0,-376.0
445453.8,353631.62,236.0,-376.0
445663.66,353631.62,236.0,-376.0
445873.53,353631.62,236.0,-376.0
446083.38,353631.62,236.0,-376.0
446293.25,353631.62,236.0,-376.0
446503.12,353631.62,236.0,-376.0
446712.97,353631.62,236.0,-376.0
446922.84,353631.62,236.0,-376.0
447132.7,353631.62,224.0,-376.0
447342.56,353631.62,224.0,-376.0
447552.44,353631.62,224.0,-376.0
447762.28,353631.62,212.0,-28.0
447972.16,353631.62,200.0,-28.0
448182.03,353631.62,188.0,-28.0
448391.88,353631.62,176.0,-28.0
448601.75,353631.62,152.0,-28.0
448811.6,353631.62,152.0,-28.0
449021.47,353631.62,152.0,-28.0
449231.34,353631.62,152.0,-28.0
449441.2,353631.62,152.0,-28.0
449651.06,353631.62,152.0,-16.0
449860.9,353631.62,152.0,-16.0
450070.78,353631.62,152.0,-16.0
450280.66,353631.62,152.0,-16.0
450490.5,353631.62,152.0,-16.0
450700.38,353631.62,152.0,-16.0
450910.25,353631.62,152.0,-16.0
451120.1,353631.62,152.0,-16.0
451329.97,353631.62,140.0,-196.0
451539.8,353631.62,140.0,-196.0
451749.7,353631.62,140.0,-196.0
451959.56,353631.62,140.0,-196.0
452169.4,353631.62,140.0,-196.0
452379.28,353631.62,140.0,-196.0
452589.12,353631.62,140.0,-196.0
452799.0,353631.62,140.0,-184.0
453008.88,353631.62,140.0,-184.0
453218.72,353631.62,140.0,-184.0
453428.6,353631.62,140.0,-184.0
453638.47,353631.62,140.0,-184.0
453848.3,353631.62,140.0,-184.0
454058.2,353631.62,164.0,-208.0
454268.03,353631.62,164.0,-208.0
454477.9,353631.62,164.0,-208.0
454687.78,353631.62,164.0,-208.0
454897.62,353631.62,164.0,-208.0
455107.5,353631.62,164.0,-208.0
455317.34,353631.62,164.0,-208.0
455527.22,353631.62,164.0,-208.0
455737.1,353631.62,164.0,-208.0
455946.94,353631.62,164.0,-196.0
456156.8,353631.62,164.0,-196.0
456366.7,353631.62,152.0,-196.0
456576.53,353631.62,152.0,-196.0
456786.4,353631.62,152.0,-196.0
456996.25,353631.62,152.0,-196.0
457206.12,353631.62,152.0,-196.0
457416.0,353631.62,152.0,-196.0
457625.84,353631.62,152.0,-184.0
457835.72,353631.62,152.0,-184.0
458045.6,353631.62,152.0,-184.0
458255.44,353631.62,128.0,-532.0
458465.3,353631.62,128.0,-532.0
458675.16,353631.62,128.0,-532.0
458885.03,353631.62,116.0,-532.0
459094.9,353631.62,116.0,-532.0
459304.75,353631.62,116.0,-532.0
459514.62,353631.62,116.0,-532.0
459724.47,353631.62,116.0,-532.0
459934.34,353631.62,116.0,-532.0
460144.22,353631.62,116.0,-532.0
418381.47,353834.25,,
418591.34,353834.25,,
418801.2,353834.25,,
419011.06,353834.25,,
419220.94,353834.25,,
419430.78,353834.25,,
419640.66,353834.25,,
419850.5,353834.25,,
420060.38,353834.25,,
420270.25,353834.25,,
420480.1,353834.25,,
420689.97,353834.25,,
420899.84,353834.25,,
421109.7,353834.25,200.0,200.0
421319.56,353834.25,236.0,176.0
421529.4,353834.25,248.0,176.0
421739.28,353834.25,248.0,176.0
421949.16,353834.25,248.0,176.0
422159.0,353834.25,248.0,176.0
422368.88,353834.25,248.0,176.0
422578.72,353834.25,260.0,176.0
422788.6,353834.25,260.0,176.0
422998.47,353834.25,260.0,176.0
423208.3,353834.25,260.0,176.0
423418.2,353834.25,272.0,176.0
423628.06,353834.25,272.0,176.0
423837.9,353834.25,272.0,176.0
424047.78,353834.25,272.0,176.0
424257.62,353834.25,284.0,164.0
424467.5,353834.25,284.0,164.0
424677.38,353834.25,284.0,164.0
424887.22,353834.25,284.0,164.0
425097.1,353834.25,284.0,164.0
425306.94,353834.25,296.0,164.0
425516.8,353834.25,296.0,164.0
425726.7,353834.25,296.0,164.0
425936.53,353834.25,296.0,164.0
426146.4,353834.25,296.0,164.0
426356.28,353834.25,296.0,164.0
426566.12,353834.25,296.0,164.0
426776.0,353834.25,296.0,164.0
426985.84,353834.25,296.0,164.0
427195.72,353834.25,296.0,164.0
427405.6,353834.25,296.0,164.0
427615.44,353834.25,296.0,92.0
427825.3,353834.25,296.0,92.0
428035.16,353834.25,296.0,92.0
428245.03,353834.25,296.0,92.0
428454.9,353834.25,296.0,92.0
428664.75,353834.25,296.0,92.0
428874.62,353834.25,296.0,92.0
429084.5,353834.25,308.0,92.0
429294.34,353834.25,308.0,92.0
429504.22,353834.25,308.0,92.0
429714.06,353834.25,308.0,92.0
429923.94,353834.25,308.0,92.0
430133.8,353834.25,308.0,104.0
430343.66,353834.25,308.0,104.0
430553.53,353834.25,308.0,104.0
430763.38,353834.25,308.0,104.0
430973.25,353834.25,308.0,104.0
431183.12,353834.25,308.0,104.0
431392.97,353834.25,308.0,104.0
431602.84,353834.25,308.0,92.0
431812.72,353834.25,248.0,-64.0
432022.56,353834.25,284.0,-64.0
432232.44,353834.25,284.0,-64.0
432442.28,353834.25,284.0,-64.0
432652.16,353834.25,284.0,-64.0
432862.03,353834.25,284.0,-64.0
433071.88,353834.25,284.0,-64.0
433281.75,353834.25,284.0,-64.0
433491.6,353834.25,284.0,-64.0
433701.47,353834.25,272.0,-64.0
433911.34,353834.25,272.0,-64.0
434121.2,353834.25,272.0,-64.0
434331.06,353834.25,296.0,-256.0
434540.94,353834.25,296.0,-256.0
434750.78,353834.25,296.0,-256.0
434960.66,353834.25,296.0,-256.0
435170.5,353834.25,296.0,-256.0
435380.38,353834.25,296.0,-256.0
435590.25,353834.25,272.0,-292.0
435800.1,353834.25,272.0,-292.0
436009.97,353834.25,272.0,-292.0
436219.8,353834.25,272.0,-292.0
436429.7,353834.25,272.0,-304.0
436639.56,353834.25,272.0,-304.0
436849.4,353834.25,260.0,-328.0
437059.28,353834.25,260.0,-328.0
437269.16,353834.25,260.0,-328.0
437479.0,353834.25,260.0,-328.0
437688.88,353834.25,260.0,-292.0
437898.72,353834.25,260.0,-292.0
438108.6,353834.25,260.0,-292.0
438318.47,353834.25,260.0,-292.0
438528.3,353834.25,260.0,-292.0
438738.2,353834.25,260.0,-292.0
438948.03,353834.25,296.0,-304.0
439157.9,353834.25,296.0,-304.0
439367.78,353834.25,296.0,-304.0
439577.62,353834.25,284.0,-304.0
439787.5,353834.25,284.0,-304.0
439997.38,353834.25,284.0,-304.0
440207.22,353834.25,308.0,-352.0
440417.1,353834.25,308.0,-352.0
440626.94,353834.25,308.0,-352.0
440836.8,353834.25,308.0,-352.0
441046.7,353834.25,308.0,-352.0
441256.53,353834.25,308.0,-352.0
441466.4,353834.25,308.0,-352.0
441676.25,353834.25,308.0,-352.0
441886.12,353834.25,296.0,-352.0
442096.0,353834.25,296.0,-352.0
442305.84,353834.25,296.0,-352.0
442515.72,353834.25,296.0,-352.0
442725.6,353834.25,296.0,-352.0
442935.44,353834.25,236.0,-400.0
443145.3,353834.25,236.0,-400.0
443355.16,353834.25,308.0,-436.0
443565.03,353834.25,308.0,-448.0
443774.9,353834.25,296.0,-448.0
443984.75,353834.25,296.0,-448.0
444194.62,353834.25,296.0,-448.0
444404.47,353834.25,236.0,-376.0
444614.34,353834.25,236.0,-376.0
444824.22,353834.25,236.0,-376.0
445034.06,353834.25,236.0,-376.0
445243.94,353834.25,236.0,-376.0
445453.8,353834.25,236.0,-376.0
445663.66,353834.25,236.0,-376.0
445873.53,353834.25,236.0,-376.0
446083.38,353834.25,236.0,-376.0
446293.25,353834.25,236.0,-376.0
446503.12,353834.25,236.0,-376.0
446712.97,353834.25,236.0,-376.0
446922.84,353834.25,236.0,-376.0
447132.7,353834.25,224.0,-376.0
447342.56,353834.25,224.0,-376.0
447552.44,353834.25,224.0,-376.0
447762.28,353834.25,224.0,-28.0
447972.16,353834.25,200.0,-28.0
448182.03,353834.25,188.0,-28.0
448391.88,353834.25,176.0,-28.0
448601.75,353834.25,152.0,-28.0
448811.6,353834.25,152.0,-28.0
449021.47,353834.25,152.0,-28.0
449231.34,353834.25,152.0,-28.0
449441.2,353834.25,152.0,-28.0
449651.06,353834.25,152.0,-16.0
449860.9,353834.25,152.0,-16.0
450070.78,353834.25,152.0,-16.0
450280.66,353834.25,152.0,-16.0
450490.5,353834.25,152.0,-16.0
450700.38,353834.25,152.0,-16.0
450910.25,353834.25,152.0,-16.0
451120.1,353834.25,140.0,-220.0
451329.97,353834.25,140.0,-196.0
451539.8,353834.25,140.0,-196.0
451749.7,353834.25,140.0,-196.0
451959.56,353834.25,140.0,-196.0
452169.4,353834.25,140.0,-196.0
452379.28,353834.25,140.0,-196.0
452589.12,353834.25,140.0,-196.0
452799.0,353834.25,140.0,-184.0
453008.88,353834.25,140.0,-184.0
453218.72,353834.25,140.0,-184.0
453428.6,353834.25,140.0,-184.0
453638.47,353834.25,140.0,-184.0
453848.3,353834.25,164.0,-208.0
454058.2,353834.25,164.0,-208.0
454268.03,353834.25,164.0,-208.0
454477.9,353834.25,164.0,-208.0
454687.78,353834.25,164.0,-208.0
454897.62,353834.25,164.0,-208.0
455107.5,353834.25,164.0,-208.0
455317.34,353834.25,164.0,-208.0
455527.22,353834.25,164.0,-208.0
455737.1,353834.25,164.0,-196.0
455946.94,353834.25,164.0,-196.0
456156.8,353834.25,164.0,-196.0
456366.7,353834.25,152.0,-196.0
456576.53,353834.25,152.0,-196.0
456786.4,353834.25,152.0,-196.0
456996.25,353834.25,152.0,-196.0
457206.12,353834.25,152.0,-196.0
457416.0,353834.25,152.0,-184.0
457625.84,353834.25,152.0,-184.0
457835.72,353834.25,152.0,-184.0
458045.6,353834.25,128.0,-544.0
458255.44,353834.25,128.0,-532.0
458465.3,353834.25,128.0,-532.0
458675.16,353834.25,128.0,-532.0
458885.03,353834.25,116.0,-532.0
459094.9,353834.25,116.0,-544.0
459304.75,353834.25,116.0,-544.0
459514.62,353834.25,116.0,-544.0
459724.47,353834.25,116.0,-544.0
459934.34,353834.25,116.0,-544.0
460144.22,353834.25,116.0,-544.0
418381.47,354036.88,,
418591.34,354036.88,,
418801.2,354036.88,,
419011.06,354036.88,,
419220.94,354036.88,,
419430.78,354036.88,,
419640.66,354036.88,,
419850.5,354036.88,,
420060.38,354036.88,,
420270.25,354036.88,,
420480.1,354036.88,,
420689.97,354036.88,,
420899.84,354036.88,,
421109.7,354036.88,236.0,176.0
421319.56,354036.88,236.0,176.0
421529.4,354036.88,236.0,176.0
421739.28,354036.88,248.0,176.0
421949.16,354036.88,248.0,176.0
422159.0,354036.88,248.0,176.0
422368.88,354036.88,248.0,176.0
422578.72,354036.88,248.0,176.0
422788.6,354036.88,260.0,176.0
422998.47,354036.88,260.0,176.0
423208.3,354036.88,260.0,176.0
423418.2,354036.88,260.0,176.0
423628.06,354036.88,272.0,176.0
423837.9,354036.88,272.0,176.0
424047.78,354036.88,272.0,176.0
424257.62,354036.88,284.0,176.0
424467.5,354036.88,284.0,164.0
424677.38,354036.88,284.0,164.0
424887.22,354036.88,284.0,164.0
425097.1,354036.88,284.0,164.0
425306.94,354036.88,284.0,164.0
425516.8,354036.88,296.0,164.0
425726.7,354036.88,296.0,164.0
425936.53,354036.88,296.0,164.0
426146.4,354036.88,296.0,164.0
426356.28,354036.88,296.0,164.0
426566.12,354036.88,296.0,164.0
426776.0,354036.88,296.0,164.0
426985.84,354036.88,296.0,164.0
427195.72,354036.88,296.0,164.0
427405.6,354036.88,296.0,164.0
427615.44,354036.88,296.0,92.0
427825.3,354036.88,296.0,92.0
428035.16,354036.88,296.0,92.0
428245.03,354036.88,296.0,92.0
428454.9,354036.88,296.0,92.0
428664.75,354036.88,296.0,92.0
428874.62,354036.88,308.0,104.0
429084.5,354036.88,308.0,104.0
429294.34,354036.88,308.0,92.0
429504.22,354036.88,308.0,92.0
429714.06,354036.88,308.0,92.0
429923.94,354036.88,308.0,92.0
430133.8,354036.88,308.0,104.0
430343.66,354036.88,308.0,104.0
430553.53,354036.88,308.0,104.0
430763.38,354036.88,308.0,104.0
430973.25,354036.88,308.0,104.0
431183.12,354036.88,308.0,104.0
431392.97,354036.88,308.0,104.0
431602.84,354036.88,248.0,-64.0
431812.72,354036.88,248.0,-64.0
432022.56,354036.88,248.0,-64.0
432232.44,354036.88,284.0,-64.0
432442.28,354036.88,284.0,-64.0
432652.16,354036.88,284.0,-64.0
432862.03,354036.88,284.0,-64.0
433071.88,354036.88,284.0,-64.0
433281.75,354036.88,284.0,-64.0
433491.6,354036.88,284.0,-64.0
433701.47,354036.88,284.0,-64.0
433911.34,354036.88,272.0,-64.0
434121.2,354036.88,272.0,-64.0
434331.06,354036.88,272.0,-64.0
434540.94,354036.88,296.0,-256.0
434750.78,354036.88,296.0,-256.0
434960.66,354036.88,296.0,-256.0
435170.5,354036.88,296.0,-256.0
435380.38,354036.88,272.0,-292.0
435590.25,354036.88,272.0,-292.0
435800.1,354036.88,272.0,-292.0
436009.97,354036.88,272.0,-292.0
436219.8,354036.88,272.0,-292.0
436429.7,354036.88,272.0,-292.0
436639.56,354036.88,272.0,-304.0
436849.4,354036.88,260.0,-328.0
437059.28,354036.88,260.0,-328.0
437269.16,354036.88,260.0,-328.0
437479.0,354036.88,260.0,-328.0
437688.88,354036.88,260.0,-328.0
437898.72,354036.88,260.0,-292.0
438108.6,354036.88,260.0,-292.0
438318.47,354036.88,260.0,-292.0
438528.3,354036.88,260.0,-292.0
438738.2,354036.88,296.0,-304.0
438948.03,354036.88,296.0,-304.0
439157.9,354036.88,296.0,-304.0
439367.78,354036.88,296.0,-304.0
439577.62,354036.88,296.0,-304.0
439787.5,354036.88,296.0,-304.0
439997.38,354036.88,296.0,-304.0
440207.22,354036.88,296.0,-304.0
440417.1,354036.88,296.0,-304.0
440626.94,354036.88,296.0,-304.0
440836.8,354036.88,296.0,-304.0
441046.7,354036.88,296.0,-304.0
441256.53,354036.88,296.0,-304.0
441466.4,354036.88,296.0,-304.0
441676.25,354036.88,296.0,-352.0
441886.12,354036.88,296.0,-352.0
442096.0,354036.88,296.0,-352.0
442305.84,354036.88,296.0,-352.0
442515.72,354036.88,296.0,-352.0
442725.6,354036.88,296.0,-352.0
442935.44,354036.88,296.0,-352.0
443145.3,354036.88,296.0,-352.0
443355.16,354036.88,308.0,-436.0
443565.03,354036.88,308.0,-436.0
443774.9,354036.88,308.0,-448.0
443984.75,354036.88,296.0,-448.0
444194.62,354036.88,296.0,-448.0
444404.47,354036.88,236.0,-376.0
444614.34,354036.88,236.0,-376.0
444824.22,354036.88,236.0,-376.0
445034.06,354036.88,236.0,-376.0
445243.94,354036.88,236.0,-376.0
445453.8,354036.88,236.0,-376.0
445663.66,354036.88,236.0,-376.0
445873.53,354036.88,236.0,-376.0
446083.38,354036.88,236.0,-376.0
446293.25,354036.88,236.0,-376.0
446503.12,354036.88,236.0,-376.0
446712.97,354036.88,236.0,-376.0
446922.84,354036.88,236.0,-376.0
447132.7,354036.88,224.0,-376.0
447342.56,354036.88,224.0,-376.0
447552.44,354036.88,224.0,-376.0
447762.28,354036.88,224.0,-28.0
447972.16,354036.88,212.0,-28.0
448182.03,354036.88,188.0,-28.0
448391.88,354036.88,176.0,-28.0
448601.75,354036.88,152.0,-28.0
448811.6,354036.88,152.0,-28.0
449021.47,354036.88,152.0,-28.0
449231.34,354036.88,152.0,-28.0
449441.2,354036.88,152.0,-16.0
449651.06,354036.88,152.0,-16.0
449860.9,354036.88,152.0,-16.0
450070.78,354036.88,152.0,-16.0
450280.66,354036.88,152.0,-16.0
450490.5,354036.88,152.0,-16.0
450700.38,354036.88,152.0,-16.0
450910.25,354036.88,140.0,-220.0
451120.1,354036.88,140.0,-220.0
451329.97,354036.88,140.0,-220.0
451539.8,354036.88,140.0,-196.0
451749.7,354036.88,140.0,-196.0
451959.56,354036.88,140.0,-196.0
452169.4,354036.88,140.0,-196.0
452379.28,354036.88,140.0,-196.0
452589.12,354036.88,140.0,-196.0
452799.0,354036.88,140.0,-184.0
453008.88,354036.88,140.0,-184.0
453218.72,354036.88,140.0,-184.0
453428.6,354036.88,140.0,-184.0
453638.47,354036.88,164.0,-208.0
453848.3,354036.88,164.0,-208.0
454058.2,354036.88,164.0,-208.0
454268.03,354036.88,164.0,-208.0
454477.9,354036.88,164.0,-208.0
454687.78,354036.88,164.0,-208.0
454897.62,354036.88,164.0,-208.0
455107.5,354036.88,164.0,-208.0
455317.34,354036.88,164.0,-196.0
455527.22,354036.88,164.0,-196.0
455737.1,354036.88,164.0,-196.0
455946.94,354036.88,164.0,-196.0
456156.8,354036.88,164.0,-196.0
456366.7,354036.88,152.0,-196.0
456576.53,354036.88,152.0,-196.0
456786.4,354036.88,152.0,-196.0
456996.25,354036.88,152.0,-196.0
457206.12,354036.88,152.0,-196.0
457416.0,354036.88,152.0,-184.0
457625.84,354036.88,152.0,-184.0
457835.72,354036.88,128.0,-544.0
458045.6,354036.88,128.0,-544.0
458255.44,354036.88,128.0,-544.0
458465.3,354036.88,128.0,-544.0
458675.16,354036.88,128.0,-544.0
458885.03,354036.88,128.0,-544.0
459094.9,354036.88,116.0,-544.0
459304.75,354036.88,116.0,-544.0
459514.62,354036.88,116.0,-544.0
459724.47,354036.88,116.0,-544.0
459934.34,354036.88,116.0,-544.0
460144.22,354036.88,116.0,-544.0
418381.47,354239.47,,
418591.34,354239.47,,
418801.2,354239.47,,
419011.06,354239.47,,
419220.94,354239.47,,
419430.78,354239.47,,
419640.66,354239.47,,
419850.5,354239.47,,
420060.38,354239.47,,
420270.25,354239.47,,
420480.1,354239.47,,
420689.97,354239.47,,
420899.84,354239.47,,
421109.7,354239.47,236.0,176.0
421319.56,354239.47,236.0,176.0
421529.4,354239.47,236.0,176.0
421739.28,354239.47,236.0,176.0
421949.16,354239.47,248.0,176.0
422159.0,354239.47,248.0,176.0
422368.88,354239.47,248.0,176.0
422578.72,354239.47,248.0,176.0
422788.6,354239.47,248.0,176.0
422998.47,354239.47,260.0,176.0
423208.3,354239.47,260.0,176.0
423418.2,354239.47,260.0,176.0
423628.06,354239.47,272.0,176.0
423837.9,354239.47,272.0,176.0
424047.78,354239.47,272.0,176.0
424257.62,354239.47,272.0,176.0
424467.5,354239.47,284.0,176.0
424677.38,354239.47,284.0,164.0
424887.22,354239.47,284.0,164.0
425097.1,354239.47,284.0,164.0
425306.94,354239.47,284.0,164.0
425516.8,354239.47,284.0,164.0
425726.7,354239.47,296.0,164.0
425936.53,354239.47,296.0,164.0
426146.4,354239.47,296.0,164.0
426356.28,354239.47,296.0,164.0
426566.12,354239.47,296.0,164.0
426776.0,354239.47,296.0,164.0
426985.84,354239.47,296.0,164.0
427195.72,354239.47,296.0,164.0
427405.6,354239.47,296.0,164.0
427615.44,354239.47,296.0,92.0
427825.3,354239.47,296.0,92.0
428035.16,354239.47,296.0,92.0
428245.03,354239.47,296.0,92.0
428454.9,354239.47,296.0,92.0
428664.75,354239.47,296.0,92.0
428874.62,354239.47,308.0,104.0
429084.5,354239.47,308.0,104.0
429294.34,354239.47,308.0,104.0
429504.22,354239.47,308.0,92.0
429714.06,354239.47,308.0,92.0
429923.94,354239.47,308.0,92.0
430133.8,354239.47,308.0,92.0
430343.66,354239.47,308.0,104.0
430553.53,354239.47,308.0,104.0
430763.38,354239.47,308.0,104.0
430973.25,354239.47,308.0,104.0
431183.12,354239.47,308.0,104.0
431392.97,354239.47,248.0,-64.0
431602.84,354239.47,248.0,-64.0
431812.72,354239.47,248.0,-64.0
432022.56,354239.47,248.0,-64.0
432232.44,354239.47,248.0,-64.0
432442.28,354239.47,284.0,-64.0
432652.16,354239.47,284.0,-64.0
432862.03,354239.47,284.0,-64.0
433071.88,354239.47,284.0,-64.0
433281.75,354239.47,284.0,-64.0
433491.6,354239.47,284.0,-64.0
433701.47,354239.47,284.0,-64.0
433911.34,354239.47,284.0,-64.0
434121.2,354239.47,272.0,-64.0
434331.06,354239.47,272.0,-64.0
434540.94,354239.47,296.0,-256.0
434750.78,354239.47,296.0,-256.0
434960.66,354239.47,260.0,-136.0
435170.5,354239.47,260.0,-136.0
435380.38,354239.47,260.0,-136.0
435590.25,354239.47,284.0,-292.0
435800.1,354239.47,272.0,-292.0
436009.97,354239.47,272.0,-292.0
436219.8,354239.47,272.0,-292.0
436429.7,354239.47,272.0,-292.0
436639.56,354239.47,272.0,-292.0
436849.4,354239.47,260.0,-328.0
437059.28,354239.47,260.0,-328.0
437269.16,354239.47,260.0,-328.0
437479.0,354239.47,260.0,-328.0
437688.88,354239.47,260.0,-328.0
437898.72,354239.47,260.0,-292.0
438108.6,354239.47,272.0,-316.0
438318.47,354239.47,272.0,-316.0
438528.3,354239.47,272.0,-316.0
438738.2,354239.47,296.0,-304.0
438948.03,354239.47,296.0,-304.0
439157.9,354239.47,296.0,-304.0
439367.78,354239.47,296.0,-304.0
439577.62,354239.47,296.0,-304.0
439787.5,354239.47,296.0,-304.0
439997.38,354239.47,296.0,-304.0
440207.22,354239.47,296.0,-304.0
440417.1,354239.47,296.0,-304.0
440626.94,354239.47,296.0,-304.0
440836.8,354239.47,296.0,-304.0
441046.7,354239.47,296.0,-304.0
441256.53,354239.47,296.0,-304.0
441466.4,354239.47,296.0,-304.0
441676.25,354239.47,308.0,-352.0
441886.12,354239.47,296.0,-352.0
442096.0,354239.47,296.0,-352.0
442305.84,354239.47,296.0,-352.0
442515.72,354239.47,296.0,-352.0
442725.6,354239.47,296.0,-352.0
442935.44,354239.47,296.0,-352.0
443145.3,354239.47,308.0,-436.0
443355.16,354239.47,308.0,-436.0
443565.03,354239.47,308.0,-436.0
443774.9,354239.47,308.0,-436.0
443984.75,354239.47,296.0,-448.0
444194.62,354239.47,296.0,-448.0
444404.47,354239.47,296.0,-448.0
444614.34,354239.47,236.0,-376.0
444824.22,354239.47,236.0,-376.0
445034.06,354239.47,236.0,-376.0
445243.94,354239.47,236.0,-376.0
445453.8,354239.47,236.0,-376.0
445663.66,354239.47,236.0,-376.0
445873.53,354239.47,236.0,-376.0
446083.38,354239.47,236.0,-376.0
446293.25,354239.47,236.0,-376.0
446503.12,354239.47,236.0,-376.0
446712.97,354239.47,236.0,-376.0
446922.84,354239.47,236.0,-376.0
447132.7,354239.47,224.0,-376.0
447342.56,354239.47,224.0,-376.0
447552.44,354239.47,224.0,-376.0
447762.28,354239.47,224.0,-376.0
447972.16,354239.47,212.0,-28.0
448182.03,354239.47,188.0,-28.0
448391.88,354239.47,164.0,-28.0
448601.75,354239.47,152.0,-28.0
448811.6,354239.47,152.0,-28.0
449021.47,354239.47,152.0,-28.0
449231.34,354239.47,152.0,-28.0
449441.2,354239.47,152.0,-16.0
449651.06,354239.47,152.0,-16.0
449860.9,354239.47,152.0,-16.0
450070.78,354239.47,152.0,-16.0
450280.66,354239.47,152.0,-16.0
450490.5,354239.47,140.0,-220.0
450700.38,354239.47,140.0,-220.0
450910.25,354239.47,140.0,-220.0
451120.1,354239.47,140.0,-220.0
451329.97,354239.47,140.0,-220.0
451539.8,354239.47,140.0,-196.0
451749.7,354239.47,140.0,-196.0
451959.56,354239.47,140.0,-196.0
452169.4,354239.47,140.0,-196.0
452379.28,354239.47,140.0,-196.0
452589.12,354239.47,140.0,-184.0
452799.0,354239.47,140.0,-184.0
453008.88,354239.47,140.0,-184.0
453218.72,354239.47,140.0,-184.0
453428.6,354239.47,140.0,-184.0
453638.47,354239.47,164.0,-208.0
453848.3,354239.47,164.0,-208.0
454058.2,354239.47,164.0,-208.0
454268.03,354239.47,164.0,-208.0
454477.9,354239.47,164.0,-208.0
454687.78,354239.47,164.0,-196.0
454897.62,354239.47,164.0,-196.0
455107.5,354239.47,164.0,-196.0
455317.34,354239.47,164.0,-196.0
455527.22,354239.47,164.0,-196.0
455737.1,354239.47,164.0,-196.0
455946.94,354239.47,164.0,-196.0
456156.8,354239.47,164.0,-196.0
456366.7,354239.47,152.0,-196.0
456576.53,354239.47,152.0,-196.0
456786.4,354239.47,152.0,-196.0
456996.25,354239.47,152.0,-196.0
457206.12,354239.47,152.0,-184.0
457416.0,354239.47,152.0,-184.0
457625.84,354239.47,152.0,-544.0
457835.72,354239.47,128.0,-544.0
458045.6,354239.47,128.0,-544.0
458255.44,354239.47,128.0,-544.0
458465.3,354239.47,128.0,-544.0
458675.16,354239.47,128.0,-544.0
458885.03,354239.47,128.0,-544.0
459094.9,354239.47,128.0,-544.0
459304.75,354239.47,116.0,-544.0
459514.62,354239.47,116.0,-544.0
459724.47,354239.47,116.0,-544.0
459934.34,354239.47,116.0,-544.0
460144.22,354239.47,116.0,-544.0
418381.47,354442.1,,
418591.34,354442.1,,
418801.2,354442.1,,
419011.06,354442.1,,
419220.94,354442.1,,
419430.78,354442.1,,
419640.66,354442.1,,
419850.5,354442.1,,
420060.38,354442.1,,
420270.25,354442.1,,
420480.1,354442.1,,
420689.97,354442.1,,
420899.84,354442.1,,
421109.7,354442.1,224.0,188.0
421319.56,354442.1,224.0,176.0
421529.4,354442.1,236.0,176.0
421739.28,354442.1,236.0,176.0
421949.16,354442.1,236.0,176.0
422159.0,354442.1,248.0,176.0
422368.88,354442.1,248.0,176.0
422578.72,354442.1,248.0,176.0
422788.6,354442.1,248.0,176.0
422998.47,354442.1,248.0,176.0
423208.3,354442.1,260.0,176.0
423418.2,354442.1,260.0,176.0
423628.06,354442.1,260.0,176.0
423837.9,354442.1,272.0,176.0
424047.78,354442.1,272.0,176.0
424257.62,354442.1,272.0,176.0
424467.5,354442.1,272.0,176.0
424677.38,354442.1,284.0,176.0
424887.22,354442.1,284.0,164.0
425097.1,354442.1,284.0,164.0
425306.94,354442.1,284.0,164.0
425516.8,354442.1,284.0,164.0
425726.7,354442.1,284.0,164.0
425936.53,354442.1,296.0,164.0
426146.4,354442.1,296.0,164.0
426356.28,354442.1,296.0,164.0
426566.12,354442.1,296.0,164.0
426776.0,354442.1,296.0,164.0
426985.84,354442.1,296.0,164.0
427195.72,354442.1,296.0,164.0
427405.6,354442.1,296.0,164.0
427615.44,354442.1,296.0,92.0
427825.3,354442.1,296.0,92.0
428035.16,354442.1,296.0,92.0
428245.03,354442.1,296.0,92.0
428454.9,354442.1,296.0,92.0
428664.75,354442.1,308.0,104.0
428874.62,354442.1,308.0,104.0
429084.5,354442.1,308.0,104.0
429294.34,354442.1,308.0,104.0
429504.22,354442.1,308.0,104.0
429714.06,354442.1,308.0,104.0
429923.94,354442.1,308.0,104.0
430133.8,354442.1,308.0,104.0
430343.66,354442.1,308.0,104.0
430553.53,354442.1,308.0,104.0
430763.38,354442.1,308.0,104.0
430973.25,354442.1,308.0,104.0
431183.12,354442.1,248.0,-64.0
431392.97,354442.1,248.0,-64.0
431602.84,354442.1,248.0,-64.0
431812.72,354442.1,248.0,-64.0
432022.56,354442.1,248.0,-64.0
432232.44,354442.1,248.0,-64.0
432442.28,354442.1,284.0,-64.0
432652.16,354442.1,284.0,-64.0
432862.03,354442.1,284.0,-64.0
433071.88,354442.1,284.0,-64.0
433281.75,354442.1,284.0,-64.0
433491.6,354442.1,284.0,-64.0
433701.47,354442.1,284.0,-64.0
433911.34,354442.1,284.0,-64.0
434121.2,354442.1,284.0,-64.0
434331.06,354442.1,272.0,-64.0
434540.94,354442.1,260.0,-136.0
434750.78,354442.1,260.0,-136.0
434960.66,354442.1,260.0,-136.0
435170.5,354442.1,260.0,-136.0
435380.38,354442.1,260.0,-136.0
435590.25,354442.1,260.0,-136.0
435800.1,354442.1,284.0,-292.0
436009.97,354442.1,284.0,-292.0
436219.8,354442.1,284.0,-292.0
436429.7,354442.1,284.0,-292.0
436639.56,354442.1,284.0,-292.0
436849.4,354442.1,260.0,-328.0
437059.28,354442.1,260.0,-328.0
437269.16,354442.1,260.0,-328.0
437479.0,354442.1,260.0,-328.0
437688.88,354442.1,260.0,-328.0
437898.72,354442.1,272.0,-316.0
438108.6,354442.1,272.0,-316.0
438318.47,354442.1,272.0,-316.0
438528.3,354442.1,272.0,-316.0
438738.2,354442.1,272.0,-316.0
438948.03,354442.1,296.0,-304.0
439157.9,354442.1,296.0,-304.0
439367.78,354442.1,296.0,-304.0
439577.62,354442.1,296.0,-304.0
439787.5,354442.1,296.0,-304.0
439997.38,354442.1,296.0,-304.0
440207.22,354442.1,296.0,-304.0
440417.1,354442.1,296.0,-304.0
440626.94,354442.1,296.0,-304.0
440836.8,354442.1,296.0,-304.0
441046.7,354442.1,296.0,-304.0
441256.53,354442.1,296.0,-304.0
441466.4,354442.1,296.0,-304.0
441676.25,354442.1,308.0,-352.0
441886.12,354442.1,296.0,-352.0
442096.0,354442.1,296.0,-352.0
442305.84,354442.1,296.0,-352.0
442515.72,354442.1,296.0,-352.0
442725.6,354442.1,296.0,-352.0
442935.44,354442.1,296.0,-352.0
443145.3,354442.1,308.0,-436.0
443355.16,354442.1,308.0,-436.0
443565.03,354442.1,308.0,-436.0
443774.9,354442.1,308.0,-436.0
443984.75,354442.1,308.0,-436.0
444194.62,354442.1,296.0,-436.0
444404.47,354442.1,296.0,-448.0
444614.34,354442.1,236.0,-376.0
444824.22,354442.1,236.0,-376.0
445034.06,354442.1,236.0,-376.0
445243.94,354442.1,236.0,-376.0
445453.8,354442.1,236.0,-376.0
445663.66,354442.1,236.0,-376.0
445873.53,354442.1,236.0,-376.0
446083.38,354442.1,236.0,-376.0
446293.25,354442.1,236.0,-376.0
446503.12,354442.1,236.0,-376.0
446712.97,354442.1,236.0,-376.0
446922.84,354442.1,236.0,-376.0
447132.7,354442.1,224.0,-376.0
447342.56,354442.1,224.0,-376.0
447552.44,354442.1,224.0,-376.0
447762.28,354442.1,224.0,-376.0
447972.16,354442.1,212.0,-28.0
448182.03,354442.1,188.0,-28.0
448391.88,354442.1,152.0,-28.0
448601.75,354442.1,152.0,-28.0
448811.6,354442.1,152.0,-28.0
449021.47,354442.1,152.0,-28.0
449231.34,354442.1,152.0,-16.0
449441.2,354442.1,152.0,-16.0
449651.06,354442.1,152.0,-16.0
449860.9,354442.1,152.0,-16.0
450070.78,354442.1,152.0,-16.0
450280.66,354442.1,140.0,-220.0
450490.5,354442.1,140.0,-220.0
450700.38,354442.1,140.0,-220.0
450910.25,354442.1,140.0,-220.0
451120.1,354442.1,140.0,-220.0
451329.97,354442.1,140.0,-220.0
451539.8,354442.1,140.0,-208.0
451749.7,354442.1,140.0,-196.0
451959.56,354442.1,140.0,-196.0
452169.4,354442.1,140.0,-196.0
452379.28,354442.1,140.0,-196.0
452589.12,354442.1,140.0,-184.0
452799.0,354442.1,140.0,-184.0
453008.88,354442.1,140.0,-184.0
453218.72,354442.1,140.0,-184.0
453428.6,354442.1,164.0,-208.0
453638.47,354442.1,164.0,-208.0
453848.3,354442.1,164.0,-208.0
454058.2,354442.1,164.0,-208.0
454268.03,354442.1,164.0,-208.0
454477.9,354442.1,164.0,-196.0
454687.78,354442.1,164.0,-196.0
454897.62,354442.1,164.0,-196.0
455107.5,354442.1,164.0,-196.0
455317.34,354442.1,164.0,-196.0
455527.22,354442.1,164.0,-196.0
455737.1,354442.1,164.0,-196.0
455946.94,354442.1,164.0,-196.0
456156.8,354442.1,164.0,-196.0
456366.7,354442.1,164.0,-196.0
456576.53,354442.1,152.0,-196.0
456786.4,354442.1,152.0,-196.0
456996.25,354442.1,152.0,-196.0
457206.12,354442.1,152.0,-184.0
457416.0,354442.1,152.0,-544.0
457625.84,354442.1,128.0,-544.0
457835.72,354442.1,128.0,-544.0
458045.6,354442.1,128.0,-544.0
458255.44,354442.1,128.0,-544.0
458465.3,354442.1,128.0,-544.0
458675.16,354442.1,128.0,-544.0
458885.03,354442.1,128.0,-544.0
459094.9,354442.1,128.0,-544.0
459304.75,354442.1,128.0,-544.0
459514.62,354442.1,116.0,-544.0
459724.47,354442.1,116.0,-544.0
459934.34,354442.1,116.0,-544.0
460144.22,354442.1,116.0,-544.0
418381.47,354644.72,,
418591.34,354644.72,,
418801.2,354644.72,,
419011.06,354644.72,,
419220.94,354644.72,,
419430.78,354644.72,,
419640.66,354644.72,,
419850.5,354644.72,,
420060.38,354644.72,,
420270.25,354644.72,,
420480.1,354644.72,,
420689.97,354644.72,,
420899.84,354644.72,212.0,188.0
421109.7,354644.72,224.0,188.0
421319.56,354644.72,224.0,188.0
421529.4,354644.72,224.0,176.0
421739.28,354644.72,236.0,176.0
421949.16,354644.72,236.0,176.0
422159.0,354644.72,236.0,176.0
422368.88,354644.72,236.0,176.0
422578.72,354644.72,248.0,176.0
422788.6,354644.72,248.0,176.0
422998.47,354644.72,248.0,176.0
423208.3,354644.72,248.0,176.0
423418.2,354644.72,260.0,176.0
423628.06,354644.72,260.0,176.0
423837.9,354644.72,260.0,176.0
424047.78,354644.72,272.0,176.0
424257.62,354644.72,272.0,176.0
424467.5,354644.72,272.0,176.0
424677.38,354644.72,272.0,176.0
424887.22,354644.72,284.0,176.0
425097.1,354644.72,284.0,176.0
425306.94,354644.72,284.0,176.0
425516.8,354644.72,284.0,176.0
425726.7,354644.72,284.0,176.0
425936.53,354644.72,284.0,176.0
426146.4,354644.72,284.0,176.0
426356.28,354644.72,296.0,176.0
426566.12,354644.72,296.0,176.0
426776.0,354644.72,296.0,176.0
426985.84,354644.72,296.0,164.0
427195.72,354644.72,296.0,164.0
427405.6,354644.72,296.0,104.0
427615.44,354644.72,296.0,104.0
427825.3,354644.72,296.0,104.0
428035.16,354644.72,296.0,92.0
428245.03,354644.72,296.0,92.0
428454.9,354644.72,308.0,104.0
428664.75,354644.72,308.0,104.0
428874.62,354644.72,308.0,104.0
429084.5,354644.72,308.0,104.0
429294.34,354644.72,308.0,104.0
429504.22,354644.72,308.0,104.0
429714.06,354644.72,308.0,104.0
429923.94,354644.72,308.0,104.0
430133.8,354644.72,308.0,104.0
430343.66,354644.72,308.0,104.0
430553.53,354644.72,308.0,104.0
430763.38,354644.72,308.0,104.0
430973.25,354644.72,308.0,-64.0
431183.12,354644.72,248.0,-64.0
431392.97,354644.72,248.0,-64.0
431602.84,354644.72,248.0,-64.0
431812.72,354644.72,248.0,-64.0
432022.56,354644.72,248.0,-64.0
432232.44,354644.72,248.0,-64.0
432442.28,354644.72,248.0,-64.0
432652.16,354644.72,284.0,-64.0
432862.03,354644.72,284.0,-64.0
433071.88,354644.72,284.0,-64.0
433281.75,354644.72,284.0,-64.0
433491.6,354644.72,284.0,-64.0
433701.47,354644.72,284.0,-64.0
433911.34,354644.72,284.0,-64.0
434121.2,354644.72,284.0,-64.0
434331.06,354644.72,284.0,-64.0
434540.94,354644.72,260.0,-136.0
434750.78,354644.72,260.0,-136.0
434960.66,354644.72,260.0,-136.0
435170.5,354644.72,260.0,-136.0
435380.38,354644.72,260.0,-136.0
435590.25,354644.72,260.0,-136.0
435800.1,354644.72,260.0,-136.0
436009.97,354644.72,284.0,-292.0
436219.8,354644.72,284.0,-292.0
436429.7,354644.72,284.0,-292.0
436639.56,354644.72,260.0,-292.0
436849.4,354644.72,260.0,-292.0
437059.28,354644.72,260.0,-292.0
437269.16,354644.72,260.0,-328.0
437479.0,354644.72,260.0,-328.0
437688.88,354644.72,260.0,-328.0
437898.72,354644.72,272.0,-316.0
438108.6,354644.72,272.0,-316.0
438318.47,354644.72,272.0,-316.0
438528.3,354644.72,272.0,-316.0
438738.2,354644.72,272.0,-316.0
438948.03,354644.72,296.0,-304.0
439157.9,354644.72,296.0,-304.0
439367.78,354644.72,296.0,-304.0
439577.62,354644.72,296.0,-304.0
439787.5,354644.72,296.0,-304.0
439997.38,354644.72,296.0,-304.0
440207.22,354644.72,296.0,-304.0
440417.1,354644.72,296.0,-304.0
440626.94,354644.72,296.0,-304.0
440836.8,354644.72,296.0,-304.0
441046.7,354644.72,296.0,-304.0
441256.53,354644.72,296.0,-304.0
441466.4,354644.72,296.0,-304.0
441676.25,354644.72,308.0,-352.0
441886.12,354644.72,308.0,-352.0
442096.0,354644.72,308.0,-352.0
442305.84,354644.72,296.0,-352.0
442515.72,354644.72,296.0,-352.0
442725.6,354644.72,296.0,-352.0
442935.44,354644.72,296.0,-352.0
443145.3,354644.72,308.0,-436.0
443355.16,354644.72,308.0,-436.0
443565.03,354644.72,308.0,-436.0
443774.9,354644.72,308.0,-436.0
443984.75,354644.72,308.0,-436.0
444194.62,354644.72,296.0,-436.0
444404.47,354644.72,296.0,-436.0
444614.34,354644.72,236.0,-376.0
444824.22,354644.72,236.0,-376.0
445034.06,354644.72,236.0,-376.0
445243.94,354644.72,236.0,-376.0
445453.8,354644.72,236.0,-376.0
445663.66,354644.72,236.0,-376.0
445873.53,354644.72,236.0,-376.0
446083.38,354644.72,236.0,-376.0
446293.25,354644.72,236.0,-376.0
446503.12,354644.72,236.0,-376.0
446712.97,354644.72,236.0,-376.0
446922.84,354644.72,224.0,-376.0
447132.7,354644.72,224.0,-376.0
447342.56,354644.72,224.0,-376.0
447552.44,354644.72,224.0,-376.0
447762.28,354644.72,224.0,-376.0
447972.16,354644.72,212.0,-28.0
448182.03,354644.72,188.0,-28.0
448391.88,354644.72,152.0,-28.0
448601.75,354644.72,152.0,-28.0
448811.6,354644.72,152.0,-28.0
449021.47,354644.72,152.0,-28.0
449231.34,354644.72,152.0,-16.0
449441.2,354644.72,152.0,-16.0
449651.06,354644.72,152.0,-16.0
449860.9,354644.72,140.0,-220.0
450070.78,354644.72,140.0,-220.0
450280.66,354644.72,140.0,-220.0
450490.5,354644.72,140.0,-220.0
450700.38,354644.72,140.0,-220.0
450910.25,354644.72,140.0,-220.0
451120.1,354644.72,140.0,-220.0
451329.97,354644.72,140.0,-208.0
451539.8,354644.72,140.0,-208.0
451749.7,354644.72,140.0,-196.0
451959.56,354644.72,140.0,-196.0
452169.4,354644.72,140.0,-196.0
452379.28,354644.72,140.0,-196.0
452589.12,354644.72,140.0,-184.0
452799.0,354644.72,140.0,-184.0
453008.88,354644.72,140.0,-184.0
453218.72,354644.72,164.0,-208.0
453428.6,354644.72,164.0,-208.0
453638.47,354644.72,164.0,-208.0
453848.3,354644.72,164.0,-208.0
454058.2,354644.72,164.0,-208.0
454268.03,354644.72,164.0,-196.0
454477.9,354644.72,164.0,-196.0
454687.78,354644.72,164.0,-196.0
454897.62,354644.72,164.0,-196.0
455107.5,354644.72,164.0,-196.0
455317.34,354644.72,164.0,-196.0
455527.22,354644.72,164.0,-196.0
455737.1,354644.72,164.0,-196.0
455946.94,354644.72,164.0,-196.0
456156.8,354644.72,164.0,-196.0
456366.7,354644.72,164.0,-196.0
456576.53,354644.72,152.0,-196.0
456786.4,354644.72,152.0,-196.0
456996.25,354644.72,152.0,-184.0
457206.12,354644.72,152.0,-544.0
457416.0,354644.72,128.0,-544.0
457625.84,354644.72,128.0,-544.0
457835.72,354644.72,128.0,-544.0
458045.6,354644.72,128.0,-544.0
458255.44,354644.72,128.0,-544.0
458465.3,354644.72,128.0,-544.0
458675.16,354644.72,128.0,-544.0
458885.03,354644.72,128.0,-544.0
459094.9,354644.72,128.0,-544.0
459304.75,354644.72,128.0,-544.0
459514.62,354644.72,128.0,-544.0
459724.47,354644.72,116.0,-544.0
459934.34,354644.72,116.0,-544.0
460144.22,354644.72,116.0,-544.0
418381.47,354847.34,,
418591.34,354847.34,,
418801.2,354847.34,,
419011.06,354847.34,,
419220.94,354847.34,,
419430.78,354847.34,,
419640.66,354847.34,,
419850.5,354847.34,,
420060.38,354847.34,,
420270.25,354847.34,,
420480.1,354847.34,,
420689.97,354847.34,,
420899.84,354847.34,212.0,188.0
421109.7,354847.34,212.0,188.0
421319.56,354847.34,224.0,188.0
421529.4,354847.34,224.0,188.0
421739.28,354847.34,224.0,176.0
421949.16,354847.34,236.0,176.0
422159.0,354847.34,236.0,176.0
422368.88,354847.34,236.0,176.0
422578.72,354847.34,236.0,176.0
422788.6,354847.34,248.0,176.0
422998.47,354847.34,248.0,176.0
423208.3,354847.34,248.0,176.0
423418.2,354847.34,248.0,176.0
423628.06,354847.34,260.0,176.0
423837.9,354847.34,260.0,176.0
424047.78,354847.34,260.0,176.0
424257.62,354847.34,260.0,176.0
424467.5,354847.34,272.0,176.0
424677.38,354847.34,272.0,176.0
424887.22,354847.34,272.0,176.0
425097.1,354847.34,272.0,176.0
425306.94,354847.34,284.0,176.0
425516.8,354847.34,284.0,176.0
425726.7,354847.34,284.0,176.0
425936.53,354847.34,284.0,176.0
426146.4,354847.34,284.0,176.0
426356.28,354847.34,284.0,176.0
426566.12,354847.34,284.0,176.0
426776.0,354847.34,296.0,176.0
426985.84,354847.34,296.0,176.0
427195.72,354847.34,296.0,176.0
427405.6,354847.34,296.0,104.0
427615.44,354847.34,296.0,104.0
427825.3,354847.34,296.0,104.0
428035.16,354847.34,296.0,104.0
428245.03,354847.34,296.0,104.0
428454.9,354847.34,296.0,104.0
428664.75,354847.34,308.0,104.0
428874.62,354847.34,308.0,104.0
429084.5,354847.34,308.0,104.0
429294.34,354847.34,308.0,104.0
429504.22,354847.34,308.0,104.0
429714.06,354847.34,308.0,104.0
429923.94,354847.34,308.0,104.0
430133.8,354847.34,308.0,104.0
430343.66,354847.34,308.0,104.0
430553.53,354847.34,308.0,104.0
430763.38,354847.34,308.0,104.0
430973.25,354847.34,248.0,-64.0
431183.12,354847.34,248.0,-64.0
431392.97,354847.34,236.0,-64.0
431602.84,354847.34,236.0,-64.0
431812.72,354847.34,236.0,-64.0
432022.56,354847.34,236.0,-64.0
432232.44,354847.34,236.0,-64.0
432442.28,354847.34,236.0,-64.0
432652.16,354847.34,236.0,-64.0
432862.03,354847.34,284.0,-64.0
433071.88,354847.34,284.0,-64.0
433281.75,354847.34,284.0,-64.0
433491.6,354847.34,284.0,-64.0
433701.47,354847.34,284.0,-64.0
433911.34,354847.34,284.0,-64.0
434121.2,354847.34,284.0,-64.0
434331.06,354847.34,284.0,-64.0
434540.94,354847.34,260.0,-136.0
434750.78,354847.34,260.0,-136.0
434960.66,354847.34,260.0,-136.0
435170.5,354847.34,260.0,-136.0
435380.38,354847.34,260.0,-136.0
435590.25,354847.34,260.0,-136.0
435800.1,354847.34,260.0,-136.0
436009.97,354847.34,260.0,-136.0
436219.8,354847.34,284.0,-292.0
436429.7,354847.34,260.0,-292.0
436639.56,354847.34,260.0,-292.0
436849.4,354847.34,260.0,-292.0
437059.28,354847.34,260.0,-292.0
437269.16,354847.34,260.0,-292.0
437479.0,354847.34,260.0,-292.0
437688.88,354847.34,272.0,-316.0
437898.72,354847.34,272.0,-316.0
438108.6,354847.34,272.0,-316.0
438318.47,354847.34,272.0,-316.0
438528.3,354847.34,272.0,-316.0
438738.2,354847.34,272.0,-316.0
438948.03,354847.34,296.0,-304.0
439157.9,354847.34,296.0,-304.0
439367.78,354847.34,296.0,-304.0
439577.62,354847.34,296.0,-304.0
439787.5,354847.34,284.0,-292.0
439997.38,354847.34,284.0,-292.0
440207.22,354847.34,296.0,-304.0
440417.1,354847.34,296.0,-304.0
440626.94,354847.34,296.0,-304.0
440836.8,354847.34,296.0,-304.0
441046.7,354847.34,296.0,-304.0
441256.53,354847.34,296.0,-304.0
441466.4,354847.34,296.0,-304.0
441676.25,354847.34,308.0,-352.0
441886.12,354847.34,308.0,-352.0
442096.0,354847.34,308.0,-352.0
442305.84,354847.34,296.0,-352.0
442515.72,354847.34,296.0,-352.0
442725.6,354847.34,296.0,-352.0
442935.44,354847.34,296.0,-352.0
443145.3,354847.34,308.0,-436.0
443355.16,354847.34,308.0,-436.0
443565.03,354847.34,308.0,-436.0
443774.9,354847.34,308.0,-436.0
443984.75,354847.34,308.0,-436.0
444194.62,354847.34,296.0,-436.0
444404.47,354847.34,296.0,-436.0
444614.34,354847.34,236.0,-376.0
444824.22,354847.34,236.0,-376.0
445034.06,354847.34,236.0,-376.0
445243.94,354847.34,236.0,-376.0
445453.8,354847.34,236.0,-376.0
445663.66,354847.34,236.0,-376.0
445873.53,354847.34,236.0,-376.0
446083.38,354847.34,236.0,-376.0
446293.25,354847.34,236.0,-376.0
446503.12,354847.34,236.0,-376.0
446712.97,354847.34,236.0,-376.0
446922.84,354847.34,224.0,-376.0
447132.7,354847.34,224.0,-376.0
447342.56,354847.34,224.0,-376.0
447552.44,354847.34,224.0,-376.0
447762.28,354847.34,200.0,-376.0
447972.16,354847.34,200.0,-376.0
448182.03,354847.34,188.0,-28.0
448391.88,354847.34,164.0,-28.0
448601.75,354847.34,152.0,-28.0
448811.6,354847.34,152.0,-28.0
449021.47,354847.34,152.0,-28.0
449231.34,354847.34,152.0,-16.0
449441.2,354847.34,152.0,-16.0
449651.06,354847.34,140.0,-220.0
449860.9,354847.34,140.0,-220.0
450070.78,354847.34,140.0,-220.0
450280.66,354847.34,140.0,-220.0
450490.5,354847.34,140.0,-220.0
450700.38,354847.34,140.0,-220.0
450910.25,354847.34,140.0,-220.0
451120.1,354847.34,140.0,-220.0
451329.97,354847.34,140.0,-208.0
451539.8,354847.34,140.0,-208.0
451749.7,354847.34,140.0,-208.0
451959.56,354847.34,140.0,-196.0
452169.4,354847.34,140.0,-196.0
452379.28,354847.34,140.0,-184.0
452589.12,354847.34,140.0,-184.0
452799.0,354847.34,140.0,-184.0
453008.88,354847.34,140.0,-184.0
453218.72,354847.34,164.0,-208.0
453428.6,354847.34,164.0,-208.0
453638.47,354847.34,164.0,-208.0
453848.3,354847.34,164.0,-208.0
454058.2,354847.34,164.0,-196.0
454268.03,354847.34,164.0,-196.0
454477.9,354847.34,164.0,-196.0
454687.78,354847.34,164.0,-196.0
454897.62,354847.34,164.0,-196.0
455107.5,354847.34,164.0,-196.0
455317.34,354847.34,164.0,-196.0
455527.22,354847.34,164.0,-196.0
455737.1,354847.34,164.0,-196.0
455946.94,354847.34,164.0,-196.0
456156.8,354847.34,164.0,-196.0
456366.7,354847.34,164.0,-196.0
456576.53,354847.34,152.0,-196.0
456786.4,354847.34,152.0,-196.0
456996.25,354847.34,152.0,-544.0
457206.12,354847.34,128.0,-544.0
457416.0,354847.34,128.0,-544.0
457625.84,354847.34,128.0,-544.0
457835.72,354847.34,128.0,-544.0
458045.6,354847.34,128.0,-544.0
458255.44,354847.34,128.0,-544.0
458465.3,354847.34,128.0,-544.0
458675.16,354847.34,128.0,-544.0
458885.03,354847.34,128.0,-544.0
459094.9,354847.34,128.0,-544.0
459304.75,354847.34,128.0,-544.0
459514.62,354847.34,128.0,-544.0
459724.47,354847.34,116.0,-544.0
459934.34,354847.34,116.0,-544.0
460144.22,354847.34,116.0,-544.0
418381.47,355049.97,,
418591.34,355049.97,,
418801.2,355049.97,,
419011.06,355049.97,,
419220.94,355049.97,,
419430.78,355049.97,,
419640.66,355049.97,,
419850.5,355049.97,,
420060.38,355049.97,,
420270.25,355049.97,,
420480.1,355049.97,,
420689.97,355049.97,212.0,200.0
420899.84,355049.97,212.0,200.0
421109.7,355049.97,212.0,188.0
421319.56,355049.97,212.0,188.0
421529.4,355049.97,224.0,188.0
421739.28,355049.97,224.0,188.0
421949.16,355049.97,224.0,176.0
422159.0,355049.97,224.0,176.0
422368.88,355049.97,236.0,176.0
422578.72,355049.97,236.0,176.0
422788.6,355049.97,236.0,176.0
422998.47,355049.97,236.0,176.0
423208.3,355049.97,248.0,176.0
423418.2,355049.97,248.0,176.0
423628.06,355049.97,248.0,176.0
423837.9,355049.97,248.0,176.0
424047.78,355049.97,260.0,176.0
424257.62,355049.97,260.0,176.0
424467.5,355049.97,260.0,176.0
424677.38,355049.97,272.0,176.0
424887.22,355049.97,272.0,176.0
425097.1,355049.97,272.0,176.0
425306.94,355049.97,272.0,176.0
425516.8,355049.97,284.0,176.0
425726.7,355049.97,284.0,176.0
425936.53,355049.97,284.0,176.0
426146.4,355049.97,284.0,176.0
426356.28,355049.97,284.0,176.0
426566.12,355049.97,284.0,176.0
426776.0,355049.97,284.0,176.0
426985.84,355049.97,284.0,176.0
427195.72,355049.97,296.0,176.0
427405.6,355049.97,296.0,104.0
427615.44,355049.97,296.0,104.0
427825.3,355049.97,296.0,104.0
428035.16,355049.97,296.0,104.0
428245.03,355049.97,296.0,104.0
428454.9,355049.97,296.0,104.0
428664.75,355049.97,296.0,104.0
428874.62,355049.97,308.0,104.0
429084.5,355049.97,308.0,104.0
429294.34,355049.97,308.0,104.0
429504.22,355049.97,308.0,104.0
429714.06,355049.97,308.0,104.0
429923.94,355049.97,308.0,104.0
430133.8,355049.97,308.0,104.0
430343.66,355049.97,308.0,104.0
430553.53,355049.97,308.0,104.0
430763.38,355049.97,236.0,-64.0
430973.25,355049.97,236.0,-64.0
431183.12,355049.97,236.0,-64.0
431392.97,355049.97,236.0,-64.0
431602.84,355049.97,236.0,-64.0
431812.72,355049.97,236.0,-64.0
432022.56,355049.97,236.0,-64.0
432232.44,355049.97,236.0,-64.0
432442.28,355049.97,236.0,-64.0
432652.16,355049.97,236.0,-64.0
432862.03,355049.97,236.0,-64.0
433071.88,355049.97,284.0,-64.0
433281.75,355049.97,284.0,-64.0
433491.6,355049.97,284.0,-64.0
433701.47,355049.97,284.0,-64.0
433911.34,355049.97,284.0,-64.0
434121.2,355049.97,224.0,-52.0
434331.06,355049.97,260.0,-136.0
434540.94,355049.97,260.0,-136.0
434750.78,355049.97,260.0,-136.0
434960.66,355049.97,260.0,-136.0
435170.5,355049.97,260.0,-136.0
435380.38,355049.97,260.0,-136.0
435590.25,355049.97,260.0,-136.0
435800.1,355049.97,260.0,-136.0
436009.97,355049.97,260.0,-136.0
436219.8,355049.97,260.0,-292.0
436429.7,355049.97,260.0,-292.0
436639.56,355049.97,260.0,-292.0
436849.4,355049.97,260.0,-292.0
437059.28,355049.97,260.0,-292.0
437269.16,355049.97,260.0,-292.0
437479.0,355049.97,248.0,-256.0
437688.88,355049.97,248.0,-256.0
437898.72,355049.97,284.0,-316.0
438108.6,355049.97,272.0,-316.0
438318.47,355049.97,272.0,-316.0
438528.3,355049.97,272.0,-316.0
438738.2,355049.97,272.0,-316.0
438948.03,355049.97,272.0,-316.0
439157.9,355049.97,284.0,-292.0
439367.78,355049.97,284.0,-292.0
439577.62,355049.97,284.0,-292.0
439787.5,355049.97,284.0,-292.0
439997.38,355049.97,284.0,-292.0
440207.22,355049.97,296.0,-304.0
440417.1,355049.97,296.0,-304.0
440626.94,355049.97,296.0,-304.0
440836.8,355049.97,296.0,-304.0
441046.7,355049.97,296.0,-304.0
441256.53,355049.97,296.0,-304.0
441466.4,355049.97,296.0,-304.0
441676.25,355049.97,308.0,-352.0
441886.12,355049.97,308.0,-352.0
442096.0,355049.97,308.0,-352.0
442305.84,355049.97,296.0,-352.0
442515.72,355049.97,296.0,-352.0
442725.6,355049.97,296.0,-352.0
442935.44,355049.97,296.0,-352.0
443145.3,355049.97,308.0,-436.0
443355.16,355049.97,308.0,-436.0
443565.03,355049.97,308.0,-436.0
443774.9,355049.97,308.0,-436.0
443984.75,355049.97,296.0,-436.0
444194.62,355049.97,296.0,-436.0
444404.47,355049.97,296.0,-436.0
444614.34,355049.97,236.0,-376.0
444824.22,355049.97,236.0,-376.0
445034.06,355049.97,236.0,-376.0
445243.94,355049.97,236.0,-376.0
445453.8,355049.97,236.0,-376.0
445663.66,355049.97,236.0,-376.0
445873.53,355049.97,236.0,-376.0
446083.38,355049.97,236.0,-376.0
446293.25,355049.97,236.0,-376.0
446503.12,355049.97,236.0,-376.0
446712.97,355049.97,236.0,-376.0
446922.84,355049.97,236.0,-376.0
447132.7,355049.97,224.0,-376.0
447342.56,355049.97,224.0,-376.0
447552.44,355049.97,200.0,-376.0
447762.28,355049.97,200.0,-376.0
447972.16,355049.97,200.0,-376.0
448182.03,355049.97,200.0,-376.0
448391.88,355049.97,164.0,-28.0
448601.75,355049.97,152.0,-28.0
448811.6,355049.97,152.0,-28.0
449021.47,355049.97,152.0,-28.0
449231.34,355049.97,152.0,-16.0
449441.2,355049.97,140.0,-220.0
449651.06,355049.97,140.0,-220.0
449860.9,355049.97,140.0,-220.0
450070.78,355049.97,140.0,-220.0
450280.66,355049.97,140.0,-220.0
450490.5,355049.97,140.0,-220.0
450700.38,355049.97,140.0,-220.0
450910.25,355049.97,140.0,-208.0
451120.1,355049.97,140.0,-208.0
451329.97,355049.97,140.0,-208.0
451539.8,355049.97,140.0,-208.0
451749.7,355049.97,140.0,-208.0
451959.56,355049.97,140.0,-196.0
452169.4,355049.97,140.0,-184.0
452379.28,355049.97,140.0,-184.0
452589.12,355049.97,140.0,-184.0
452799.0,355049.97,140.0,-184.0
453008.88,355049.97,176.0,-208.0
453218.72,355049.97,176.0,-208.0
453428.6,355049.97,164.0,-208.0
453638.47,355049.97,164.0,-208.0
453848.3,355049.97,164.0,-196.0
454058.2,355049.97,164.0,-196.0
454268.03,355049.97,164.0,-196.0
454477.9,355049.97,164.0,-196.0
454687.78,355049.97,164.0,-196.0
454897.62,355049.97,164.0,-196.0
455107.5,355049.97,164.0,-196.0
455317.34,355049.97,164.0,-196.0
455527.22,355049.97,164.0,-196.0
455737.1,355049.97,164.0,-196.0
455946.94,355049.97,164.0,-196.0
456156.8,355049.97,164.0,-196.0
456366.7,355049.97,164.0,-196.0
456576.53,355049.97,152.0,-196.0
456786.4,355049.97,164.0,-544.0
456996.25,355049.97,128.0,-544.0
457206.12,355049.97,128.0,-544.0
457416.0,355049.97,128.0,-544.0
457625.84,355049.97,128.0,-544.0
457835.72,355049.97,128.0,-544.0
458045.6,355049.97,128.0,-544.0
458255.44,355049.97,128.0,-544.0
458465.3,355049.97,128.0,-544.0
458675.16,355049.97,128.0,-544.0
458885.03,355049.97,128.0,-544.0
459094.9,355049.97,128.0,-544.0
459304.75,355049.97,128.0,-544.0
459514.62,355049.97,128.0,-544.0
459724.47,355049.97,116.0,-544.0
459934.34,355049.97,116.0,-544.0
460144.22,355049.97,116.0,-544.0
418381.47,355252.56,,
418591.34,355252.56,,
418801.2,355252.56,,
419011.06,355252.56,,
419220.94,355252.56,,
419430.78,355252.56,,
419640.66,355252.56,,
419850.5,355252.56,,
420060.38,355252.56,,
420270.25,355252.56,,
420480.1,355252.56,,
420689.97,355252.56,,
420899.84,355252.56,212.0,200.0
421109.7,355252.56,212.0,200.0
421319.56,355252.56,212.0,188.0
421529.4,355252.56,212.0,188.0
421739.28,355252.56,212.0,188.0
421949.16,355252.56,224.0,188.0
422159.0,355252.56,224.0,176.0
422368.88,355252.56,224.0,176.0
422578.72,355252.56,224.0,176.0
422788.6,355252.56,236.0,176.0
422998.47,355252.56,236.0,176.0
423208.3,355252.56,236.0,176.0
423418.2,355252.56,248.0,176.0
423628.06,355252.56,248.0,176.0
423837.9,355252.56,248.0,176.0
424047.78,355252.56,248.0,176.0
424257.62,355252.56,260.0,176.0
424467.5,355252.56,260.0,176.0
424677.38,355252.56,260.0,176.0
424887.22,355252.56,272.0,176.0
425097.1,355252.56,272.0,176.0
425306.94,355252.56,272.0,176.0
425516.8,355252.56,272.0,176.0
425726.7,355252.56,272.0,176.0
425936.53,355252.56,284.0,176.0
426146.4,355252.56,284.0,176.0
426356.28,355252.56,284.0,176.0
426566.12,355252.56,284.0,176.0
426776.0,355252.56,284.0,176.0
426985.84,355252.56,284.0,176.0
427195.72,355252.56,284.0,176.0
427405.6,355252.56,284.0,104.0
427615.44,355252.56,296.0,104.0
427825.3,355252.56,296.0,116.0
428035.16,355252.56,296.0,116.0
428245.03,355252.56,296.0,116.0
428454.9,355252.56,296.0,104.0
428664.75,355252.56,296.0,104.0
428874.62,355252.56,296.0,104.0
429084.5,355252.56,296.0,104.0
429294.34,355252.56,308.0,104.0
429504.22,355252.56,308.0,104.0
429714.06,355252.56,308.0,104.0
429923.94,355252.56,308.0,104.0
430133.8,355252.56,308.0,104.0
430343.66,355252.56,308.0,104.0
430553.53,355252.56,236.0,-64.0
430763.38,355252.56,236.0,-64.0
430973.25,355252.56,236.0,-64.0
431183.12,355252.56,236.0,-64.0
431392.97,355252.56,236.0,-64.0
431602.84,355252.56,236.0,-64.0
431812.72,355252.56,236.0,-64.0
432022.56,355252.56,236.0,-64.0
432232.44,355252.56,236.0,-64.0
432442.28,355252.56,236.0,-64.0
432652.16,355252.56,236.0,-64.0
432862.03,355252.56,236.0,-64.0
433071.88,355252.56,224.0,-52.0
433281.75,355252.56,224.0,-52.0
433491.6,355252.56,224.0,-52.0
433701.47,355252.56,224.0,-52.0
433911.34,355252.56,224.0,-52.0
434121.2,355252.56,224.0,-52.0
434331.06,355252.56,224.0,-52.0
434540.94,355252.56,260.0,-136.0
434750.78,355252.56,260.0,-136.0
434960.66,355252.56,260.0,-136.0
435170.5,355252.56,260.0,-136.0
435380.38,355252.56,260.0,-136.0
435590.25,355252.56,260.0,-136.0
435800.1,355252.56,260.0,-136.0
436009.97,355252.56,260.0,-136.0
436219.8,355252.56,260.0,-292.0
436429.7,355252.56,260.0,-292.0
436639.56,355252.56,260.0,-292.0
436849.4,355252.56,260.0,-292.0
437059.28,355252.56,260.0,-292.0
437269.16,355252.56,248.0,-256.0
437479.0,355252.56,248.0,-256.0
437688.88,355252.56,248.0,-256.0
437898.72,355252.56,248.0,-424.0
438108.6,355252.56,248.0,-424.0
438318.47,355252.56,272.0,-316.0
438528.3,355252.56,272.0,-316.0
438738.2,355252.56,272.0,-316.0
438948.03,355252.56,284.0,-292.0
439157.9,355252.56,284.0,-292.0
439367.78,355252.56,284.0,-292.0
439577.62,355252.56,284.0,-292.0
439787.5,355252.56,284.0,-292.0
439997.38,355252.56,284.0,-292.0
440207.22,355252.56,284.0,-292.0
440417.1,355252.56,296.0,-304.0
440626.94,355252.56,296.0,-304.0
440836.8,355252.56,296.0,-304.0
441046.7,355252.56,296.0,-304.0
441256.53,355252.56,296.0,-304.0
441466.4,355252.56,296.0,-304.0
441676.25,355252.56,308.0,-352.0
441886.12,355252.56,308.0,-352.0
442096.0,355252.56,308.0,-352.0
442305.84,355252.56,296.0,-352.0
442515.72,355252.56,296.0,-352.0
442725.6,355252.56,296.0,-352.0
442935.44,355252.56,296.0,-376.0
443145.3,355252.56,308.0,-436.0
443355.16,355252.56,308.0,-436.0
443565.03,355252.56,308.0,-436.0
443774.9,355252.56,308.0,-436.0
443984.75,355252.56,296.0,-436.0
444194.62,355252.56,296.0,-436.0
444404.47,355252.56,296.0,-436.0
444614.34,355252.56,236.0,-376.0
444824.22,355252.56,236.0,-376.0
445034.06,355252.56,236.0,-376.0
445243.94,355252.56,236.0,-376.0
445453.8,355252.56,236.0,-376.0
445663.66,355252.56,236.0,-376.0
445873.53,355252.56,236.0,-376.0
446083.38,355252.56,236.0,-376.0
446293.25,355252.56,236.0,-376.0
446503.12,355252.56,236.0,-376.0
446712.97,355252.56,236.0,-376.0
446922.84,355252.56,236.0,-376.0
447132.7,355252.56,200.0,-376.0
447342.56,355252.56,200.0,-376.0
447552.44,355252.56,200.0,-376.0
447762.28,355252.56,200.0,-376.0
447972.16,355252.56,200.0,-376.0
448182.03,355252.56,200.0,-376.0
448391.88,355252.56,200.0,-364.0
448601.75,355252.56,152.0,-28.0
448811.6,355252.56,152.0,-28.0
449021.47,355252.56,140.0,-220.0
449231.34,355252.56,140.0,-220.0
449441.2,355252.56,140.0,-220.0
449651.06,355252.56,140.0,-220.0
449860.9,355252.56,140.0,-220.0
450070.78,355252.56,140.0,-220.0
450280.66,355252.56,140.0,-220.0
450490.5,355252.56,140.0,-220.0
450700.38,355252.56,140.0,-208.0
450910.25,355252.56,140.0,-208.0
451120.1,355252.56,140.0,-208.0
451329.97,355252.56,140.0,-208.0
451539.8,355252.56,140.0,-208.0
451749.7,355252.56,140.0,-208.0
451959.56,355252.56,140.0,-208.0
452169.4,355252.56,140.0,-184.0
452379.28,355252.56,140.0,-184.0
452589.12,355252.56,140.0,-184.0
452799.0,355252.56,140.0,-184.0
453008.88,355252.56,176.0,-208.0
453218.72,355252.56,176.0,-208.0
453428.6,355252.56,164.0,-208.0
453638.47,355252.56,164.0,-208.0
453848.3,355252.56,164.0,-196.0
454058.2,355252.56,164.0,-196.0
454268.03,355252.56,164.0,-196.0
454477.9,355252.56,164.0,-196.0
454687.78,355252.56,164.0,-196.0
454897.62,355252.56,164.0,-196.0
455107.5,355252.56,164.0,-196.0
455317.34,355252.56,164.0,-196.0
455527.22,355252.56,164.0,-196.0
455737.1,355252.56,164.0,-196.0
455946.94,355252.56,164.0,-196.0
456156.8,355252.56,164.0,-196.0
456366.7,355252.56,164.0,-196.0
456576.53,355252.56,164.0,-544.0
456786.4,355252.56,140.0,-544.0
456996.25,355252.56,128.0,-544.0
457206.12,355252.56,128.0,-544.0
457416.0,355252.56,128.0,-544.0
457625.84,355252.56,128.0,-544.0
457835.72,355252.56,128.0,-544.0
458045.6,355252.56,128.0,-544.0
458255.44,355252.56,128.0,-544.0
458465.3,355252.56,128.0,-544.0
458675.16,355252.56,128.0,-544.0
458885.03,355252.56,128.0,-544.0
459094.9,355252.56,128.0,-544.0
459304.75,355252.56,128.0,-544.0
459514.62,355252.56,128.0,-544.0
459724.47,355252.56,128.0,-544.0
459934.34,355252.56,116.0,-544.0
460144.22,355252.56,116.0,-544.0
418381.47,355455.2,,
418591.34,355455.2,,
418801.2,355455.2,,
419011.06,355455.2,,
419220.94,355455.2,,
419430.78,355455.2,,
419640.66,355455.2,,
419850.5,355455.2,,
420060.38,355455.2,,
420270.25,355455.2,,
420480.1,355455.2,,
420689.97,355455.2,,
420899.84,355455.2,,
421109.7,355455.2,200.0,200.0
421319.56,355455.2,212.0,200.0
421529.4,355455.2,212.0,200.0
421739.28,355455.2,212.0,188.0
421949.16,355455.2,212.0,188.0
422159.0,355455.2,212.0,188.0
422368.88,355455.2,224.0,188.0
422578.72,355455.2,224.0,176.0
422788.6,355455.2,224.0,176.0
422998.47,355455.2,236.0,176.0
423208.3,355455.2,236.0,176.0
423418.2,355455.2,236.0,176.0
423628.06,355455.2,248.0,176.0
423837.9,355455.2,248.0,176.0
424047.78,355455.2,248.0,176.0
424257.62,355455.2,248.0,176.0
424467.5,355455.2,260.0,176.0
424677.38,355455.2,260.0,176.0
424887.22,355455.2,260.0,176.0
425097.1,355455.2,260.0,176.0
425306.94,355455.2,272.0,176.0
425516.8,355455.2,272.0,176.0
425726.7,355455.2,272.0,176.0
425936.53,355455.2,272.0,176.0
426146.4,355455.2,272.0,176.0
426356.28,355455.2,284.0,176.0
426566.12,355455.2,284.0,176.0
426776.0,355455.2,284.0,176.0
426985.84,355455.2,284.0,176.0
427195.72,355455.2,284.0,104.0
427405.6,355455.2,284.0,104.0
427615.44,355455.2,296.0,116.0
427825.3,355455.2,296.0,116.0
428035.16,355455.2,296.0,116.0
428245.03,355455.2,296.0,116.0
428454.9,355455.2,296.0,116.0
428664.75,355455.2,296.0,116.0
428874.62,355455.2,296.0,104.0
429084.5,355455.2,296.0,104.0
429294.34,355455.2,296.0,104.0
429504.22,355455.2,296.0,104.0
429714.06,355455.2,296.0,104.0
429923.94,355455.2,308.0,104.0
430133.8,355455.2,308.0,104.0
430343.66,355455.2,236.0,-64.0
430553.53,355455.2,236.0,-64.0
430763.38,355455.2,236.0,-64.0
430973.25,355455.2,236.0,-64.0
431183.12,355455.2,236.0,-64.0
431392.97,355455.2,236.0,-64.0
431602.84,355455.2,236.0,-64.0
431812.72,355455.2,236.0,-64.0
432022.56,355455.2,236.0,-64.0
432232.44,355455.2,236.0,-64.0
432442.28,355455.2,236.0,-64.0
432652.16,355455.2,236.0,-64.0
432862.03,355455.2,236.0,-64.0
433071.88,355455.2,224.0,-52.0
433281.75,355455.2,224.0,-52.0
433491.6,355455.2,224.0,-52.0
433701.47,355455.2,224.0,-52.0
433911.34,355455.2,224.0,-52.0
434121.2,355455.2,224.0,-52.0
434331.06,355455.2,224.0,-52.0
434540.94,355455.2,260.0,-136.0
434750.78,355455.2,260.0,-136.0
434960.66,355455.2,260.0,-136.0
435170.5,355455.2,260.0,-136.0
435380.38,355455.2,260.0,-136.0
435590.25,355455.2,260.0,-136.0
435800.1,355455.2,260.0,-136.0
436009.97,355455.2,260.0,-136.0
436219.8,355455.2,248.0,-88.0
436429.7,355455.2,248.0,-88.0
436639.56,355455.2,248.0,-88.0
436849.4,355455.2,260.0,-292.0
437059.28,355455.2,248.0,-256.0
437269.16,355455.2,248.0,-256.0
437479.0,355455.2,248.0,-256.0
437688.88,355455.2,260.0,-256.0
437898.72,355455.2,248.0,-424.0
438108.6,355455.2,248.0,-424.0
438318.47,355455.2,248.0,-424.0
438528.3,355455.2,248.0,-424.0
438738.2,355455.2,248.0,-424.0
438948.03,355455.2,284.0,-292.0
439157.9,355455.2,284.0,-292.0
439367.78,355455.2,284.0,-292.0
439577.62,355455.2,284.0,-292.0
439787.5,355455.2,284.0,-292.0
439997.38,355455.2,284.0,-292.0
440207.22,355455.2,284.0,-304.0
440417.1,355455.2,284.0,-304.0
440626.94,355455.2,284.0,-304.0
440836.8,355455.2,284.0,-304.0
441046.7,355455.2,296.0,-304.0
441256.53,355455.2,296.0,-304.0
441466.4,355455.2,296.0,-304.0
441676.25,355455.2,308.0,-352.0
441886.12,355455.2,308.0,-352.0
442096.0,355455.2,296.0,-376.0
442305.84,355455.2,296.0,-376.0
442515.72,355455.2,296.0,-376.0
442725.6,355455.2,296.0,-376.0
442935.44,355455.2,296.0,-376.0
443145.3,355455.2,296.0,-376.0
443355.16,355455.2,308.0,-436.0
443565.03,355455.2,308.0,-436.0
443774.9,355455.2,308.0,-436.0
443984.75,355455.2,296.0,-436.0
444194.62,355455.2,296.0,-436.0
444404.47,355455.2,296.0,-436.0
444614.34,355455.2,236.0,-376.0
444824.22,355455.2,236.0,-376.0
445034.06,355455.2,236.0,-376.0
445243.94,355455.2,236.0,-376.0
445453.8,355455.2,236.0,-376.0
445663.66,355455.2,236.0,-376.0
445873.53,355455.2,236.0,-376.0
446083.38,355455.2,236.0,-376.0
446293.25,355455.2,236.0,-376.0
446503.12,355455.2,236.0,-376.0
446712.97,355455.2,200.0,-376.0
446922.84,355455.2,200.0,-376.0
447132.7,355455.2,200.0,-376.0
447342.56,355455.2,200.0,-376.0
447552.44,355455.2,200.0,-376.0
447762.28,355455.2,200.0,-376.0
447972.16,355455.2,200.0,-376.0
448182.03,355455.2,200.0,-364.0
448391.88,355455.2,200.0,-364.0
448601.75,355455.2,200.0,-364.0
448811.6,355455.2,140.0,-220.0
449021.47,355455.2,140.0,-220.0
449231.34,355455.2,140.0,-220.0
449441.2,355455.2,140.0,-220.0
449651.06,355455.2,140.0,-220.0
449860.9,355455.2,140.0,-220.0
450070.78,355455.2,140.0,-220.0
450280.66,355455.2,140.0,-220.0
450490.5,355455.2,140.0,-208.0
450700.38,355455.2,140.0,-208.0
450910.25,355455.2,140.0,-208.0
451120.1,355455.2,140.0,-208.0
451329.97,355455.2,140.0,-208.0
451539.8,355455.2,140.0,-208.0
451749.7,355455.2,140.0,-208.0
451959.56,355455.2,128.0,-208.0
452169.4,355455.2,140.0,-184.0
452379.28,355455.2,152.0,-484.0
452589.12,355455.2,152.0,-484.0
452799.0,355455.2,152.0,-484.0
453008.88,355455.2,176.0,-208.0
453218.72,355455.2,176.0,-208.0
453428.6,355455.2,164.0,-208.0
453638.47,355455.2,164.0,-196.0
453848.3,355455.2,164.0,-196.0
454058.2,355455.2,164.0,-196.0
454268.03,355455.2,164.0,-196.0
454477.9,355455.2,164.0,-196.0
454687.78,355455.2,164.0,-196.0
454897.62,355455.2,164.0,-196.0
455107.5,355455.2,164.0,-196.0
455317.34,355455.2,164.0,-196.0
455527.22,355455.2,164.0,-196.0
455737.1,355455.2,164.0,-196.0
455946.94,355455.2,164.0,-196.0
456156.8,355455.2,164.0,-196.0
456366.7,355455.2,164.0,-544.0
456576.53,355455.2,140.0,-544.0
456786.4,355455.2,140.0,-544.0
456996.25,355455.2,140.0,-544.0
457206.12,355455.2,128.0,-544.0
457416.0,355455.2,128.0,-544.0
457625.84,355455.2,128.0,-544.0
457835.72,355455.2,128.0,-544.0
458045.6,355455.2,128.0,-544.0
458255.44,355455.2,128.0,-544.0
458465.3,355455.2,128.0,-544.0
458675.16,355455.2,128.0,-544.0
458885.03,355455.2,128.0,-544.0
459094.9,355455.2,128.0,-544.0
459304.75,355455.2,128.0,-544.0
459514.62,355455.2,128.0,-544.0
459724.47,355455.2,128.0,-544.0
459934.34,355455.2,128.0,-544.0
460144.22,355455.2,116.0,-544.0
418381.47,355657.8,,
418591.34,355657.8,,
418801.2,355657.8,,
419011.06,355657.8,,
419220.94,355657.8,,
419430.78,355657.8,,
419640.66,355657.8,,
419850.5,355657.8,,
420060.38,355657.8,,
420270.25,355657.8,,
420480.1,355657.8,,
420689.97,355657.8,,
420899.84,355657.8,,
421109.7,355657.8,,
421319.56,355657.8,,
421529.4,355657.8,200.0,200.0
421739.28,355657.8,212.0,200.0
421949.16,355657.8,212.0,188.0
422159.0,355657.8,212.0,188.0
422368.88,355657.8,212.0,188.0
422578.72,355657.8,212.0,188.0
422788.6,355657.8,224.0,188.0
422998.47,355657.8,224.0,176.0
423208.3,355657.8,224.0,176.0
423418.2,355657.8,236.0,176.0
423628.06,355657.8,236.0,176.0
423837.9,355657.8,236.0,176.0
424047.78,355657.8,248.0,176.0
424257.62,355657.8,248.0,176.0
424467.5,355657.8,248.0,176.0
424677.38,355657.8,248.0,176.0
424887.22,355657.8,260.0,176.0
425097.1,355657.8,260.0,176.0
425306.94,355657.8,260.0,176.0
425516.8,355657.8,260.0,176.0
425726.7,355657.8,272.0,176.0
425936.53,355657.8,272.0,176.0
426146.4,355657.8,272.0,176.0
426356.28,355657.8,272.0,176.0
426566.12,355657.8,272.0,176.0
426776.0,355657.8,272.0,176.0
426985.84,355657.8,284.0,176.0
427195.72,355657.8,284.0,104.0
427405.6,355657.8,296.0,116.0
427615.44,355657.8,296.0,116.0
427825.3,355657.8,296.0,116.0
428035.16,355657.8,296.0,116.0
428245.03,355657.8,296.0,116.0
428454.9,355657.8,296.0,116.0
428664.75,355657.8,296.0,116.0
428874.62,355657.8,296.0,116.0
429084.5,355657.8,296.0,116.0
429294.34,355657.8,296.0,104.0
429504.22,355657.8,296.0,104.0
429714.06,355657.8,296.0,104.0
429923.94,355657.8,296.0,104.0
430133.8,355657.8,236.0,-64.0
430343.66,355657.8,236.0,-64.0
430553.53,355657.8,236.0,-64.0
430763.38,355657.8,236.0,-64.0
430973.25,355657.8,236.0,-64.0
431183.12,355657.8,236.0,-64.0
431392.97,355657.8,236.0,-64.0
431602.84,355657.8,236.0,-64.0
431812.72,355657.8,236.0,-64.0
432022.56,355657.8,236.0,-64.0
432232.44,355657.8,236.0,-64.0
432442.28,355657.8,236.0,-64.0
432652.16,355657.8,236.0,-64.0
432862.03,355657.8,224.0,-52.0
433071.88,355657.8,224.0,-52.0
433281.75,355657.8,224.0,-52.0
433491.6,355657.8,224.0,-52.0
433701.47,355657.8,224.0,-52.0
433911.34,355657.8,224.0,-52.0
434121.2,355657.8,224.0,-52.0
434331.06,355657.8,224.0,-52.0
434540.94,355657.8,224.0,-64.0
434750.78,355657.8,260.0,-136.0
434960.66,355657.8,260.0,-136.0
435170.5,355657.8,260.0,-136.0
435380.38,355657.8,260.0,-136.0
435590.25,355657.8,260.0,-136.0
435800.1,355657.8,260.0,-136.0
436009.97,355657.8,236.0,-88.0
436219.8,355657.8,248.0,-88.0
436429.7,355657.8,248.0,-88.0
436639.56,355657.8,248.0,-88.0
436849.4,355657.8,236.0,-256.0
437059.28,355657.8,248.0,-256.0
437269.16,355657.8,248.0,-256.0
437479.0,355657.8,260.0,-256.0
437688.88,355657.8,260.0,-256.0
437898.72,355657.8,248.0,-424.0
438108.6,355657.8,248.0,-424.0
438318.47,355657.8,248.0,-424.0
438528.3,355657.8,248.0,-424.0
438738.2,355657.8,248.0,-424.0
438948.03,355657.8,284.0,-292.0
439157.9,355657.8,284.0,-292.0
439367.78,355657.8,284.0,-292.0
439577.62,355657.8,284.0,-292.0
439787.5,355657.8,284.0,-292.0
439997.38,355657.8,284.0,-292.0
440207.22,355657.8,284.0,-304.0
440417.1,355657.8,284.0,-304.0
440626.94,355657.8,284.0,-304.0
440836.8,355657.8,284.0,-304.0
441046.7,355657.8,284.0,-304.0
441256.53,355657.8,284.0,-304.0
441466.4,355657.8,284.0,-304.0
441676.25,355657.8,296.0,-376.0
441886.12,355657.8,296.0,-376.0
442096.0,355657.8,296.0,-376.0
442305.84,355657.8,296.0,-376.0
442515.72,355657.8,296.0,-376.0
442725.6,355657.8,296.0,-376.0
442935.44,355657.8,296.0,-376.0
443145.3,355657.8,296.0,-376.0
443355.16,355657.8,296.0,-376.0
443565.03,355657.8,308.0,-436.0
443774.9,355657.8,296.0,-436.0
443984.75,355657.8,296.0,-436.0
444194.62,355657.8,296.0,-436.0
444404.47,355657.8,296.0,-436.0
444614.34,355657.8,284.0,-328.0
444824.22,355657.8,284.0,-328.0
445034.06,355657.8,284.0,-328.0
445243.94,355657.8,272.0,-328.0
445453.8,355657.8,272.0,-328.0
445663.66,355657.8,272.0,-328.0
445873.53,355657.8,272.0,-328.0
446083.38,355657.8,272.0,-328.0
446293.25,355657.8,212.0,-376.0
446503.12,355657.8,212.0,-376.0
446712.97,355657.8,200.0,-376.0
446922.84,355657.8,200.0,-376.0
447132.7,355657.8,200.0,-376.0
447342.56,355657.8,200.0,-376.0
447552.44,355657.8,200.0,-376.0
447762.28,355657.8,200.0,-376.0
447972.16,355657.8,200.0,-364.0
448182.03,355657.8,200.0,-364.0
448391.88,355657.8,200.0,-364.0
448601.75,355657.8,200.0,-364.0
448811.6,355657.8,140.0,-220.0
449021.47,355657.8,140.0,-220.0
449231.34,355657.8,140.0,-220.0
449441.2,355657.8,140.0,-220.0
449651.06,355657.8,140.0,-220.0
449860.9,355657.8,140.0,-220.0
450070.78,355657.8,140.0,-220.0
450280.66,355657.8,140.0,-220.0
450490.5,355657.8,140.0,-208.0
450700.38,355657.8,140.0,-208.0
450910.25,355657.8,140.0,-208.0
451120.1,355657.8,140.0,-208.0
451329.97,355657.8,140.0,-208.0
451539.8,355657.8,140.0,-208.0
451749.7,355657.8,140.0,-208.0
451959.56,355657.8,140.0,-484.0
452169.4,355657.8,152.0,-484.0
452379.28,355657.8,152.0,-484.0
452589.12,355657.8,152.0,-484.0
452799.0,355657.8,152.0,-484.0
453008.88,355657.8,140.0,-484.0
453218.72,355657.8,176.0,-208.0
453428.6,355657.8,176.0,-196.0
453638.47,355657.8,164.0,-196.0
453848.3,355657.8,164.0,-196.0
454058.2,355657.8,164.0,-196.0
454268.03,355657.8,164.0,-196.0
454477.9,355657.8,164.0,-196.0
454687.78,355657.8,164.0,-196.0
454897.62,355657.8,164.0,-196.0
455107.5,355657.8,164.0,-196.0
455317.34,355657.8,164.0,-196.0
455527.22,355657.8,164.0,-196.0
455737.1,355657.8,164.0,-196.0
455946.94,355657.8,164.0,-196.0
456156.8,355657.8,164.0,-544.0
456366.7,355657.8,140.0,-544.0
456576.53,355657.8,140.0,-544.0
456786.4,355657.8,140.0,-544.0
456996.25,355657.8,140.0,-544.0
457206.12,355657.8,140.0,-544.0
457416.0,355657.8,128.0,-544.0
457625.84,355657.8,128.0,-544.0
457835.72,355657.8,128.0,-544.0
458045.6,355657.8,128.0,-544.0
458255.44,355657.8,128.0,-544.0
458465.3,355657.8,128.0,-544.0
458675.16,355657.8,128.0,-544.0
458885.03,355657.8,128.0,-544.0
459094.9,355657.8,128.0,-544.0
459304.75,355657.8,128.0,-544.0
459514.62,355657.8,128.0,-544.0
459724.47,355657.8,128.0,-544.0
459934.34,355657.8,128.0,-544.0
460144.22,355657.8,116.0,-544.0
418381.47,355860.44,,
418591.34,355860.44,,
418801.2,355860.44,,
419011.06,355860.44,,
419220.94,355860.44,,
419430.78,355860.44,,
419640.66,355860.44,,
419850.5,355860.44,,
420060.38,355860.44,,
420270.25,355860.44,,
420480.1,355860.44,,
420689.97,355860.44,,
420899.84,355860.44,,
421109.7,355860.44,,
421319.56,355860.44,,
421529.4,355860.44,,
421739.28,355860.44,200.0,200.0
421949.16,355860.44,200.0,200.0
422159.0,355860.44,200.0,188.0
422368.88,355860.44,212.0,188.0
422578.72,355860.44,212.0,188.0
422788.6,355860.44,212.0,188.0
422998.47,355860.44,212.0,188.0
423208.3,355860.44,224.0,188.0
423418.2,355860.44,224.0,176.0
423628.06,355860.44,224.0,176.0
423837.9,355860.44,236.0,176.0
424047.78,355860.44,236.0,176.0
424257.62,355860.44,248.0,176.0
424467.5,355860.44,248.0,176.0
424677.38,355860.44,248.0,176.0
424887.22,355860.44,248.0,176.0
425097.1,355860.44,260.0,176.0
425306.94,355860.44,260.0,176.0
425516.8,355860.44,260.0,176.0
425726.7,355860.44,260.0,176.0
425936.53,355860.44,260.0,176.0
426146.4,355860.44,272.0,176.0
426356.28,355860.44,272.0,176.0
426566.12,355860.44,272.0,176.0
426776.0,355860.44,272.0,176.0
426985.84,355860.44,272.0,176.0
427195.72,355860.44,284.0,104.0
427405.6,355860.44,284.0,116.0
427615.44,355860.44,296.0,116.0
427825.3,355860.44,296.0,116.0
428035.16,355860.44,296.0,116.0
428245.03,355860.44,296.0,116.0
428454.9,355860.44,296.0,116.0
428664.75,355860.44,296.0,116.0
428874.62,355860.44,296.0,116.0
429084.5,355860.44,296.0,116.0
429294.34,355860.44,296.0,116.0
429504.22,355860.44,296.0,116.0
429714.06,355860.44,296.0,104.0
429923.94,355860.44,236.0,-64.0
430133.8,355860.44,236.0,-64.0
430343.66,355860.44,236.0,-64.0
430553.53,355860.44,236.0,-64.0
430763.38,355860.44,236.0,-64.0
430973.25,355860.44,236.0,-64.0
431183.12,355860.44,236.0,-64.0
431392.97,355860.44,236.0,-64.0
431602.84,355860.44,236.0,-64.0
431812.72,355860.44,236.0,-64.0
432022.56,355860.44,236.0,-64.0
432232.44,355860.44,236.0,-64.0
432442.28,355860.44,236.0,-64.0
432652.16,355860.44,236.0,-64.0
432862.03,355860.44,224.0,-52.0
433071.88,355860.44,224.0,-52.0
433281.75,355860.44,224.0,-52.0
433491.6,355860.44,212.0,-52.0
433701.47,355860.44,212.0,-52.0
433911.34,355860.44,224.0,-52.0
434121.2,355860.44,224.0,-52.0
434331.06,355860.44,224.0,-52.0
434540.94,355860.44,224.0,-64.0
434750.78,355860.44,200.0,-52.0
434960.66,355860.44,260.0,-136.0
435170.5,355860.44,260.0,-136.0
435380.38,355860.44,260.0,-136.0
435590.25,355860.44,224.0,-88.0
435800.1,355860.44,224.0,-76.0
436009.97,355860.44,224.0,-76.0
436219.8,355860.44,236.0,-88.0
436429.7,355860.44,248.0,-88.0
436639.56,355860.44,248.0,-88.0
436849.4,355860.44,236.0,-256.0
437059.28,355860.44,248.0,-256.0
437269.16,355860.44,248.0,-256.0
437479.0,355860.44,260.0,-256.0
437688.88,355860.44,260.0,-424.0
437898.72,355860.44,248.0,-424.0
438108.6,355860.44,248.0,-424.0
438318.47,355860.44,248.0,-424.0
438528.3,355860.44,248.0,-424.0
438738.2,355860.44,248.0,-424.0
438948.03,355860.44,284.0,-292.0
439157.9,355860.44,284.0,-292.0
439367.78,355860.44,284.0,-292.0
439577.62,355860.44,284.0,-292.0
439787.5,355860.44,284.0,-292.0
439997.38,355860.44,284.0,-304.0
440207.22,355860.44,284.0,-304.0
440417.1,355860.44,284.0,-304.0
440626.94,355860.44,284.0,-304.0
440836.8,355860.44,284.0,-304.0
441046.7,355860.44,284.0,-304.0
441256.53,355860.44,284.0,-304.0
441466.4,355860.44,284.0,-304.0
441676.25,355860.44,284.0,-268.0
441886.12,355860.44,296.0,-376.0
442096.0,355860.44,296.0,-376.0
442305.84,355860.44,296.0,-376.0
442515.72,355860.44,296.0,-376.0
442725.6,355860.44,296.0,-376.0
442935.44,355860.44,296.0,-376.0
443145.3,355860.44,296.0,-376.0
443355.16,355860.44,296.0,-376.0
443565.03,355860.44,296.0,-376.0
443774.9,355860.44,296.0,-436.0
443984.75,355860.44,296.0,-436.0
444194.62,355860.44,296.0,-436.0
444404.47,355860.44,284.0,-328.0
444614.34,355860.44,284.0,-328.0
444824.22,355860.44,284.0,-328.0
445034.06,355860.44,284.0,-328.0
445243.94,355860.44,272.0,-328.0
445453.8,355860.44,272.0,-328.0
445663.66,355860.44,272.0,-328.0
445873.53,355860.44,272.0,-328.0
446083.38,355860.44,272.0,-328.0
446293.25,355860.44,212.0,-376.0
446503.12,355860.44,212.0,-376.0
446712.97,355860.44,200.0,-376.0
446922.84,355860.44,200.0,-376.0
447132.7,355860.44,200.0,-376.0
447342.56,355860.44,200.0,-376.0
447552.44,355860.44,200.0,-376.0
447762.28,355860.44,200.0,-376.0
447972.16,355860.44,200.0,-364.0
448182.03,355860.44,200.0,-364.0
448391.88,355860.44,200.0,-364.0
448601.75,355860.44,200.0,-364.0
448811.6,355860.44,200.0,-364.0
449021.47,355860.44,140.0,-220.0
449231.34,355860.44,140.0,-220.0
449441.2,355860.44,140.0,-220.0
449651.06,355860.44,140.0,-220.0
449860.9,355860.44,140.0,-220.0
450070.78,355860.44,140.0,-220.0
450280.66,355860.44,140.0,-208.0
450490.5,355860.44,140.0,-208.0
450700.38,355860.44,140.0,-208.0
450910.25,355860.44,140.0,-208.0
451120.1,355860.44,140.0,-208.0
451329.97,355860.44,140.0,-208.0
451539.8,355860.44,140.0,-208.0
451749.7,355860.44,140.0,-484.0
451959.56,355860.44,152.0,-484.0
452169.4,355860.44,152.0,-484.0
452379.28,355860.44,152.0,-484.0
452589.12,355860.44,152.0,-484.0
452799.0,355860.44,152.0,-484.0
453008.88,355860.44,152.0,-484.0
453218.72,355860.44,176.0,-484.0
453428.6,355860.44,176.0,-196.0
453638.47,355860.44,176.0,-196.0
453848.3,355860.44,164.0,-196.0
454058.2,355860.44,164.0,-196.0
454268.03,355860.44,164.0,-196.0
454477.9,355860.44,164.0,-196.0
454687.78,355860.44,164.0,-196.0
454897.62,355860.44,164.0,-196.0
455107.5,355860.44,164.0,-196.0
455317.34,355860.44,164.0,-196.0
455527.22,355860.44,164.0,-196.0
455737.1,355860.44,164.0,-196.0
455946.94,355860.44,164.0,-196.0
456156.8,355860.44,140.0,-544.0
456366.7,355860.44,140.0,-544.0
456576.53,355860.44,140.0,-544.0
456786.4,355860.44,140.0,-544.0
456996.25,355860.44,140.0,-544.0
457206.12,355860.44,140.0,-544.0
457416.0,355860.44,128.0,-544.0
457625.84,355860.44,128.0,-544.0
457835.72,355860.44,128.0,-544.0
458045.6,355860.44,128.0,-544.0
458255.44,355860.44,128.0,-544.0
458465.3,355860.44,128.0,-544.0
458675.16,355860.44,128.0,-544.0
458885.03,355860.44,128.0,-544.0
459094.9,355860.44,128.0,-544.0
459304.75,355860.44,128.0,-544.0
459514.62,355860.44,128.0,-544.0
459724.47,355860.44,128.0,-544.0
459934.34,355860.44,128.0,-544.0
460144.22,355860.44,116.0,-544.0
418381.47,356063.06,,
418591.34,356063.06,,
418801.2,356063.06,,
419011.06,356063.06,,
419220.94,356063.06,,
419430.78,356063.06,,
419640.66,356063.06,,
419850.5,356063.06,,
420060.38,356063.06,,
420270.25,356063.06,,
420480.1,356063.06,,
420689.97,356063.06,,
420899.84,356063.06,,
421109.7,356063.06,,
421319.56,356063.06,,
421529.4,356063.06,,
421739.28,356063.06,,
421949.16,356063.06,,
422159.0,356063.06,,
422368.88,356063.06,200.0,200.0
422578.72,356063.06,200.0,188.0
422788.6,356063.06,200.0,188.0
422998.47,356063.06,212.0,188.0
423208.3,356063.06,212.0,188.0
423418.2,356063.06,212.0,188.0
423628.06,356063.06,212.0,188.0
423837.9,356063.06,224.0,188.0
424047.78,356063.06,224.0,188.0
424257.62,356063.06,236.0,188.0
424467.5,356063.06,236.0,188.0
424677.38,356063.06,236.0,176.0
424887.22,356063.06,248.0,176.0
425097.1,356063.06,248.0,176.0
425306.94,356063.06,248.0,176.0
425516.8,356063.06,260.0,176.0
425726.7,356063.06,260.0,176.0
425936.53,356063.06,260.0,176.0
426146.4,356063.06,260.0,176.0
426356.28,356063.06,260.0,176.0
426566.12,356063.06,260.0,176.0
426776.0,356063.06,272.0,176.0
426985.84,356063.06,272.0,104.0
427195.72,356063.06,284.0,116.0
427405.6,356063.06,284.0,116.0
427615.44,356063.06,284.0,116.0
427825.3,356063.06,284.0,116.0
428035.16,356063.06,296.0,116.0
428245.03,356063.06,296.0,116.0
428454.9,356063.06,296.0,116.0
428664.75,356063.06,296.0,116.0
428874.62,356063.06,296.0,116.0
429084.5,356063.06,296.0,116.0
429294.34,356063.06,296.0,116.0
429504.22,356063.06,296.0,116.0
429714.06,356063.06,236.0,-64.0
429923.94,356063.06,236.0,-64.0
430133.8,356063.06,236.0,-64.0
430343.66,356063.06,236.0,-64.0
430553.53,356063.06,236.0,-64.0
430763.38,356063.06,236.0,-64.0
430973.25,356063.06,236.0,-64.0
431183.12,356063.06,236.0,-64.0
431392.97,356063.06,236.0,-64.0
431602.84,356063.06,236.0,-64.0
431812.72,356063.06,236.0,-64.0
432022.56,356063.06,236.0,-64.0
432232.44,356063.06,236.0,-64.0
432442.28,356063.06,236.0,-64.0
432652.16,356063.06,236.0,-64.0
432862.03,356063.06,212.0,-52.0
433071.88,356063.06,212.0,-52.0
433281.75,356063.06,212.0,-52.0
433491.6,356063.06,212.0,-52.0
433701.47,356063.06,212.0,-52.0
433911.34,356063.06,212.0,-52.0
434121.2,356063.06,224.0,-52.0
434331.06,356063.06,224.0,-52.0
434540.94,356063.06,188.0,-52.0
434750.78,356063.06,188.0,-52.0
434960.66,356063.06,200.0,-52.0
435170.5,356063.06,200.0,-52.0
435380.38,356063.06,224.0,-76.0
435590.25,356063.06,224.0,-76.0
435800.1,356063.06,224.0,-76.0
436009.97,356063.06,224.0,-76.0
436219.8,356063.06,236.0,-88.0
436429.7,356063.06,248.0,-88.0
436639.56,356063.06,248.0,-88.0
436849.4,356063.06,236.0,-256.0
437059.28,356063.06,236.0,-256.0
437269.16,356063.06,248.0,-232.0
437479.0,356063.06,248.0,-232.0
437688.88,356063.06,248.0,-232.0
437898.72,356063.06,248.0,-424.0
438108.6,356063.06,248.0,-424.0
438318.47,356063.06,248.0,-424.0
438528.3,356063.06,248.0,-424.0
438738.2,356063.06,248.0,-424.0
438948.03,356063.06,260.0,-256.0
439157.9,356063.06,260.0,-256.0
439367.78,356063.06,284.0,-292.0
439577.62,356063.06,284.0,-292.0
439787.5,356063.06,284.0,-304.0
439997.38,356063.06,284.0,-364.0
440207.22,356063.06,284.0,-304.0
440417.1,356063.06,284.0,-304.0
440626.94,356063.06,284.0,-304.0
440836.8,356063.06,284.0,-304.0
441046.7,356063.06,284.0,-304.0
441256.53,356063.06,284.0,-304.0
441466.4,356063.06,284.0,-268.0
441676.25,356063.06,284.0,-268.0
441886.12,356063.06,284.0,-268.0
442096.0,356063.06,296.0,-376.0
442305.84,356063.06,296.0,-376.0
442515.72,356063.06,296.0,-376.0
442725.6,356063.06,296.0,-376.0
442935.44,356063.06,296.0,-376.0
443145.3,356063.06,296.0,-376.0
443355.16,356063.06,296.0,-376.0
443565.03,356063.06,284.0,-364.0
443774.9,356063.06,284.0,-364.0
443984.75,356063.06,284.0,-364.0
444194.62,356063.06,284.0,-364.0
444404.47,356063.06,284.0,-328.0
444614.34,356063.06,284.0,-328.0
444824.22,356063.06,284.0,-328.0
445034.06,356063.06,284.0,-328.0
445243.94,356063.06,272.0,-328.0
445453.8,356063.06,272.0,-328.0
445663.66,356063.06,272.0,-328.0
445873.53,356063.06,272.0,-328.0
446083.38,356063.06,212.0,-376.0
446293.25,356063.06,212.0,-376.0
446503.12,356063.06,212.0,-376.0
446712.97,356063.06,212.0,-376.0
446922.84,356063.06,200.0,-376.0
447132.7,356063.06,200.0,-376.0
447342.56,356063.06,200.0,-376.0
447552.44,356063.06,200.0,-376.0
447762.28,356063.06,200.0,-376.0
447972.16,356063.06,200.0,-364.0
448182.03,356063.06,200.0,-364.0
448391.88,356063.06,200.0,-364.0
448601.75,356063.06,200.0,-364.0
448811.6,356063.06,176.0,-280.0
449021.47,356063.06,140.0,-220.0
449231.34,356063.06,140.0,-220.0
449441.2,356063.06,140.0,-220.0
449651.06,356063.06,140.0,-208.0
449860.9,356063.06,140.0,-208.0
450070.78,356063.06,140.0,-208.0
450280.66,356063.06,140.0,-208.0
450490.5,356063.06,140.0,-208.0
450700.38,356063.06,140.0,-208.0
450910.25,356063.06,140.0,-208.0
451120.1,356063.06,140.0,-208.0
451329.97,356063.06,140.0,-208.0
451539.8,356063.06,140.0,-208.0
451749.7,356063.06,152.0,-484.0
451959.56,356063.06,152.0,-484.0
452169.4,356063.06,152.0,-484.0
452379.28,356063.06,152.0,-484.0
452589.12,356063.06,152.0,-484.0
452799.0,356063.06,152.0,-484.0
453008.88,356063.06,152.0,-484.0
453218.72,356063.06,140.0,-484.0
453428.6,356063.06,176.0,-196.0
453638.47,356063.06,176.0,-196.0
453848.3,356063.06,164.0,-196.0
454058.2,356063.06,164.0,-196.0
454268.03,356063.06,164.0,-196.0
454477.9,356063.06,164.0,-196.0
454687.78,356063.06,164.0,-196.0
454897.62,356063.06,164.0,-196.0
455107.5,356063.06,164.0,-196.0
455317.34,356063.06,164.0,-196.0
455527.22,356063.06,164.0,-196.0
455737.1,356063.06,164.0,-196.0
455946.94,356063.06,140.0,-544.0
456156.8,356063.06,140.0,-544.0
456366.7,356063.06,140.0,-544.0
456576.53,356063.06,140.0,-544.0
456786.4,356063.06,140.0,-544.0
456996.25,356063.06,140.0,-544.0
457206.12,356063.06,140.0,-544.0
457416.0,356063.06,140.0,-544.0
457625.84,356063.06,128.0,-544.0
457835.72,356063.06,128.0,-544.0
458045.6,356063.06,128.0,-544.0
458255.44,356063.06,128.0,-544.0
458465.3,356063.06,128.0,-544.0
458675.16,356063.06,128.0,-544.0
458885.03,356063.06,128.0,-544.0
459094.9,356063.06,128.0,-544.0
459304.75,356063.06,128.0,-544.0
459514.62,356063.06,128.0,-544.0
459724.47,356063.06,128.0,-544.0
459934.34,356063.06,128.0,-544.0
460144.22,356063.06,128.0,-544.0
418381.47,356265.66,,
418591.34,356265.66,,
418801.2,356265.66,,
419011.06,356265.66,,
419220.94,356265.66,,
419430.78,356265.66,,
419640.66,356265.66,,
419850.5,356265.66,,
420060.38,356265.66,,
420270.25,356265.66,,
420480.1,356265.66,,
420689.97,356265.66,,
420899.84,356265.66,,
421109.7,356265.66,,
421319.56,356265.66,,
421529.4,356265.66,,
421739.28,356265.66,,
421949.16,356265.66,,
422159.0,356265.66,,
422368.88,356265.66,,
422578.72,356265.66,,
422788.6,356265.66,,
422998.47,356265.66,200.0,188.0
423208.3,356265.66,200.0,188.0
423418.2,356265.66,212.0,188.0
423628.06,356265.66,212.0,188.0
423837.9,356265.66,212.0,188.0
424047.78,356265.66,212.0,188.0
424257.62,356265.66,224.0,188.0
424467.5,356265.66,224.0,188.0
424677.38,356265.66,224.0,188.0
424887.22,356265.66,236.0,188.0
425097.1,356265.66,236.0,188.0
425306.94,356265.66,248.0,188.0
425516.8,356265.66,248.0,188.0
425726.7,356265.66,248.0,188.0
425936.53,356265.66,260.0,188.0
426146.4,356265.66,260.0,188.0
426356.28,356265.66,260.0,188.0
426566.12,356265.66,260.0,188.0
426776.0,356265.66,260.0,176.0
426985.84,356265.66,284.0,128.0
427195.72,356265.66,284.0,128.0
427405.6,356265.66,284.0,128.0
427615.44,356265.66,284.0,128.0
427825.3,356265.66,284.0,116.0
428035.16,356265.66,284.0,116.0
428245.03,356265.66,284.0,116.0
428454.9,356265.66,296.0,116.0
428664.75,356265.66,296.0,116.0
428874.62,356265.66,296.0,116.0
429084.5,356265.66,296.0,116.0
429294.34,356265.66,296.0,116.0
429504.22,356265.66,224.0,-64.0
429714.06,356265.66,224.0,-64.0
429923.94,356265.66,224.0,-64.0
430133.8,356265.66,236.0,-64.0
430343.66,356265.66,236.0,-64.0
430553.53,356265.66,236.0,-64.0
430763.38,356265.66,236.0,-64.0
430973.25,356265.66,236.0,-64.0
431183.12,356265.66,236.0,-64.0
431392.97,356265.66,236.0,-64.0
431602.84,356265.66,236.0,-64.0
431812.72,356265.66,236.0,-64.0
432022.56,356265.66,236.0,-64.0
432232.44,356265.66,236.0,-64.0
432442.28,356265.66,236.0,-64.0
432652.16,356265.66,212.0,-52.0
432862.03,356265.66,212.0,-52.0
433071.88,356265.66,212.0,-52.0
433281.75,356265.66,212.0,-52.0
433491.6,356265.66,212.0,-52.0
433701.47,356265.66,212.0,-52.0
433911.34,356265.66,212.0,-52.0
434121.2,356265.66,212.0,-52.0
434331.06,356265.66,212.0,-64.0
434540.94,356265.66,188.0,-52.0
434750.78,356265.66,188.0,-52.0
434960.66,356265.66,188.0,-52.0
435170.5,356265.66,200.0,-52.0
435380.38,356265.66,224.0,-76.0
435590.25,356265.66,224.0,-76.0
435800.1,356265.66,224.0,-76.0
436009.97,356265.66,224.0,-76.0
436219.8,356265.66,224.0,-76.0
436429.7,356265.66,248.0,-88.0
436639.56,356265.66,248.0,-88.0
436849.4,356265.66,236.0,-256.0
437059.28,356265.66,236.0,-232.0
437269.16,356265.66,248.0,-232.0
437479.0,356265.66,248.0,-232.0
437688.88,356265.66,248.0,-232.0
437898.72,356265.66,248.0,-232.0
438108.6,356265.66,248.0,-412.0
438318.47,356265.66,248.0,-424.0
438528.3,356265.66,248.0,-424.0
438738.2,356265.66,260.0,-256.0
438948.03,356265.66,260.0,-256.0
439157.9,356265.66,260.0,-256.0
439367.78,356265.66,260.0,-256.0
439577.62,356265.66,260.0,-256.0
439787.5,356265.66,260.0,-256.0
439997.38,356265.66,284.0,-460.0
440207.22,356265.66,284.0,-376.0
440417.1,356265.66,284.0,-304.0
440626.94,356265.66,284.0,-304.0
440836.8,356265.66,284.0,-304.0
441046.7,356265.66,284.0,-304.0
441256.53,356265.66,284.0,-268.0
441466.4,356265.66,284.0,-268.0
441676.25,356265.66,284.0,-268.0
441886.12,356265.66,284.0,-268.0
442096.0,356265.66,296.0,-376.0
442305.84,356265.66,296.0,-376.0
442515.72,356265.66,296.0,-376.0
442725.6,356265.66,296.0,-376.0
442935.44,356265.66,296.0,-376.0
443145.3,356265.66,296.0,-376.0
443355.16,356265.66,284.0,-364.0
443565.03,356265.66,284.0,-364.0
443774.9,356265.66,284.0,-364.0
443984.75,356265.66,284.0,-364.0
444194.62,356265.66,284.0,-364.0
444404.47,356265.66,284.0,-328.0
444614.34,356265.66,284.0,-328.0
444824.22,356265.66,284.0,-328.0
445034.06,356265.66,284.0,-328.0
445243.94,356265.66,272.0,-328.0
445453.8,356265.66,272.0,-328.0
445663.66,356265.66,272.0,-328.0
445873.53,356265.66,272.0,-328.0
446083.38,356265.66,212.0,-376.0
446293.25,356265.66,212.0,-376.0
446503.12,356265.66,212.0,-376.0
446712.97,356265.66,212.0,-376.0
446922.84,356265.66,200.0,-376.0
447132.7,356265.66,200.0,-376.0
447342.56,356265.66,200.0,-376.0
447552.44,356265.66,200.0,-376.0
447762.28,356265.66,200.0,-364.0
447972.16,356265.66,200.0,-364.0
448182.03,356265.66,200.0,-364.0
448391.88,356265.66,200.0,-364.0
448601.75,356265.66,200.0,-364.0
448811.6,356265.66,176.0,-280.0
449021.47,356265.66,176.0,-268.0
449231.34,356265.66,140.0,-220.0
449441.2,356265.66,140.0,-208.0
449651.06,356265.66,140.0,-208.0
449860.9,356265.66,140.0,-208.0
450070.78,356265.66,140.0,-208.0
450280.66,356265.66,140.0,-208.0
450490.5,356265.66,140.0,-208.0
450700.38,356265.66,140.0,-208.0
450910.25,356265.66,140.0,-208.0
451120.1,356265.66,140.0,-208.0
451329.97,356265.66,140.0,-208.0
451539.8,356265.66,152.0,-484.0
451749.7,356265.66,152.0,-484.0
451959.56,356265.66,152.0,-484.0
452169.4,356265.66,152.0,-484.0
452379.28,356265.66,152.0,-484.0
452589.12,356265.66,152.0,-484.0
452799.0,356265.66,152.0,-484.0
453008.88,356265.66,152.0,-484.0
453218.72,356265.66,152.0,-484.0
453428.6,356265.66,140.0,-484.0
453638.47,356265.66,176.0,-196.0
453848.3,356265.66,176.0,-196.0
454058.2,356265.66,164.0,-196.0
454268.03,356265.66,164.0,-196.0
454477.9,356265.66,164.0,-196.0
454687.78,356265.66,164.0,-196.0
454897.62,356265.66,164.0,-196.0
455107.5,356265.66,164.0,-196.0
455317.34,356265.66,164.0,-196.0
455527.22,356265.66,164.0,-196.0
455737.1,356265.66,140.0,-544.0
455946.94,356265.66,140.0,-544.0
456156.8,356265.66,140.0,-544.0
456366.7,356265.66,140.0,-544.0
456576.53,356265.66,140.0,-544.0
456786.4,356265.66,140.0,-544.0
456996.25,356265.66,140.0,-544.0
457206.12,356265.66,140.0,-544.0
457416.0,356265.66,140.0,-544.0
457625.84,356265.66,140.0,-544.0
457835.72,356265.66,128.0,-544.0
458045.6,356265.66,128.0,-544.0
458255.44,356265.66,128.0,-544.0
458465.3,356265.66,128.0,-544.0
458675.16,356265.66,128.0,-544.0
458885.03,356265.66,128.0,-544.0
459094.9,356265.66,128.0,-544.0
459304.75,356265.66,128.0,-544.0
459514.62,356265.66,128.0,-544.0
459724.47,356265.66,128.0,-544.0
459934.34,356265.66,128.0,-544.0
460144.22,356265.66,128.0,-544.0
418381.47,356468.28,,
418591.34,356468.28,,
418801.2,356468.28,,
419011.06,356468.28,,
419220.94,356468.28,,
419430.78,356468.28,,
419640.66,356468.28,,
419850.5,356468.28,,
420060.38,356468.28,,
420270.25,356468.28,,
420480.1,356468.28,,
420689.97,356468.28,,
420899.84,356468.28,,
421109.7,356468.28,,
421319.56,356468.28,,
421529.4,356468.28,,
421739.28,356468.28,,
421949.16,356468.28,,
422159.0,356468.28,,
422368.88,356468.28,,
422578.72,356468.28,,
422788.6,356468.28,,
422998.47,356468.28,,
423208.3,356468.28,,
423418.2,356468.28,,
423628.06,356468.28,200.0,188.0
423837.9,356468.28,212.0,188.0
424047.78,356468.28,212.0,188.0
424257.62,356468.28,212.0,188.0
424467.5,356468.28,212.0,188.0
424677.38,356468.28,224.0,188.0
424887.22,356468.28,224.0,188.0
425097.1,356468.28,224.0,188.0
425306.94,356468.28,224.0,188.0
425516.8,356468.28,236.0,188.0
425726.7,356468.28,248.0,188.0
425936.53,356468.28,248.0,188.0
426146.4,356468.28,248.0,188.0
426356.28,356468.28,248.0,188.0
426566.12,356468.28,248.0,188.0
426776.0,356468.28,260.0,188.0
426985.84,356468.28,272.0,128.0
427195.72,356468.28,284.0,128.0
427405.6,356468.28,284.0,128.0
427615.44,356468.28,284.0,128.0
427825.3,356468.28,284.0,128.0
428035.16,356468.28,284.0,128.0
428245.03,356468.28,284.0,128.0
428454.9,356468.28,284.0,128.0
428664.75,356468.28,296.0,116.0
428874.62,356468.28,296.0,116.0
429084.5,356468.28,296.0,116.0
429294.34,356468.28,224.0,-52.0
429504.22,356468.28,224.0,-52.0
429714.06,356468.28,224.0,-64.0
429923.94,356468.28,224.0,-64.0
430133.8,356468.28,224.0,-64.0
430343.66,356468.28,224.0,-64.0
430553.53,356468.28,224.0,-64.0
430763.38,356468.28,224.0,-64.0
430973.25,356468.28,236.0,-64.0
431183.12,356468.28,236.0,-64.0
431392.97,356468.28,236.0,-64.0
431602.84,356468.28,236.0,-64.0
431812.72,356468.28,236.0,-64.0
432022.56,356468.28,236.0,-64.0
432232.44,356468.28,236.0,-64.0
432442.28,356468.28,236.0,-64.0
432652.16,356468.28,212.0,-52.0
432862.03,356468.28,212.0,-52.0
433071.88,356468.28,212.0,-52.0
433281.75,356468.28,212.0,-52.0
433491.6,356468.28,212.0,-52.0
433701.47,356468.28,212.0,-52.0
433911.34,356468.28,212.0,-52.0
434121.2,356468.28,212.0,-52.0
434331.06,356468.28,188.0,-52.0
434540.94,356468.28,188.0,-52.0
434750.78,356468.28,188.0,-52.0
434960.66,356468.28,188.0,-52.0
435170.5,356468.28,188.0,-52.0
435380.38,356468.28,212.0,-40.0
435590.25,356468.28,212.0,-40.0
435800.1,356468.28,224.0,-76.0
436009.97,356468.28,224.0,-76.0
436219.8,356468.28,224.0,-76.0
436429.7,356468.28,212.0,-4.0
436639.56,356468.28,212.0,-4.0
436849.4,356468.28,212.0,-4.0
437059.28,356468.28,236.0,-232.0
437269.16,356468.28,248.0,-232.0
437479.0,356468.28,248.0,-232.0
437688.88,356468.28,248.0,-232.0
437898.72,356468.28,248.0,-232.0
438108.6,356468.28,248.0,-232.0
438318.47,356468.28,248.0,-412.0
438528.3,356468.28,260.0,-256.0
438738.2,356468.28,260.0,-256.0
438948.03,356468.28,260.0,-256.0
439157.9,356468.28,260.0,-256.0
439367.78,356468.28,260.0,-256.0
439577.62,356468.28,260.0,-256.0
439787.5,356468.28,260.0,-256.0
439997.38,356468.28,284.0,-544.0
440207.22,356468.28,284.0,-460.0
440417.1,356468.28,284.0,-388.0
440626.94,356468.28,284.0,-304.0
440836.8,356468.28,284.0,-304.0
441046.7,356468.28,284.0,-304.0
441256.53,356468.28,284.0,-268.0
441466.4,356468.28,284.0,-268.0
441676.25,356468.28,284.0,-268.0
441886.12,356468.28,284.0,-268.0
442096.0,356468.28,284.0,-268.0
442305.84,356468.28,296.0,-376.0
442515.72,356468.28,296.0,-376.0
442725.6,356468.28,296.0,-376.0
442935.44,356468.28,296.0,-376.0
443145.3,356468.28,284.0,-364.0
443355.16,356468.28,284.0,-364.0
443565.03,356468.28,284.0,-364.0
443774.9,356468.28,284.0,-364.0
443984.75,356468.28,284.0,-364.0
444194.62,356468.28,284.0,-364.0
444404.47,356468.28,284.0,-328.0
444614.34,356468.28,284.0,-328.0
444824.22,356468.28,284.0,-328.0
445034.06,356468.28,284.0,-328.0
445243.94,356468.28,284.0,-328.0
445453.8,356468.28,272.0,-328.0
445663.66,356468.28,272.0,-328.0
445873.53,356468.28,272.0,-328.0
446083.38,356468.28,212.0,-376.0
446293.25,356468.28,212.0,-376.0
446503.12,356468.28,212.0,-376.0
446712.97,356468.28,212.0,-376.0
446922.84,356468.28,212.0,-376.0
447132.7,356468.28,200.0,-376.0
447342.56,356468.28,200.0,-376.0
447552.44,356468.28,200.0,-376.0
447762.28,356468.28,200.0,-364.0
447972.16,356468.28,200.0,-364.0
448182.03,356468.28,200.0,-364.0
448391.88,356468.28,200.0,-364.0
448601.75,356468.28,176.0,-280.0
448811.6,356468.28,176.0,-268.0
449021.47,356468.28,176.0,-268.0
449231.34,356468.28,176.0,-268.0
449441.2,356468.28,176.0,-268.0
449651.06,356468.28,140.0,-208.0
449860.9,356468.28,140.0,-208.0
450070.78,356468.28,140.0,-208.0
450280.66,356468.28,140.0,-208.0
450490.5,356468.28,140.0,-208.0
450700.38,356468.28,140.0,-208.0
450910.25,356468.28,140.0,-208.0
451120.1,356468.28,140.0,-208.0
451329.97,356468.28,152.0,-484.0
451539.8,356468.28,152.0,-484.0
451749.7,356468.28,152.0,-484.0
451959.56,356468.28,152.0,-484.0
452169.4,356468.28,152.0,-484.0
452379.28,356468.28,152.0,-484.0
452589.12,356468.28,152.0,-484.0
452799.0,356468.28,152.0,-484.0
453008.88,356468.28,152.0,-484.0
453218.72,356468.28,152.0,-484.0
453428.6,356468.28,152.0,-484.0
453638.47,356468.28,140.0,-484.0
453848.3,356468.28,176.0,-196.0
454058.2,356468.28,164.0,-196.0
454268.03,356468.28,164.0,-196.0
454477.9,356468.28,164.0,-196.0
454687.78,356468.28,164.0,-196.0
454897.62,356468.28,164.0,-196.0
455107.5,356468.28,164.0,-196.0
455317.34,356468.28,164.0,-196.0
455527.22,356468.28,140.0,-544.0
455737.1,356468.28,140.0,-544.0
455946.94,356468.28,140.0,-544.0
456156.8,356468.28,140.0,-544.0
456366.7,356468.28,140.0,-544.0
456576.53,356468.28,140.0,-544.0
456786.4,356468.28,140.0,-544.0
456996.25,356468.28,140.0,-544.0
457206.12,356468.28,140.0,-544.0
457416.0,356468.28,140.0,-544.0
457625.84,356468.28,140.0,-544.0
457835.72,356468.28,140.0,-544.0
458045.6,356468.28,128.0,-544.0
458255.44,356468.28,128.0,-544.0
458465.3,356468.28,128.0,-544.0
458675.16,356468.28,128.0,-544.0
458885.03,356468.28,128.0,-544.0
459094.9,356468.28,128.0,-544.0
459304.75,356468.28,128.0,-544.0
459514.62,356468.28,128.0,-544.0
459724.47,356468.28,128.0,-544.0
459934.34,356468.28,128.0,-544.0
460144.22,356468.28,128.0,-544.0
418381.47,356670.9,,
418591.34,356670.9,,
418801.2,356670.9,,
419011.06,356670.9,,
419220.94,356670.9,,
419430.78,356670.9,,
419640.66,356670.9,,
419850.5,356670.9,,
420060.38,356670.9,,
420270.25,356670.9,,
420480.1,356670.9,,
420689.97,356670.9,,
420899.84,356670.9,,
421109.7,356670.9,,
421319.56,356670.9,,
421529.4,356670.9,,
421739.28,356670.9,,
421949.16,356670.9,,
422159.0,356670.9,,
422368.88,356670.9,,
422578.72,356670.9,,
422788.6,356670.9,,
422998.47,356670.9,,
423208.3,356670.9,,
423418.2,356670.9,,
423628.06,356670.9,,
423837.9,356670.9,,
424047.78,356670.9,,
424257.62,356670.9,,
424467.5,356670.9,212.0,200.0
424677.38,356670.9,212.0,200.0
424887.22,356670.9,212.0,200.0
425097.1,356670.9,212.0,200.0
425306.94,356670.9,224.0,200.0
425516.8,356670.9,224.0,188.0
425726.7,356670.9,224.0,188.0
425936.53,356670.9,224.0,188.0
426146.4,356670.9,236.0,188.0
426356.28,356670.9,236.0,188.0
426566.12,356670.9,236.0,188.0
426776.0,356670.9,272.0,128.0
426985.84,356670.9,272.0,128.0
427195.72,356670.9,272.0,128.0
427405.6,356670.9,284.0,128.0
427615.44,356670.9,284.0,128.0
427825.3,356670.9,284.0,128.0
428035.16,356670.9,284.0,128.0
428245.03,356670.9,284.0,128.0
428454.9,356670.9,284.0,128.0
428664.75,356670.9,284.0,128.0
428874.62,356670.9,284.0,128.0
429084.5,356670.9,212.0,-52.0
429294.34,356670.9,212.0,-52.0
429504.22,356670.9,224.0,-52.0
429714.06,356670.9,224.0,-52.0
429923.94,356670.9,224.0,-52.0
430133.8,356670.9,224.0,-52.0
430343.66,356670.9,224.0,-64.0
430553.53,356670.9,224.0,-64.0
430763.38,356670.9,224.0,-64.0
430973.25,356670.9,224.0,-64.0
431183.12,356670.9,224.0,-64.0
431392.97,356670.9,224.0,-64.0
431602.84,356670.9,224.0,-64.0
431812.72,356670.9,236.0,-64.0
432022.56,356670.9,236.0,-64.0
432232.44,356670.9,236.0,-64.0
432442.28,356670.9,212.0,-52.0
432652.16,356670.9,212.0,-52.0
432862.03,356670.9,212.0,-52.0
433071.88,356670.9,212.0,-52.0
433281.75,356670.9,212.0,-52.0
433491.6,356670.9,212.0,-52.0
433701.47,356670.9,212.0,-52.0
433911.34,356670.9,212.0,-52.0
434121.2,356670.9,212.0,-64.0
434331.06,356670.9,188.0,-52.0
434540.94,356670.9,188.0,-52.0
434750.78,356670.9,188.0,-52.0
434960.66,356670.9,188.0,-52.0
435170.5,356670.9,188.0,-52.0
435380.38,356670.9,212.0,-40.0
435590.25,356670.9,212.0,-40.0
435800.1,356670.9,212.0,-40.0
436009.97,356670.9,224.0,-76.0
436219.8,356670.9,224.0,-76.0
436429.7,356670.9,200.0,-4.0
436639.56,356670.9,200.0,-4.0
436849.4,356670.9,212.0,-4.0
437059.28,356670.9,212.0,-4.0
437269.16,356670.9,236.0,-232.0
437479.0,356670.9,248.0,-232.0
437688.88,356670.9,248.0,-232.0
437898.72,356670.9,248.0,-232.0
438108.6,356670.9,236.0,-88.0
438318.47,356670.9,236.0,-232.0
438528.3,356670.9,236.0,-220.0
438738.2,356670.9,260.0,-256.0
438948.03,356670.9,260.0,-256.0
439157.9,356670.9,260.0,-256.0
439367.78,356670.9,260.0,-256.0
439577.62,356670.9,260.0,-256.0
439787.5,356670.9,260.0,-256.0
439997.38,356670.9,284.0,-376.0
440207.22,356670.9,284.0,-556.0
440417.1,356670.9,284.0,-472.0
440626.94,356670.9,284.0,-388.0
440836.8,356670.9,284.0,-316.0
441046.7,356670.9,284.0,-268.0
441256.53,356670.9,284.0,-268.0
441466.4,356670.9,284.0,-268.0
441676.25,356670.9,284.0,-268.0
441886.12,356670.9,284.0,-268.0
442096.0,356670.9,284.0,-268.0
442305.84,356670.9,284.0,-268.0
442515.72,356670.9,296.0,-376.0
442725.6,356670.9,296.0,-376.0
442935.44,356670.9,284.0,-364.0
443145.3,356670.9,284.0,-364.0
443355.16,356670.9,284.0,-364.0
443565.03,356670.9,284.0,-364.0
443774.9,356670.9,284.0,-364.0
443984.75,356670.9,284.0,-364.0
444194.62,356670.9,284.0,-364.0
444404.47,356670.9,284.0,-328.0
444614.34,356670.9,284.0,-328.0
444824.22,356670.9,284.0,-328.0
445034.06,356670.9,284.0,-328.0
445243.94,356670.9,284.0,-328.0
445453.8,356670.9,272.0,-328.0
445663.66,356670.9,272.0,-328.0
445873.53,356670.9,212.0,-376.0
446083.38,356670.9,212.0,-376.0
446293.25,356670.9,212.0,-376.0
446503.12,356670.9,212.0,-376.0
446712.97,356670.9,212.0,-376.0
446922.84,356670.9,212.0,-376.0
447132.7,356670.9,200.0,-376.0
447342.56,356670.9,200.0,-376.0
447552.44,356670.9,200.0,-376.0
447762.28,356670.9,200.0,-364.0
447972.16,356670.9,200.0,-364.0
448182.03,356670.9,200.0,-364.0
448391.88,356670.9,176.0,-268.0
448601.75,356670.9,176.0,-268.0
448811.6,356670.9,176.0,-268.0
449021.47,356670.9,176.0,-268.0
449231.34,356670.9,176.0,-268.0
449441.2,356670.9,176.0,-268.0
449651.06,356670.9,128.0,-316.0
449860.9,356670.9,128.0,-316.0
450070.78,356670.9,128.0,-316.0
450280.66,356670.9,128.0,-304.0
450490.5,356670.9,116.0,-304.0
450700.38,356670.9,116.0,-304.0
450910.25,356670.9,116.0,-304.0
451120.1,356670.9,152.0,-484.0
451329.97,356670.9,152.0,-484.0
451539.8,356670.9,152.0,-484.0
451749.7,356670.9,152.0,-484.0
451959.56,356670.9,152.0,-484.0
452169.4,356670.9,152.0,-484.0
452379.28,356670.9,152.0,-484.0
452589.12,356670.9,152.0,-484.0
452799.0,356670.9,152.0,-484.0
453008.88,356670.9,152.0,-484.0
453218.72,356670.9,152.0,-484.0
453428.6,356670.9,152.0,-484.0
453638.47,356670.9,152.0,-484.0
453848.3,356670.9,152.0,-484.0
454058.2,356670.9,164.0,-196.0
454268.03,356670.9,164.0,-196.0
454477.9,356670.9,164.0,-196.0
454687.78,356670.9,164.0,-196.0
454897.62,356670.9,164.0,-196.0
455107.5,356670.9,164.0,-196.0
455317.34,356670.9,140.0,-544.0
455527.22,356670.9,140.0,-544.0
455737.1,356670.9,140.0,-544.0
455946.94,356670.9,140.0,-544.0
456156.8,356670.9,140.0,-544.0
456366.7,356670.9,140.0,-544.0
456576.53,356670.9,140.0,-544.0
456786.4,356670.9,140.0,-544.0
456996.25,356670.9,140.0,-544.0
457206.12,356670.9,140.0,-544.0
457416.0,356670.9,140.0,-544.0
457625.84,356670.9,140.0,-544.0
457835.72,356670.9,140.0,-544.0
458045.6,356670.9,140.0,-544.0
458255.44,356670.9,128.0,-544.0
458465.3,356670.9,128.0,-544.0
458675.16,356670.9,128.0,-544.0
458885.03,356670.9,128.0,-544.0
459094.9,356670.9,128.0,-544.0
459304.75,356670.9,128.0,-544.0
459514.62,356670.9,128.0,-544.0
459724.47,356670.9,128.0,-544.0
459934.34,356670.9,128.0,-544.0
460144.22,356670.9,128.0,-544.0
418381.47,356873.53,,
418591.34,356873.53,,
418801.2,356873.53,,
419011.06,356873.53,,
419220.94,356873.53,,
419430.78,356873.53,,
419640.66,356873.53,,
419850.5,356873.53,,
420060.38,356873.53,,
420270.25,356873.53,,
420480.1,356873.53,,
420689.97,356873.53,,
420899.84,356873.53,,
421109.7,356873.53,,
421319.56,356873.53,,
421529.4,356873.53,,
421739.28,356873.53,,
421949.16,356873.53,,
422159.0,356873.53,,
422368.88,356873.53,,
422578.72,356873.53,,
422788.6,356873.53,,
422998.47,356873.53,,
423208.3,356873.53,,
423418.2,356873.53,,
423628.06,356873.53,,
423837.9,356873.53,,
424047.78,356873.53,,
424257.62,356873.53,,
424467.5,356873.53,,
424677.38,356873.53,,
424887.22,356873.53,,
425097.1,356873.53,,
425306.94,356873.53,,
425516.8,356873.53,,
425726.7,356873.53,212.0,212.0
425936.53,356873.53,212.0,212.0
426146.4,356873.53,212.0,200.0
426356.28,356873.53,212.0,200.0
426566.12,356873.53,224.0,200.0
426776.0,356873.53,272.0,128.0
426985.84,356873.53,272.0,128.0
427195.72,356873.53,272.0,128.0
427405.6,356873.53,272.0,128.0
427615.44,356873.53,272.0,128.0
427825.3,356873.53,284.0,128.0
428035.16,356873.53,284.0,128.0
428245.03,356873.53,284.0,128.0
428454.9,356873.53,284.0,128.0
428664.75,356873.53,284.0,128.0
428874.62,356873.53,212.0,-52.0
429084.5,356873.53,212.0,-52.0
429294.34,356873.53,212.0,-52.0
429504.22,356873.53,212.0,-52.0
429714.06,356873.53,212.0,-52.0
429923.94,356873.53,224.0,-52.0
430133.8,356873.53,224.0,-52.0
430343.66,356873.53,224.0,-52.0
430553.53,356873.53,224.0,-52.0
430763.38,356873.53,224.0,-52.0
430973.25,356873.53,224.0,-64.0
431183.12,356873.53,224.0,-64.0
431392.97,356873.53,224.0,-64.0
431602.84,356873.53,224.0,-64.0
431812.72,356873.53,224.0,-64.0
432022.56,356873.53,224.0,-64.0
432232.44,356873.53,224.0,-64.0
432442.28,356873.53,212.0,-52.0
432652.16,356873.53,212.0,-52.0
432862.03,356873.53,212.0,-52.0
433071.88,356873.53,212.0,-52.0
433281.75,356873.53,212.0,-52.0
433491.6,356873.53,212.0,-52.0
433701.47,356873.53,212.0,-52.0
433911.34,356873.53,212.0,-52.0
434121.2,356873.53,188.0,-52.0
434331.06,356873.53,188.0,-52.0
434540.94,356873.53,188.0,-52.0
434750.78,356873.53,188.0,-52.0
434960.66,356873.53,188.0,-52.0
435170.5,356873.53,188.0,-52.0
435380.38,356873.53,200.0,-40.0
435590.25,356873.53,212.0,-40.0
435800.1,356873.53,212.0,-40.0
436009.97,356873.53,200.0,-4.0
436219.8,356873.53,200.0,-4.0
436429.7,356873.53,212.0,-4.0
436639.56,356873.53,212.0,-4.0
436849.4,356873.53,212.0,-4.0
437059.28,356873.53,212.0,-4.0
437269.16,356873.53,236.0,-232.0
437479.0,356873.53,236.0,-88.0
437688.88,356873.53,236.0,-88.0
437898.72,356873.53,236.0,-88.0
438108.6,356873.53,236.0,-88.0
438318.47,356873.53,236.0,-232.0
438528.3,356873.53,236.0,-232.0
438738.2,356873.53,260.0,-256.0
438948.03,356873.53,260.0,-256.0
439157.9,356873.53,260.0,-256.0
439367.78,356873.53,260.0,-256.0
439577.62,356873.53,260.0,-256.0
439787.5,356873.53,260.0,-256.0
439997.38,356873.53,260.0,-256.0
440207.22,356873.53,272.0,-244.0
440417.1,356873.53,272.0,-244.0
440626.94,356873.53,272.0,-244.0
440836.8,356873.53,272.0,-244.0
441046.7,356873.53,284.0,-256.0
441256.53,356873.53,284.0,-256.0
441466.4,356873.53,284.0,-256.0
441676.25,356873.53,284.0,-268.0
441886.12,356873.53,284.0,-268.0
442096.0,356873.53,284.0,-268.0
442305.84,356873.53,284.0,-268.0
442515.72,356873.53,284.0,-244.0
442725.6,356873.53,284.0,-244.0
442935.44,356873.53,284.0,-244.0
443145.3,356873.53,284.0,-364.0
443355.16,356873.53,284.0,-364.0
443565.03,356873.53,284.0,-364.0
443774.9,356873.53,284.0,-364.0
443984.75,356873.53,284.0,-364.0
444194.62,356873.53,284.0,-364.0
444404.47,356873.53,284.0,-364.0
444614.34,356873.53,284.0,-328.0
444824.22,356873.53,284.0,-328.0
445034.06,356873.53,284.0,-328.0
445243.94,356873.53,284.0,-328.0
445453.8,356873.53,284.0,-328.0
445663.66,356873.53,272.0,-328.0
445873.53,356873.53,212.0,-376.0
446083.38,356873.53,212.0,-376.0
446293.25,356873.53,212.0,-376.0
446503.12,356873.53,212.0,-376.0
446712.97,356873.53,212.0,-376.0
446922.84,356873.53,212.0,-376.0
447132.7,356873.53,212.0,-376.0
447342.56,356873.53,200.0,-376.0
447552.44,356873.53,200.0,-376.0
447762.28,356873.53,200.0,-364.0
447972.16,356873.53,200.0,-364.0
448182.03,356873.53,176.0,-268.0
448391.88,356873.53,176.0,-268.0
448601.75,356873.53,176.0,-268.0
448811.6,356873.53,176.0,-268.0
449021.47,356873.53,176.0,-268.0
449231.34,356873.53,176.0,-268.0
449441.2,356873.53,176.0,-268.0
449651.06,356873.53,128.0,-316.0
449860.9,356873.53,128.0,-316.0
450070.78,356873.53,128.0,-304.0
450280.66,356873.53,128.0,-304.0
450490.5,356873.53,116.0,-304.0
450700.38,356873.53,116.0,-304.0
450910.25,356873.53,116.0,-304.0
451120.1,356873.53,116.0,-304.0
451329.97,356873.53,152.0,-484.0
451539.8,356873.53,152.0,-484.0
451749.7,356873.53,152.0,-484.0
451959.56,356873.53,152.0,-484.0
452169.4,356873.53,152.0,-484.0
452379.28,356873.53,152.0,-484.0
452589.12,356873.53,152.0,-484.0
452799.0,356873.53,152.0,-484.0
453008.88,356873.53,152.0,-484.0
453218.72,356873.53,152.0,-484.0
453428.6,356873.53,152.0,-484.0
453638.47,356873.53,152.0,-484.0
453848.3,356873.53,152.0,-484.0
454058.2,356873.53,176.0,-484.0
454268.03,356873.53,164.0,-196.0
454477.9,356873.53,164.0,-196.0
454687.78,356873.53,164.0,-196.0
454897.62,356873.53,164.0,-196.0
455107.5,356873.53,152.0,-544.0
455317.34,356873.53,152.0,-544.0
455527.22,356873.53,152.0,-544.0
455737.1,356873.53,140.0,-544.0
455946.94,356873.53,140.0,-544.0
456156.8,356873.53,140.0,-544.0
456366.7,356873.53,140.0,-544.0
456576.53,356873.53,140.0,-544.0
456786.4,356873.53,140.0,-544.0
456996.25,356873.53,140.0,-544.0
457206.12,356873.53,140.0,-544.0
457416.0,356873.53,140.0,-544.0
457625.84,356873.53,140.0,-544.0
457835.72,356873.53,140.0,-544.0
458045.6,356873.53,140.0,-544.0
458255.44,356873.53,128.0,-544.0
458465.3,356873.53,128.0,-544.0
458675.16,356873.53,128.0,-544.0
458885.03,356873.53,128.0,-544.0
459094.9,356873.53,128.0,-544.0
459304.75,356873.53,128.0,-544.0
459514.62,356873.53,128.0,-544.0
459724.47,356873.53,128.0,-544.0
459934.34,356873.53,128.0,-544.0
460144.22,356873.53,128.0,-544.0
418381.47,357076.12,,
418591.34,357076.12,,
418801.2,357076.12,,
419011.06,357076.12,,
419220.94,357076.12,,
419430.78,357076.12,,
419640.66,357076.12,,
419850.5,357076.12,,
420060.38,357076.12,,
420270.25,357076.12,,
420480.1,357076.12,,
420689.97,357076.12,,
420899.84,357076.12,,
421109.7,357076.12,,
421319.56,357076.12,,
421529.4,357076.12,,
421739.28,357076.12,,
421949.16,357076.12,,
422159.0,357076.12,,
422368.88,357076.12,,
422578.72,357076.12,,
422788.6,357076.12,,
422998.47,357076.12,,
423208.3,357076.12,,
423418.2,357076.12,,
423628.06,357076.12,,
423837.9,357076.12,,
424047.78,357076.12,,
424257.62,357076.12,,
424467.5,357076.12,,
424677.38,357076.12,,
424887.22,357076.12,,
425097.1,357076.12,,
425306.94,357076.12,,
425516.8,357076.12,,
425726.7,357076.12,,
425936.53,357076.12,,
426146.4,357076.12,,
426356.28,357076.12,,
426566.12,357076.12,260.0,128.0
426776.0,357076.12,272.0,128.0
426985.84,357076.12,272.0,128.0
427195.72,357076.12,272.0,128.0
427405.6,357076.12,272.0,128.0
427615.44,357076.12,272.0,128.0
427825.3,357076.12,272.0,128.0
428035.16,357076.12,272.0,128.0
428245.03,357076.12,284.0,128.0
428454.9,357076.12,284.0,128.0
428664.75,357076.12,200.0,-52.0
428874.62,357076.12,200.0,-52.0
429084.5,357076.12,212.0,-52.0
429294.34,357076.12,212.0,-52.0
429504.22,357076.12,212.0,-52.0
429714.06,357076.12,212.0,-52.0
429923.94,357076.12,212.0,-52.0
430133.8,357076.12,212.0,-52.0
430343.66,357076.12,212.0,-52.0
430553.53,357076.12,224.0,-52.0
430763.38,357076.12,224.0,-52.0
430973.25,357076.12,224.0,-52.0
431183.12,357076.12,224.0,-52.0
431392.97,357076.12,224.0,-52.0
431602.84,357076.12,224.0,-64.0
431812.72,357076.12,224.0,-64.0
432022.56,357076.12,224.0,-64.0
432232.44,357076.12,224.0,-64.0
432442.28,357076.12,212.0,-52.0
432652.16,357076.12,212.0,-52.0
432862.03,357076.12,212.0,-52.0
433071.88,357076.12,212.0,-52.0
433281.75,357076.12,212.0,-52.0
433491.6,357076.12,212.0,-52.0
433701.47,357076.12,212.0,-52.0
433911.34,357076.12,176.0,-160.0
434121.2,357076.12,176.0,-160.0
434331.06,357076.12,176.0,-160.0
434540.94,357076.12,176.0,-160.0
434750.78,357076.12,188.0,-52.0
434960.66,357076.12,188.0,-52.0
435170.5,357076.12,188.0,-52.0
435380.38,357076.12,188.0,-52.0
435590.25,357076.12,188.0,-52.0
435800.1,357076.12,188.0,-52.0
436009.97,357076.12,188.0,-4.0
436219.8,357076.12,188.0,-4.0
436429.7,357076.12,200.0,-4.0
436639.56,357076.12,212.0,-4.0
436849.4,357076.12,212.0,-4.0
437059.28,357076.12,212.0,-4.0
437269.16,357076.12,176.0,20.0
437479.0,357076.12,236.0,-88.0
437688.88,357076.12,236.0,-88.0
437898.72,357076.12,236.0,-88.0
438108.6,357076.12,236.0,-88.0
438318.47,357076.12,236.0,-232.0
438528.3,357076.12,236.0,-220.0
438738.2,357076.12,236.0,-220.0
438948.03,357076.12,260.0,-256.0
439157.9,357076.12,260.0,-256.0
439367.78,357076.12,260.0,-256.0
439577.62,357076.12,260.0,-256.0
439787.5,357076.12,260.0,-256.0
439997.38,357076.12,272.0,-244.0
440207.22,357076.12,272.0,-244.0
440417.1,357076.12,272.0,-244.0
440626.94,357076.12,272.0,-244.0
440836.8,357076.12,272.0,-244.0
441046.7,357076.12,272.0,-232.0
441256.53,357076.12,284.0,-256.0
441466.4,357076.12,284.0,-256.0
441676.25,357076.12,284.0,-256.0
441886.12,357076.12,284.0,-256.0
442096.0,357076.12,284.0,-256.0
442305.84,357076.12,284.0,-244.0
442515.72,357076.12,284.0,-244.0
442725.6,357076.12,284.0,-244.0
442935.44,357076.12,284.0,-244.0
443145.3,357076.12,284.0,-364.0
443355.16,357076.12,284.0,-364.0
443565.03,357076.12,284.0,-364.0
443774.9,357076.12,284.0,-364.0
443984.75,357076.12,284.0,-364.0
444194.62,357076.12,284.0,-364.0
444404.47,357076.12,284.0,-364.0
444614.34,357076.12,284.0,-328.0
444824.22,357076.12,284.0,-328.0
445034.06,357076.12,284.0,-328.0
445243.94,357076.12,284.0,-328.0
445453.8,357076.12,284.0,-328.0
445663.66,357076.12,284.0,-328.0
445873.53,357076.12,212.0,-376.0
446083.38,357076.12,212.0,-376.0
446293.25,357076.12,212.0,-376.0
446503.12,357076.12,212.0,-376.0
446712.97,357076.12,212.0,-376.0
446922.84,357076.12,212.0,-376.0
447132.7,357076.12,212.0,-376.0
447342.56,357076.12,212.0,-376.0
447552.44,357076.12,224.0,-172.0
447762.28,357076.12,224.0,-172.0
447972.16,357076.12,176.0,-268.0
448182.03,357076.12,176.0,-268.0
448391.88,357076.12,176.0,-268.0
448601.75,357076.12,176.0,-268.0
448811.6,357076.12,176.0,-268.0
449021.47,357076.12,176.0,-268.0
449231.34,357076.12,176.0,-268.0
449441.2,357076.12,176.0,-268.0
449651.06,357076.12,128.0,-316.0
449860.9,357076.12,128.0,-304.0
450070.78,357076.12,128.0,-304.0
450280.66,357076.12,128.0,-304.0
450490.5,357076.12,116.0,-304.0
450700.38,357076.12,116.0,-304.0
450910.25,357076.12,116.0,-304.0
451120.1,357076.12,116.0,-304.0
451329.97,357076.12,116.0,-304.0
451539.8,357076.12,152.0,-484.0
451749.7,357076.12,152.0,-484.0
451959.56,357076.12,152.0,-484.0
452169.4,357076.12,152.0,-484.0
452379.28,357076.12,152.0,-484.0
452589.12,357076.12,152.0,-484.0
452799.0,357076.12,152.0,-484.0
453008.88,357076.12,152.0,-484.0
453218.72,357076.12,152.0,-484.0
453428.6,357076.12,152.0,-484.0
453638.47,357076.12,152.0,-484.0
453848.3,357076.12,152.0,-484.0
454058.2,357076.12,152.0,-484.0
454268.03,357076.12,164.0,-196.0
454477.9,357076.12,164.0,-196.0
454687.78,357076.12,152.0,-148.0
454897.62,357076.12,152.0,-148.0
455107.5,357076.12,152.0,-544.0
455317.34,357076.12,152.0,-544.0
455527.22,357076.12,152.0,-544.0
455737.1,357076.12,140.0,-544.0
455946.94,357076.12,140.0,-544.0
456156.8,357076.12,140.0,-544.0
456366.7,357076.12,140.0,-544.0
456576.53,357076.12,140.0,-544.0
456786.4,357076.12,140.0,-544.0
456996.25,357076.12,140.0,-544.0
457206.12,357076.12,140.0,-544.0
457416.0,357076.12,140.0,-544.0
457625.84,357076.12,140.0,-544.0
457835.72,357076.12,140.0,-544.0
458045.6,357076.12,140.0,-544.0
458255.44,357076.12,140.0,-544.0
458465.3,357076.12,128.0,-544.0
458675.16,357076.12,128.0,-544.0
458885.03,357076.12,128.0,-544.0
459094.9,357076.12,128.0,-544.0
459304.75,357076.12,128.0,-544.0
459514.62,357076.12,128.0,-544.0
459724.47,357076.12,128.0,-544.0
459934.34,357076.12,128.0,-544.0
460144.22,357076.12,128.0,-544.0
418381.47,357278.75,,
418591.34,357278.75,,
418801.2,357278.75,,
419011.06,357278.75,,
419220.94,357278.75,,
419430.78,357278.75,,
419640.66,357278.75,,
419850.5,357278.75,,
420060.38,357278.75,,
420270.25,357278.75,,
420480.1,357278.75,,
420689.97,357278.75,,
420899.84,357278.75,,
421109.7,357278.75,,
421319.56,357278.75,,
421529.4,357278.75,,
421739.28,357278.75,,
421949.16,357278.75,,
422159.0,357278.75,,
422368.88,357278.75,,
422578.72,357278.75,,
422788.6,357278.75,,
422998.47,357278.75,,
423208.3,357278.75,,
423418.2,357278.75,,
423628.06,357278.75,,
423837.9,357278.75,,
424047.78,357278.75,,
424257.62,357278.75,,
424467.5,357278.75,,
424677.38,357278.75,,
424887.22,357278.75,,
425097.1,357278.75,,
425306.94,357278.75,,
425516.8,357278.75,,
425726.7,357278.75,,
425936.53,357278.75,,
426146.4,357278.75,,
426356.28,357278.75,,
426566.12,357278.75,260.0,128.0
426776.0,357278.75,260.0,128.0
426985.84,357278.75,272.0,128.0
427195.72,357278.75,272.0,128.0
427405.6,357278.75,272.0,128.0
427615.44,357278.75,272.0,128.0
427825.3,357278.75,272.0,128.0
428035.16,357278.75,272.0,128.0
428245.03,357278.75,272.0,128.0
428454.9,357278.75,200.0,-40.0
428664.75,357278.75,200.0,-52.0
428874.62,357278.75,200.0,-52.0
429084.5,357278.75,200.0,-52.0
429294.34,357278.75,200.0,-52.0
429504.22,357278.75,212.0,-52.0
429714.06,357278.75,212.0,-52.0
429923.94,357278.75,212.0,-52.0
430133.8,357278.75,212.0,-52.0
430343.66,357278.75,212.0,-52.0
430553.53,357278.75,212.0,-52.0
430763.38,357278.75,212.0,-52.0
430973.25,357278.75,224.0,-52.0
431183.12,357278.75,224.0,-52.0
431392.97,357278.75,224.0,-52.0
431602.84,357278.75,224.0,-52.0
431812.72,357278.75,224.0,-64.0
432022.56,357278.75,224.0,-64.0
432232.44,357278.75,200.0,-52.0
432442.28,357278.75,212.0,-52.0
432652.16,357278.75,212.0,-52.0
432862.03,357278.75,212.0,-52.0
433071.88,357278.75,200.0,-52.0
433281.75,357278.75,200.0,-52.0
433491.6,357278.75,200.0,-52.0
433701.47,357278.75,176.0,-160.0
433911.34,357278.75,176.0,-160.0
434121.2,357278.75,176.0,-160.0
434331.06,357278.75,176.0,-160.0
434540.94,357278.75,176.0,-160.0
434750.78,357278.75,176.0,-160.0
434960.66,357278.75,176.0,-160.0
435170.5,357278.75,188.0,-52.0
435380.38,357278.75,188.0,-52.0
435590.25,357278.75,188.0,-52.0
435800.1,357278.75,188.0,-52.0
436009.97,357278.75,188.0,-4.0
436219.8,357278.75,188.0,-4.0
436429.7,357278.75,188.0,-4.0
436639.56,357278.75,176.0,20.0
436849.4,357278.75,176.0,20.0
437059.28,357278.75,176.0,20.0
437269.16,357278.75,176.0,20.0
437479.0,357278.75,236.0,-88.0
437688.88,357278.75,236.0,-88.0
437898.72,357278.75,236.0,-88.0
438108.6,357278.75,236.0,-232.0
438318.47,357278.75,236.0,-232.0
438528.3,357278.75,236.0,-232.0
438738.2,357278.75,236.0,-220.0
438948.03,357278.75,236.0,-220.0
439157.9,357278.75,260.0,-256.0
439367.78,357278.75,248.0,-244.0
439577.62,357278.75,248.0,-244.0
439787.5,357278.75,248.0,-244.0
439997.38,357278.75,248.0,-244.0
440207.22,357278.75,272.0,-244.0
440417.1,357278.75,272.0,-244.0
440626.94,357278.75,272.0,-244.0
440836.8,357278.75,272.0,-244.0
441046.7,357278.75,272.0,-232.0
441256.53,357278.75,284.0,-256.0
441466.4,357278.75,284.0,-256.0
441676.25,357278.75,284.0,-256.0
441886.12,357278.75,284.0,-256.0
442096.0,357278.75,284.0,-244.0
442305.84,357278.75,284.0,-244.0
442515.72,357278.75,284.0,-244.0
442725.6,357278.75,284.0,-244.0
442935.44,357278.75,284.0,-244.0
443145.3,357278.75,284.0,-244.0
443355.16,357278.75,284.0,-364.0
443565.03,357278.75,284.0,-364.0
443774.9,357278.75,284.0,-364.0
443984.75,357278.75,284.0,-364.0
444194.62,357278.75,284.0,-364.0
444404.47,357278.75,284.0,-364.0
444614.34,357278.75,284.0,-328.0
444824.22,357278.75,284.0,-328.0
445034.06,357278.75,284.0,-328.0
445243.94,357278.75,284.0,-328.0
445453.8,357278.75,284.0,-328.0
445663.66,357278.75,212.0,-376.0
445873.53,357278.75,212.0,-376.0
446083.38,357278.75,212.0,-376.0
446293.25,357278.75,212.0,-376.0
446503.12,357278.75,236.0,-172.0
446712.97,357278.75,236.0,-172.0
446922.84,357278.75,224.0,-172.0
447132.7,357278.75,224.0,-172.0
447342.56,357278.75,224.0,-172.0
447552.44,357278.75,224.0,-172.0
447762.28,357278.75,224.0,-172.0
447972.16,357278.75,176.0,-268.0
448182.03,357278.75,176.0,-268.0
448391.88,357278.75,176.0,-268.0
448601.75,357278.75,176.0,-268.0
448811.6,357278.75,176.0,-268.0
449021.47,357278.75,176.0,-268.0
449231.34,357278.75,176.0,-268.0
449441.2,357278.75,176.0,-268.0
449651.06,357278.75,128.0,-304.0
449860.9,357278.75,128.0,-304.0
450070.78,357278.75,128.0,-304.0
450280.66,357278.75,128.0,-304.0
450490.5,357278.75,128.0,-304.0
450700.38,357278.75,116.0,-304.0
450910.25,357278.75,116.0,-304.0
451120.1,357278.75,116.0,-304.0
451329.97,357278.75,116.0,-304.0
451539.8,357278.75,116.0,-304.0
451749.7,357278.75,152.0,-484.0
451959.56,357278.75,152.0,-484.0
452169.4,357278.75,152.0,-484.0
452379.28,357278.75,152.0,-484.0
452589.12,357278.75,152.0,-484.0
452799.0,357278.75,152.0,-484.0
453008.88,357278.75,152.0,-484.0
453218.72,357278.75,152.0,-484.0
453428.6,357278.75,152.0,-484.0
453638.47,357278.75,152.0,-484.0
453848.3,357278.75,152.0,-484.0
454058.2,357278.75,152.0,-484.0
454268.03,357278.75,140.0,-484.0
454477.9,357278.75,164.0,-148.0
454687.78,357278.75,152.0,-148.0
454897.62,357278.75,152.0,-148.0
455107.5,357278.75,152.0,-148.0
455317.34,357278.75,152.0,-544.0
455527.22,357278.75,152.0,-544.0
455737.1,357278.75,152.0,-544.0
455946.94,357278.75,140.0,-544.0
456156.8,357278.75,140.0,-544.0
456366.7,357278.75,140.0,-544.0
456576.53,357278.75,140.0,-544.0
456786.4,357278.75,140.0,-544.0
456996.25,357278.75,140.0,-544.0
457206.12,357278.75,140.0,-544.0
457416.0,357278.75,140.0,-544.0
457625.84,357278.75,140.0,-544.0
457835.72,357278.75,140.0,-544.0
458045.6,357278.75,140.0,-544.0
458255.44,357278.75,140.0,-544.0
458465.3,357278.75,128.0,-544.0
458675.16,357278.75,128.0,-544.0
458885.03,357278.75,128.0,-544.0
459094.9,357278.75,128.0,-544.0
459304.75,357278.75,128.0,-544.0
459514.62,357278.75,128.0,-544.0
459724.47,357278.75,128.0,-544.0
459934.34,357278.75,128.0,-544.0
460144.22,357278.75,128.0,-544.0
418381.47,357481.38,,
418591.34,357481.38,,
418801.2,357481.38,,
419011.06,357481.38,,
419220.94,357481.38,,
419430.78,357481.38,,
419640.66,357481.38,,
419850.5,357481.38,,
420060.38,357481.38,,
420270.25,357481.38,,
420480.1,357481.38,,
420689.97,357481.38,,
420899.84,357481.38,,
421109.7,357481.38,,
421319.56,357481.38,,
421529.4,357481.38,,
421739.28,357481.38,,
421949.16,357481.38,,
422159.0,357481.38,,
422368.88,357481.38,,
422578.72,357481.38,,
422788.6,357481.38,,
422998.47,357481.38,,
423208.3,357481.38,,
423418.2,357481.38,,
423628.06,357481.38,,
423837.9,357481.38,,
424047.78,357481.38,,
424257.62,357481.38,,
424467.5,357481.38,,
424677.38,357481.38,,
424887.22,357481.38,,
425097.1,357481.38,,
425306.94,357481.38,,
425516.8,357481.38,,
425726.7,357481.38,,
425936.53,357481.38,,
426146.4,357481.38,,
426356.28,357481.38,260.0,140.0
426566.12,357481.38,260.0,140.0
426776.0,357481.38,260.0,140.0
426985.84,357481.38,260.0,128.0
427195.72,357481.38,260.0,128.0
427405.6,357481.38,272.0,128.0
427615.44,357481.38,272.0,128.0
427825.3,357481.38,272.0,128.0
428035.16,357481.38,272.0,128.0
428245.03,357481.38,200.0,-40.0
428454.9,357481.38,200.0,-40.0
428664.75,357481.38,200.0,-40.0
428874.62,357481.38,200.0,-40.0
429084.5,357481.38,200.0,-52.0
429294.34,357481.38,200.0,-52.0
429504.22,357481.38,200.0,-52.0
429714.06,357481.38,200.0,-52.0
429923.94,357481.38,212.0,-52.0
430133.8,357481.38,212.0,-52.0
430343.66,357481.38,212.0,-52.0
430553.53,357481.38,212.0,-52.0
430763.38,357481.38,212.0,-52.0
430973.25,357481.38,212.0,-52.0
431183.12,357481.38,212.0,-52.0
431392.97,357481.38,212.0,-52.0
431602.84,357481.38,212.0,-52.0
431812.72,357481.38,212.0,-52.0
432022.56,357481.38,224.0,-52.0
432232.44,357481.38,200.0,-52.0
432442.28,357481.38,200.0,-52.0
432652.16,357481.38,200.0,-52.0
432862.03,357481.38,200.0,-52.0
433071.88,357481.38,200.0,-52.0
433281.75,357481.38,200.0,-52.0
433491.6,357481.38,176.0,-160.0
433701.47,357481.38,176.0,-160.0
433911.34,357481.38,176.0,-160.0
434121.2,357481.38,176.0,-160.0
434331.06,357481.38,176.0,-160.0
434540.94,357481.38,176.0,-160.0
434750.78,357481.38,176.0,-160.0
434960.66,357481.38,176.0,-160.0
435170.5,357481.38,176.0,-160.0
435380.38,357481.38,188.0,-52.0
435590.25,357481.38,188.0,-52.0
435800.1,357481.38,188.0,-52.0
436009.97,357481.38,188.0,-4.0
436219.8,357481.38,188.0,-4.0
436429.7,357481.38,176.0,20.0
436639.56,357481.38,176.0,20.0
436849.4,357481.38,176.0,20.0
437059.28,357481.38,176.0,20.0
437269.16,357481.38,176.0,20.0
437479.0,357481.38,188.0,20.0
437688.88,357481.38,188.0,20.0
437898.72,357481.38,236.0,-88.0
438108.6,357481.38,236.0,-232.0
438318.47,357481.38,236.0,-232.0
438528.3,357481.38,236.0,-232.0
438738.2,357481.38,236.0,-220.0
438948.03,357481.38,236.0,-220.0
439157.9,357481.38,248.0,-244.0
439367.78,357481.38,248.0,-244.0
439577.62,357481.38,248.0,-244.0
439787.5,357481.38,248.0,-244.0
439997.38,357481.38,248.0,-244.0
440207.22,357481.38,272.0,-244.0
440417.1,357481.38,272.0,-244.0
440626.94,357481.38,272.0,-244.0
440836.8,357481.38,272.0,-244.0
441046.7,357481.38,272.0,-232.0
441256.53,357481.38,272.0,-232.0
441466.4,357481.38,284.0,-256.0
441676.25,357481.38,284.0,-256.0
441886.12,357481.38,284.0,-256.0
442096.0,357481.38,284.0,-244.0
442305.84,357481.38,284.0,-244.0
442515.72,357481.38,284.0,-244.0
442725.6,357481.38,284.0,-244.0
442935.44,357481.38,284.0,-244.0
443145.3,357481.38,284.0,-244.0
443355.16,357481.38,284.0,-244.0
443565.03,357481.38,284.0,-364.0
443774.9,357481.38,284.0,-364.0
443984.75,357481.38,284.0,-364.0
444194.62,357481.38,284.0,-280.0
444404.47,357481.38,284.0,-280.0
444614.34,357481.38,284.0,-280.0
444824.22,357481.38,284.0,-280.0
445034.06,357481.38,284.0,-280.0
445243.94,357481.38,284.0,-328.0
445453.8,357481.38,284.0,-328.0
445663.66,357481.38,236.0,-172.0
445873.53,357481.38,236.0,-172.0
446083.38,357481.38,236.0,-172.0
446293.25,357481.38,236.0,-172.0
446503.12,357481.38,236.0,-172.0
446712.97,357481.38,236.0,-172.0
446922.84,357481.38,236.0,-172.0
447132.7,357481.38,224.0,-172.0
447342.56,357481.38,224.0,-172.0
447552.44,357481.38,224.0,-172.0
447762.28,357481.38,176.0,-268.0
447972.16,357481.38,176.0,-268.0
448182.03,357481.38,176.0,-268.0
448391.88,357481.38,176.0,-268.0
448601.75,357481.38,176.0,-268.0
448811.6,357481.38,176.0,-268.0
449021.47,357481.38,176.0,-268.0
449231.34,357481.38,176.0,-268.0
449441.2,357481.38,176.0,-268.0
449651.06,357481.38,128.0,-304.0
449860.9,357481.38,128.0,-304.0
450070.78,357481.38,128.0,-304.0
450280.66,357481.38,128.0,-304.0
450490.5,357481.38,128.0,-304.0
450700.38,357481.38,116.0,-304.0
450910.25,357481.38,116.0,-304.0
451120.1,357481.38,116.0,-304.0
451329.97,357481.38,116.0,-304.0
451539.8,357481.38,116.0,-304.0
451749.7,357481.38,116.0,-304.0
451959.56,357481.38,152.0,-484.0
452169.4,357481.38,152.0,-484.0
452379.28,357481.38,152.0,-484.0
452589.12,357481.38,152.0,-484.0
452799.0,357481.38,152.0,-484.0
453008.88,357481.38,152.0,-484.0
453218.72,357481.38,152.0,-484.0
453428.6,357481.38,152.0,-484.0
453638.47,357481.38,152.0,-484.0
453848.3,357481.38,152.0,-484.0
454058.2,357481.38,152.0,-484.0
454268.03,357481.38,164.0,-148.0
454477.9,357481.38,164.0,-148.0
454687.78,357481.38,164.0,-148.0
454897.62,357481.38,152.0,-148.0
455107.5,357481.38,152.0,-148.0
455317.34,357481.38,152.0,-148.0
455527.22,357481.38,152.0,-544.0
455737.1,357481.38,152.0,-544.0
455946.94,357481.38,152.0,-544.0
456156.8,357481.38,140.0,-544.0
456366.7,357481.38,140.0,-544.0
456576.53,357481.38,140.0,-544.0
456786.4,357481.38,140.0,-544.0
456996.25,357481.38,140.0,-544.0
457206.12,357481.38,140.0,-544.0
457416.0,357481.38,140.0,-544.0
457625.84,357481.38,140.0,-544.0
457835.72,357481.38,140.0,-544.0
458045.6,357481.38,140.0,-544.0
458255.44,357481.38,140.0,-544.0
458465.3,357481.38,128.0,-544.0
458675.16,357481.38,128.0,-544.0
458885.03,357481.38,128.0,-544.0
459094.9,357481.38,128.0,-544.0
459304.75,357481.38,128.0,-544.0
459514.62,357481.38,128.0,-544.0
459724.47,357481.38,128.0,-544.0
459934.34,357481.38,128.0,-544.0
460144.22,357481.38,128.0,-544.0
418381.47,357684.0,,
418591.34,357684.0,,
418801.2,357684.0,,
419011.06,357684.0,,
419220.94,357684.0,,
419430.78,357684.0,,
419640.66,357684.0,,
419850.5,357684.0,,
420060.38,357684.0,,
420270.25,357684.0,,
420480.1,357684.0,,
420689.97,357684.0,,
420899.84,357684.0,,
421109.7,357684.0,,
421319.56,357684.0,,
421529.4,357684.0,,
421739.28,357684.0,,
421949.16,357684.0,,
422159.0,357684.0,,
422368.88,357684.0,,
422578.72,357684.0,,
422788.6,357684.0,,
422998.47,357684.0,,
423208.3,357684.0,,
423418.2,357684.0,,
423628.06,357684.0,,
423837.9,357684.0,,
424047.78,357684.0,,
424257.62,357684.0,,
424467.5,357684.0,,
424677.38,357684.0,,
424887.22,357684.0,,
425097.1,357684.0,,
425306.94,357684.0,,
425516.8,357684.0,,
425726.7,357684.0,,
425936.53,357684.0,,
426146.4,357684.0,,
426356.28,357684.0,260.0,140.0
426566.12,357684.0,260.0,140.0
426776.0,357684.0,260.0,140.0
426985.84,357684.0,260.0,140.0
427195.72,357684.0,260.0,128.0
427405.6,357684.0,260.0,128.0
427615.44,357684.0,260.0,128.0
427825.3,357684.0,272.0,128.0
428035.16,357684.0,188.0,-40.0
428245.03,357684.0,188.0,-40.0
428454.9,357684.0,188.0,-40.0
428664.75,357684.0,200.0,-40.0
428874.62,357684.0,200.0,-40.0
429084.5,357684.0,200.0,-40.0
429294.34,357684.0,200.0,-40.0
429504.22,357684.0,200.0,-40.0
429714.06,357684.0,200.0,-52.0
429923.94,357684.0,200.0,-52.0
430133.8,357684.0,200.0,-52.0
430343.66,357684.0,212.0,-52.0
430553.53,357684.0,212.0,-52.0
430763.38,357684.0,212.0,-52.0
430973.25,357684.0,212.0,-52.0
431183.12,357684.0,212.0,-52.0
431392.97,357684.0,212.0,-52.0
431602.84,357684.0,212.0,-52.0
431812.72,357684.0,212.0,-52.0
432022.56,357684.0,200.0,-52.0
432232.44,357684.0,200.0,-52.0
432442.28,357684.0,200.0,-52.0
432652.16,357684.0,200.0,-52.0
432862.03,357684.0,200.0,-52.0
433071.88,357684.0,164.0,-160.0
433281.75,357684.0,164.0,-160.0
433491.6,357684.0,164.0,-160.0
433701.47,357684.0,176.0,-160.0
433911.34,357684.0,176.0,-160.0
434121.2,357684.0,176.0,-160.0
434331.06,357684.0,176.0,-160.0
434540.94,357684.0,176.0,-160.0
434750.78,357684.0,176.0,-160.0
434960.66,357684.0,176.0,-160.0
435170.5,357684.0,176.0,-160.0
435380.38,357684.0,164.0,-64.0
435590.25,357684.0,164.0,-64.0
435800.1,357684.0,164.0,-64.0
436009.97,357684.0,164.0,-64.0
436219.8,357684.0,176.0,20.0
436429.7,357684.0,176.0,20.0
436639.56,357684.0,176.0,20.0
436849.4,357684.0,176.0,20.0
437059.28,357684.0,176.0,20.0
437269.16,357684.0,176.0,20.0
437479.0,357684.0,188.0,20.0
437688.88,357684.0,188.0,20.0
437898.72,357684.0,188.0,20.0
438108.6,357684.0,236.0,-232.0
438318.47,357684.0,236.0,-232.0
438528.3,357684.0,236.0,-232.0
438738.2,357684.0,236.0,-220.0
438948.03,357684.0,248.0,-244.0
439157.9,357684.0,248.0,-244.0
439367.78,357684.0,248.0,-244.0
439577.62,357684.0,248.0,-244.0
439787.5,357684.0,248.0,-244.0
439997.38,357684.0,248.0,-244.0
440207.22,357684.0,272.0,-244.0
440417.1,357684.0,272.0,-244.0
440626.94,357684.0,272.0,-244.0
440836.8,357684.0,272.0,-244.0
441046.7,357684.0,272.0,-232.0
441256.53,357684.0,272.0,-232.0
441466.4,357684.0,284.0,-256.0
441676.25,357684.0,260.0,-280.0
441886.12,357684.0,260.0,-280.0
442096.0,357684.0,284.0,-244.0
442305.84,357684.0,284.0,-244.0
442515.72,357684.0,284.0,-244.0
442725.6,357684.0,284.0,-244.0
442935.44,357684.0,284.0,-244.0
443145.3,357684.0,284.0,-244.0
443355.16,357684.0,284.0,-244.0
443565.03,357684.0,284.0,-364.0
443774.9,357684.0,284.0,-280.0
443984.75,357684.0,284.0,-280.0
444194.62,357684.0,284.0,-280.0
444404.47,357684.0,284.0,-280.0
444614.34,357684.0,284.0,-280.0
444824.22,357684.0,284.0,-280.0
445034.06,357684.0,284.0,-280.0
445243.94,357684.0,284.0,-280.0
445453.8,357684.0,236.0,-160.0
445663.66,357684.0,236.0,-160.0
445873.53,357684.0,236.0,-172.0
446083.38,357684.0,236.0,-172.0
446293.25,357684.0,236.0,-172.0
446503.12,357684.0,236.0,-172.0
446712.97,357684.0,236.0,-160.0
446922.84,357684.0,236.0,-172.0
447132.7,357684.0,236.0,-172.0
447342.56,357684.0,224.0,-160.0
447552.44,357684.0,224.0,-160.0
447762.28,357684.0,176.0,-268.0
447972.16,357684.0,176.0,-268.0
448182.03,357684.0,176.0,-268.0
448391.88,357684.0,176.0,-268.0
448601.75,357684.0,176.0,-268.0
448811.6,357684.0,176.0,-268.0
449021.47,357684.0,176.0,-268.0
449231.34,357684.0,176.0,-268.0
449441.2,357684.0,176.0,-268.0
449651.06,357684.0,128.0,-304.0
449860.9,357684.0,128.0,-304.0
450070.78,357684.0,128.0,-304.0
450280.66,357684.0,128.0,-304.0
450490.5,357684.0,128.0,-304.0
450700.38,357684.0,128.0,-304.0
450910.25,357684.0,128.0,-304.0
451120.1,357684.0,116.0,-304.0
451329.97,357684.0,116.0,-304.0
451539.8,357684.0,116.0,-304.0
451749.7,357684.0,116.0,-304.0
451959.56,357684.0,116.0,-292.0
452169.4,357684.0,152.0,-484.0
452379.28,357684.0,152.0,-484.0
452589.12,357684.0,152.0,-484.0
452799.0,357684.0,152.0,-484.0
453008.88,357684.0,152.0,-484.0
453218.72,357684.0,152.0,-484.0
453428.6,357684.0,152.0,-484.0
453638.47,357684.0,152.0,-484.0
453848.3,357684.0,152.0,-484.0
454058.2,357684.0,164.0,-160.0
454268.03,357684.0,164.0,-148.0
454477.9,357684.0,164.0,-148.0
454687.78,357684.0,164.0,-148.0
454897.62,357684.0,152.0,-148.0
455107.5,357684.0,152.0,-148.0
455317.34,357684.0,152.0,-148.0
455527.22,357684.0,152.0,-544.0
455737.1,357684.0,152.0,-544.0
455946.94,357684.0,152.0,-544.0
456156.8,357684.0,140.0,-544.0
456366.7,357684.0,140.0,-544.0
456576.53,357684.0,140.0,-544.0
456786.4,357684.0,140.0,-544.0
456996.25,357684.0,140.0,-544.0
457206.12,357684.0,140.0,-544.0
457416.0,357684.0,140.0,-544.0
457625.84,357684.0,140.0,-544.0
457835.72,357684.0,140.0,-544.0
458045.6,357684.0,140.0,-544.0
458255.44,357684.0,140.0,-544.0
458465.3,357684.0,128.0,-544.0
458675.16,357684.0,128.0,-544.0
458885.03,357684.0,128.0,-544.0
459094.9,357684.0,128.0,-544.0
459304.75,357684.0,128.0,-544.0
459514.62,357684.0,128.0,-544.0
459724.47,357684.0,128.0,-544.0
459934.34,357684.0,128.0,-544.0
460144.22,357684.0,128.0,-544.0
418381.47,357886.62,,
418591.34,357886.62,,
418801.2,357886.62,,
419011.06,357886.62,,
419220.94,357886.62,,
419430.78,357886.62,,
419640.66,357886.62,,
419850.5,357886.62,,
420060.38,357886.62,,
420270.25,357886.62,,
420480.1,357886.62,,
420689.97,357886.62,,
420899.84,357886.62,,
421109.7,357886.62,,
421319.56,357886.62,,
421529.4,357886.62,,
421739.28,357886.62,,
421949.16,357886.62,,
422159.0,357886.62,,
422368.88,357886.62,,
422578.72,357886.62,,
422788.6,357886.62,,
422998.47,357886.62,,
423208.3,357886.62,,
423418.2,357886.62,,
423628.06,357886.62,,
423837.9,357886.62,,
424047.78,357886.62,,
424257.62,357886.62,,
424467.5,357886.62,,
424677.38,357886.62,,
424887.22,357886.62,,
425097.1,357886.62,,
425306.94,357886.62,,
425516.8,357886.62,,
425726.7,357886.62,,
425936.53,357886.62,,
426146.4,357886.62,248.0,140.0
426356.28,357886.62,248.0,140.0
426566.12,357886.62,248.0,140.0
426776.0,357886.62,260.0,140.0
426985.84,357886.62,260.0,140.0
427195.72,357886.62,260.0,140.0
427405.6,357886.62,260.0,140.0
427615.44,357886.62,260.0,140.0
427825.3,357886.62,188.0,-28.0
428035.16,357886.62,188.0,-28.0
428245.03,357886.62,188.0,-40.0
428454.9,357886.62,188.0,-40.0
428664.75,357886.62,188.0,-40.0
428874.62,357886.62,200.0,-40.0
429084.5,357886.62,200.0,-40.0
429294.34,357886.62,200.0,-40.0
429504.22,357886.62,200.0,-40.0
429714.06,357886.62,200.0,-40.0
429923.94,357886.62,200.0,-40.0
430133.8,357886.62,200.0,-40.0
430343.66,357886.62,200.0,-40.0
430553.53,357886.62,200.0,-52.0
430763.38,357886.62,200.0,-52.0
430973.25,357886.62,200.0,-52.0
431183.12,357886.62,212.0,-52.0
431392.97,357886.62,212.0,-52.0
431602.84,357886.62,212.0,-52.0
431812.72,357886.62,212.0,-52.0
432022.56,357886.62,200.0,-52.0
432232.44,357886.62,200.0,-52.0
432442.28,357886.62,200.0,-52.0
432652.16,357886.62,200.0,-52.0
432862.03,357886.62,164.0,-160.0
433071.88,357886.62,164.0,-160.0
433281.75,357886.62,164.0,-160.0
433491.6,357886.62,164.0,-160.0
433701.47,357886.62,164.0,-160.0
433911.34,357886.62,164.0,-160.0
434121.2,357886.62,164.0,-160.0
434331.06,357886.62,164.0,-160.0
434540.94,357886.62,176.0,-160.0
434750.78,357886.62,176.0,-160.0
434960.66,357886.62,176.0,-160.0
435170.5,357886.62,176.0,-160.0
435380.38,357886.62,164.0,-64.0
435590.25,357886.62,164.0,-64.0
435800.1,357886.62,164.0,-64.0
436009.97,357886.62,164.0,-64.0
436219.8,357886.62,164.0,-64.0
436429.7,357886.62,176.0,20.0
436639.56,357886.62,176.0,20.0
436849.4,357886.62,176.0,20.0
437059.28,357886.62,176.0,20.0
437269.16,357886.62,176.0,20.0
437479.0,357886.62,188.0,20.0
437688.88,357886.62,188.0,20.0
437898.72,357886.62,188.0,20.0
438108.6,357886.62,188.0,20.0
438318.47,357886.62,236.0,-220.0
438528.3,357886.62,236.0,-220.0
438738.2,357886.62,236.0,-220.0
438948.03,357886.62,248.0,-244.0
439157.9,357886.62,248.0,-244.0
439367.78,357886.62,248.0,-244.0
439577.62,357886.62,248.0,-244.0
439787.5,357886.62,248.0,-244.0
439997.38,357886.62,248.0,-244.0
440207.22,357886.62,248.0,-244.0
440417.1,357886.62,272.0,-244.0
440626.94,357886.62,272.0,-244.0
440836.8,357886.62,272.0,-244.0
441046.7,357886.62,272.0,-244.0
441256.53,357886.62,272.0,-232.0
441466.4,357886.62,260.0,-280.0
441676.25,357886.62,260.0,-280.0
441886.12,357886.62,260.0,-280.0
442096.0,357886.62,260.0,-280.0
442305.84,357886.62,284.0,-244.0
442515.72,357886.62,284.0,-244.0
442725.6,357886.62,284.0,-244.0
442935.44,357886.62,284.0,-244.0
443145.3,357886.62,284.0,-244.0
443355.16,357886.62,284.0,-244.0
443565.03,357886.62,284.0,-280.0
443774.9,357886.62,284.0,-280.0
443984.75,357886.62,284.0,-280.0
444194.62,357886.62,284.0,-280.0
444404.47,357886.62,284.0,-280.0
444614.34,357886.62,284.0,-280.0
444824.22,357886.62,284.0,-280.0
445034.06,357886.62,284.0,-280.0
445243.94,357886.62,284.0,-280.0
445453.8,357886.62,284.0,-280.0
445663.66,357886.62,236.0,-160.0
445873.53,357886.62,236.0,-160.0
446083.38,357886.62,236.0,-160.0
446293.25,357886.62,236.0,-160.0
446503.12,357886.62,236.0,-160.0
446712.97,357886.62,236.0,-160.0
446922.84,357886.62,236.0,-160.0
447132.7,357886.62,236.0,-160.0
447342.56,357886.62,236.0,-160.0
447552.44,357886.62,176.0,-268.0
447762.28,357886.62,176.0,-268.0
447972.16,357886.62,176.0,-268.0
448182.03,357886.62,176.0,-268.0
448391.88,357886.62,176.0,-268.0
448601.75,357886.62,176.0,-268.0
448811.6,357886.62,176.0,-268.0
449021.47,357886.62,176.0,-268.0
449231.34,357886.62,176.0,-268.0
449441.2,357886.62,176.0,-268.0
449651.06,357886.62,128.0,-304.0
449860.9,357886.62,128.0,-304.0
450070.78,357886.62,128.0,-304.0
450280.66,357886.62,128.0,-304.0
450490.5,357886.62,128.0,-304.0
450700.38,357886.62,128.0,-304.0
450910.25,357886.62,128.0,-304.0
451120.1,357886.62,128.0,-304.0
451329.97,357886.62,116.0,-304.0
451539.8,357886.62,116.0,-304.0
451749.7,357886.62,116.0,-292.0
451959.56,357886.62,116.0,-292.0
452169.4,357886.62,116.0,-292.0
452379.28,357886.62,152.0,-484.0
452589.12,357886.62,152.0,-484.0
452799.0,357886.62,152.0,-484.0
453008.88,357886.62,152.0,-484.0
453218.72,357886.62,152.0,-484.0
453428.6,357886.62,152.0,-484.0
453638.47,357886.62,152.0,-484.0
453848.3,357886.62,152.0,-484.0
454058.2,357886.62,164.0,-160.0
454268.03,357886.62,164.0,-160.0
454477.9,357886.62,164.0,-148.0
454687.78,357886.62,164.0,-148.0
454897.62,357886.62,152.0,-148.0
455107.5,357886.62,152.0,-148.0
455317.34,357886.62,152.0,-148.0
455527.22,357886.62,152.0,-148.0
455737.1,357886.62,152.0,-544.0
455946.94,357886.62,152.0,-544.0
456156.8,357886.62,140.0,-544.0
456366.7,357886.62,140.0,-544.0
456576.53,357886.62,140.0,-544.0
456786.4,357886.62,140.0,-544.0
456996.25,357886.62,140.0,-544.0
457206.12,357886.62,140.0,-544.0
457416.0,357886.62,140.0,-544.0
457625.84,357886.62,140.0,-544.0
457835.72,357886.62,140.0,-544.0
458045.6,357886.62,140.0,-544.0
458255.44,357886.62,140.0,-544.0
458465.3,357886.62,140.0,-544.0
458675.16,357886.62,128.0,-544.0
458885.03,357886.62,128.0,-544.0
459094.9,357886.62,128.0,-544.0
459304.75,357886.62,128.0,-544.0
459514.62,357886.62,128.0,-544.0
459724.47,357886.62,128.0,-544.0
459934.34,357886.62,128.0,-544.0
460144.22,357886.62,128.0,-544.0
418381.47,358089.22,,
418591.34,358089.22,,
418801.2,358089.22,,
419011.06,358089.22,,
419220.94,358089.22,,
419430.78,358089.22,,
419640.66,358089.22,,
419850.5,358089.22,,
420060.38,358089.22,,
420270.25,358089.22,,
420480.1,358089.22,,
420689.97,358089.22,,
420899.84,358089.22,,
421109.7,358089.22,,
421319.56,358089.22,,
421529.4,358089.22,,
421739.28,358089.22,,
421949.16,358089.22,,
422159.0,358089.22,,
422368.88,358089.22,,
422578.72,358089.22,,
422788.6,358089.22,,
422998.47,358089.22,,
423208.3,358089.22,,
423418.2,358089.22,,
423628.06,358089.22,,
423837.9,358089.22,,
424047.78,358089.22,,
424257.62,358089.22,,
424467.5,358089.22,,
424677.38,358089.22,,
424887.22,358089.22,,
425097.1,358089.22,,
425306.94,358089.22,,
425516.8,358089.22,,
425726.7,358089.22,,
425936.53,358089.22,,
426146.4,358089.22,248.0,152.0
426356.28,358089.22,248.0,152.0
426566.12,358089.22,248.0,152.0
426776.0,358089.22,248.0,152.0
426985.84,358089.22,260.0,152.0
427195.72,358089.22,260.0,140.0
427405.6,358089.22,260.0,140.0
427615.44,358089.22,260.0,140.0
427825.3,358089.22,188.0,-28.0
428035.16,358089.22,188.0,-28.0
428245.03,358089.22,188.0,-28.0
428454.9,358089.22,188.0,-28.0
428664.75,358089.22,188.0,-40.0
428874.62,358089.22,188.0,-40.0
429084.5,358089.22,188.0,-40.0
429294.34,358089.22,200.0,-40.0
429504.22,358089.22,200.0,-40.0
429714.06,358089.22,200.0,-40.0
429923.94,358089.22,200.0,-40.0
430133.8,358089.22,200.0,-40.0
430343.66,358089.22,200.0,-40.0
430553.53,358089.22,200.0,-40.0
430763.38,358089.22,200.0,-40.0
430973.25,358089.22,200.0,-52.0
431183.12,358089.22,200.0,-52.0
431392.97,358089.22,200.0,-52.0
431602.84,358089.22,200.0,-52.0
431812.72,358089.22,212.0,-52.0
432022.56,358089.22,188.0,-40.0
432232.44,358089.22,188.0,-52.0
432442.28,358089.22,200.0,-52.0
432652.16,358089.22,164.0,-160.0
432862.03,358089.22,164.0,-160.0
433071.88,358089.22,164.0,-160.0
433281.75,358089.22,164.0,-160.0
433491.6,358089.22,164.0,-160.0
433701.47,358089.22,164.0,-160.0
433911.34,358089.22,164.0,-160.0
434121.2,358089.22,164.0,-160.0
434331.06,358089.22,164.0,-160.0
434540.94,358089.22,164.0,-160.0
434750.78,358089.22,164.0,-160.0
434960.66,358089.22,164.0,-160.0
435170.5,358089.22,164.0,-64.0
435380.38,358089.22,164.0,-64.0
435590.25,358089.22,164.0,-64.0
435800.1,358089.22,164.0,-64.0
436009.97,358089.22,164.0,-64.0
436219.8,358089.22,152.0,-16.0
436429.7,358089.22,152.0,-16.0
436639.56,358089.22,164.0,8.0
436849.4,358089.22,164.0,8.0
437059.28,358089.22,164.0,8.0
437269.16,358089.22,176.0,32.0
437479.0,358089.22,176.0,32.0
437688.88,358089.22,176.0,32.0
437898.72,358089.22,188.0,-4.0
438108.6,358089.22,188.0,-4.0
438318.47,358089.22,188.0,-4.0
438528.3,358089.22,188.0,8.0
438738.2,358089.22,200.0,8.0
438948.03,358089.22,248.0,-244.0
439157.9,358089.22,248.0,-244.0
439367.78,358089.22,248.0,-244.0
439577.62,358089.22,248.0,-244.0
439787.5,358089.22,248.0,-244.0
439997.38,358089.22,248.0,-244.0
440207.22,358089.22,248.0,-244.0
440417.1,358089.22,272.0,-244.0
440626.94,358089.22,272.0,-244.0
440836.8,358089.22,272.0,-244.0
441046.7,358089.22,272.0,-244.0
441256.53,358089.22,260.0,-280.0
441466.4,358089.22,260.0,-280.0
441676.25,358089.22,260.0,-280.0
441886.12,358089.22,260.0,-280.0
442096.0,358089.22,260.0,-280.0
442305.84,358089.22,260.0,-280.0
442515.72,358089.22,260.0,-280.0
442725.6,358089.22,284.0,-244.0
442935.44,358089.22,284.0,-244.0
443145.3,358089.22,260.0,-208.0
443355.16,358089.22,260.0,-208.0
443565.03,358089.22,284.0,-280.0
443774.9,358089.22,284.0,-280.0
443984.75,358089.22,284.0,-280.0
444194.62,358089.22,284.0,-280.0
444404.47,358089.22,284.0,-280.0
444614.34,358089.22,284.0,-280.0
444824.22,358089.22,284.0,-280.0
445034.06,358089.22,284.0,-280.0
445243.94,358089.22,284.0,-280.0
445453.8,358089.22,284.0,-280.0
445663.66,358089.22,236.0,-160.0
445873.53,358089.22,236.0,-160.0
446083.38,358089.22,236.0,-160.0
446293.25,358089.22,236.0,-160.0
446503.12,358089.22,236.0,-160.0
446712.97,358089.22,236.0,-160.0
446922.84,358089.22,236.0,-160.0
447132.7,358089.22,236.0,-160.0
447342.56,358089.22,236.0,-160.0
447552.44,358089.22,188.0,-268.0
447762.28,358089.22,188.0,-268.0
447972.16,358089.22,176.0,-268.0
448182.03,358089.22,176.0,-268.0
448391.88,358089.22,176.0,-268.0
448601.75,358089.22,176.0,-268.0
448811.6,358089.22,176.0,-268.0
449021.47,358089.22,176.0,-268.0
449231.34,358089.22,176.0,-268.0
449441.2,358089.22,176.0,-268.0
449651.06,358089.22,128.0,-304.0
449860.9,358089.22,128.0,-304.0
450070.78,358089.22,128.0,-304.0
450280.66,358089.22,128.0,-304.0
450490.5,358089.22,128.0,-304.0
450700.38,358089.22,128.0,-304.0
450910.25,358089.22,128.0,-304.0
451120.1,358089.22,128.0,-304.0
451329.97,358089.22,128.0,-292.0
451539.8,358089.22,128.0,-292.0
451749.7,358089.22,116.0,-292.0
451959.56,358089.22,116.0,-292.0
452169.4,358089.22,116.0,-712.0
452379.28,358089.22,104.0,-712.0
452589.12,358089.22,104.0,-712.0
452799.0,358089.22,152.0,-484.0
453008.88,358089.22,152.0,-484.0
453218.72,358089.22,164.0,-568.0
453428.6,358089.22,164.0,-568.0
453638.47,358089.22,164.0,-568.0
453848.3,358089.22,164.0,-568.0
454058.2,358089.22,164.0,-160.0
454268.03,358089.22,164.0,-160.0
454477.9,358089.22,164.0,-148.0
454687.78,358089.22,164.0,-148.0
454897.62,358089.22,164.0,-148.0
455107.5,358089.22,152.0,-148.0
455317.34,358089.22,152.0,-148.0
455527.22,358089.22,152.0,-148.0
455737.1,358089.22,152.0,-148.0
455946.94,358089.22,152.0,-544.0
456156.8,358089.22,152.0,-544.0
456366.7,358089.22,140.0,-544.0
456576.53,358089.22,140.0,-544.0
456786.4,358089.22,140.0,-544.0
456996.25,358089.22,140.0,-544.0
457206.12,358089.22,140.0,-544.0
457416.0,358089.22,140.0,-544.0
457625.84,358089.22,140.0,-544.0
457835.72,358089.22,140.0,-544.0
458045.6,358089.22,140.0,-544.0
458255.44,358089.22,140.0,-544.0
458465.3,358089.22,140.0,-544.0
458675.16,358089.22,128.0,-544.0
458885.03,358089.22,128.0,-544.0
459094.9,358089.22,128.0,-544.0
459304.75,358089.22,128.0,-544.0
459514.62,358089.22,128.0,-544.0
459724.47,358089.22,128.0,-544.0
459934.34,358089.22,128.0,-544.0
460144.22,358089.22,128.0,-544.0
418381.47,358291.84,,
418591.34,358291.84,,
418801.2,358291.84,,
419011.06,358291.84,,
419220.94,358291.84,,
419430.78,358291.84,,
419640.66,358291.84,,
419850.5,358291.84,,
420060.38,358291.84,,
420270.25,358291.84,,
420480.1,358291.84,,
420689.97,358291.84,,
420899.84,358291.84,,
421109.7,358291.84,,
421319.56,358291.84,,
421529.4,358291.84,,
421739.28,358291.84,,
421949.16,358291.84,,
422159.0,358291.84,,
422368.88,358291.84,,
422578.72,358291.84,,
422788.6,358291.84,,
422998.47,358291.84,,
423208.3,358291.84,,
423418.2,358291.84,,
423628.06,358291.84,,
423837.9,358291.84,,
424047.78,358291.84,,
424257.62,358291.84,,
424467.5,358291.84,,
424677.38,358291.84,,
424887.22,358291.84,,
425097.1,358291.84,,
425306.94,358291.84,,
425516.8,358291.84,,
425726.7,358291.84,,
425936.53,358291.84,236.0,164.0
426146.4,358291.84,236.0,164.0
426356.28,358291.84,248.0,152.0
426566.12,358291.84,248.0,152.0
426776.0,358291.84,248.0,152.0
426985.84,358291.84,248.0,152.0
427195.72,358291.84,248.0,152.0
427405.6,358291.84,260.0,152.0
427615.44,358291.84,188.0,-28.0
427825.3,358291.84,188.0,-28.0
428035.16,358291.84,188.0,-28.0
428245.03,358291.84,188.0,-28.0
428454.9,358291.84,188.0,-28.0
428664.75,358291.84,188.0,-28.0
428874.62,358291.84,188.0,-28.0
429084.5,358291.84,188.0,-28.0
429294.34,358291.84,188.0,-28.0
429504.22,358291.84,188.0,-40.0
429714.06,358291.84,200.0,-40.0
429923.94,358291.84,200.0,-40.0
430133.8,358291.84,200.0,-40.0
430343.66,358291.84,200.0,-40.0
430553.53,358291.84,200.0,-40.0
430763.38,358291.84,200.0,-40.0
430973.25,358291.84,200.0,-40.0
431183.12,358291.84,200.0,-52.0
431392.97,358291.84,200.0,-52.0
431602.84,358291.84,200.0,-52.0
431812.72,358291.84,188.0,-40.0
432022.56,358291.84,188.0,-40.0
432232.44,358291.84,188.0,-40.0
432442.28,358291.84,164.0,-160.0
432652.16,358291.84,164.0,-160.0
432862.03,358291.84,164.0,-160.0
433071.88,358291.84,164.0,-160.0
433281.75,358291.84,164.0,-160.0
433491.6,358291.84,164.0,-160.0
433701.47,358291.84,164.0,-160.0
433911.34,358291.84,164.0,-160.0
434121.2,358291.84,164.0,-160.0
434331.06,358291.84,164.0,-160.0
434540.94,358291.84,164.0,-160.0
434750.78,358291.84,164.0,-160.0
434960.66,358291.84,164.0,-160.0
435170.5,358291.84,164.0,-64.0
435380.38,358291.84,164.0,-64.0
435590.25,358291.84,164.0,-64.0
435800.1,358291.84,164.0,-64.0
436009.97,358291.84,152.0,-16.0
436219.8,358291.84,152.0,-16.0
436429.7,358291.84,152.0,-16.0
436639.56,358291.84,152.0,-16.0
436849.4,358291.84,164.0,8.0
437059.28,358291.84,164.0,8.0
437269.16,358291.84,176.0,32.0
437479.0,358291.84,176.0,32.0
437688.88,358291.84,176.0,32.0
437898.72,358291.84,188.0,-4.0
438108.6,358291.84,188.0,-4.0
438318.47,358291.84,188.0,8.0
438528.3,358291.84,188.0,8.0
438738.2,358291.84,200.0,8.0
438948.03,358291.84,200.0,-52.0
439157.9,358291.84,200.0,-52.0
439367.78,358291.84,200.0,-52.0
439577.62,358291.84,248.0,-244.0
439787.5,358291.84,236.0,-220.0
439997.38,358291.84,236.0,-208.0
440207.22,358291.84,236.0,-208.0
440417.1,358291.84,236.0,-208.0
440626.94,358291.84,236.0,-208.0
440836.8,358291.84,260.0,-244.0
441046.7,358291.84,260.0,-244.0
441256.53,358291.84,260.0,-244.0
441466.4,358291.84,260.0,-280.0
441676.25,358291.84,260.0,-280.0
441886.12,358291.84,260.0,-280.0
442096.0,358291.84,260.0,-280.0
442305.84,358291.84,260.0,-280.0
442515.72,358291.84,260.0,-280.0
442725.6,358291.84,260.0,-208.0
442935.44,358291.84,260.0,-208.0
443145.3,358291.84,260.0,-208.0
443355.16,358291.84,260.0,-208.0
443565.03,358291.84,260.0,-208.0
443774.9,358291.84,284.0,-280.0
443984.75,358291.84,284.0,-280.0
444194.62,358291.84,284.0,-280.0
444404.47,358291.84,284.0,-280.0
444614.34,358291.84,284.0,-280.0
444824.22,358291.84,284.0,-280.0
445034.06,358291.84,284.0,-280.0
445243.94,358291.84,284.0,-280.0
445453.8,358291.84,284.0,-280.0
445663.66,358291.84,248.0,-280.0
445873.53,358291.84,248.0,-280.0
446083.38,358291.84,248.0,-280.0
446293.25,358291.84,236.0,-160.0
446503.12,358291.84,236.0,-160.0
446712.97,358291.84,236.0,-160.0
446922.84,358291.84,236.0,-160.0
447132.7,358291.84,236.0,-160.0
447342.56,358291.84,188.0,-268.0
447552.44,358291.84,188.0,-268.0
447762.28,358291.84,188.0,-268.0
447972.16,358291.84,188.0,-268.0
448182.03,358291.84,176.0,-268.0
448391.88,358291.84,176.0,-268.0
448601.75,358291.84,176.0,-268.0
448811.6,358291.84,176.0,-268.0
449021.47,358291.84,176.0,-268.0
449231.34,358291.84,176.0,-268.0
449441.2,358291.84,176.0,-268.0
449651.06,358291.84,128.0,-304.0
449860.9,358291.84,128.0,-304.0
450070.78,358291.84,128.0,-304.0
450280.66,358291.84,128.0,-304.0
450490.5,358291.84,128.0,-304.0
450700.38,358291.84,128.0,-304.0
450910.25,358291.84,128.0,-304.0
451120.1,358291.84,128.0,-304.0
451329.97,358291.84,128.0,-292.0
451539.8,358291.84,128.0,-292.0
451749.7,358291.84,128.0,-292.0
451959.56,358291.84,116.0,-712.0
452169.4,358291.84,116.0,-712.0
452379.28,358291.84,116.0,-712.0
452589.12,358291.84,104.0,-712.0
452799.0,358291.84,104.0,-712.0
453008.88,358291.84,164.0,-568.0
453218.72,358291.84,164.0,-568.0
453428.6,358291.84,164.0,-568.0
453638.47,358291.84,164.0,-568.0
453848.3,358291.84,164.0,-568.0
454058.2,358291.84,164.0,-568.0
454268.03,358291.84,164.0,-148.0
454477.9,358291.84,164.0,-148.0
454687.78,358291.84,164.0,-148.0
454897.62,358291.84,164.0,-148.0
455107.5,358291.84,152.0,-148.0
455317.34,358291.84,152.0,-148.0
455527.22,358291.84,152.0,-148.0
455737.1,358291.84,152.0,-148.0
455946.94,358291.84,152.0,-544.0
456156.8,358291.84,152.0,-544.0
456366.7,358291.84,140.0,-544.0
456576.53,358291.84,140.0,-544.0
456786.4,358291.84,140.0,-544.0
456996.25,358291.84,140.0,-544.0
457206.12,358291.84,140.0,-544.0
457416.0,358291.84,140.0,-544.0
457625.84,358291.84,140.0,-544.0
457835.72,358291.84,140.0,-544.0
458045.6,358291.84,140.0,-544.0
458255.44,358291.84,140.0,-544.0
458465.3,358291.84,140.0,-544.0
458675.16,358291.84,128.0,-544.0
458885.03,358291.84,128.0,-544.0
459094.9,358291.84,128.0,-544.0
459304.75,358291.84,128.0,-544.0
459514.62,358291.84,128.0,-544.0
459724.47,358291.84,128.0,-544.0
459934.34,358291.84,128.0,-544.0
460144.22,358291.84,128.0,-544.0
418381.47,358494.47,,
418591.34,358494.47,,
418801.2,358494.47,,
419011.06,358494.47,,
419220.94,358494.47,,
419430.78,358494.47,,
419640.66,358494.47,,
419850.5,358494.47,,
420060.38,358494.47,,
420270.25,358494.47,,
420480.1,358494.47,,
420689.97,358494.47,,
420899.84,358494.47,,
421109.7,358494.47,,
421319.56,358494.47,,
421529.4,358494.47,,
421739.28,358494.47,,
421949.16,358494.47,,
422159.0,358494.47,,
422368.88,358494.47,,
422578.72,358494.47,,
422788.6,358494.47,,
422998.47,358494.47,,
423208.3,358494.47,,
423418.2,358494.47,,
423628.06,358494.47,,
423837.9,358494.47,,
424047.78,358494.47,,
424257.62,358494.47,,
424467.5,358494.47,,
424677.38,358494.47,,
424887.22,358494.47,,
425097.1,358494.47,,
425306.94,358494.47,,
425516.8,358494.47,,
425726.7,358494.47,,
425936.53,358494.47,236.0,164.0
426146.4,358494.47,236.0,164.0
426356.28,358494.47,236.0,164.0
426566.12,358494.47,248.0,164.0
426776.0,358494.47,248.0,164.0
426985.84,358494.47,248.0,164.0
427195.72,358494.47,248.0,164.0
427405.6,358494.47,176.0,-16.0
427615.44,358494.47,176.0,-28.0
427825.3,358494.47,176.0,-28.0
428035.16,358494.47,188.0,-28.0
428245.03,358494.47,188.0,-28.0
428454.9,358494.47,188.0,-28.0
428664.75,358494.47,188.0,-28.0
428874.62,358494.47,188.0,-28.0
429084.5,358494.47,188.0,-28.0
429294.34,358494.47,188.0,-28.0
429504.22,358494.47,188.0,-28.0
429714.06,358494.47,188.0,-28.0
429923.94,358494.47,188.0,-28.0
430133.8,358494.47,188.0,-40.0
430343.66,358494.47,188.0,-40.0
430553.53,358494.47,200.0,-40.0
430763.38,358494.47,200.0,-40.0
430973.25,358494.47,200.0,-40.0
431183.12,358494.47,200.0,-40.0
431392.97,358494.47,200.0,-40.0
431602.84,358494.47,200.0,-40.0
431812.72,358494.47,188.0,-40.0
432022.56,358494.47,188.0,-40.0
432232.44,358494.47,152.0,-148.0
432442.28,358494.47,152.0,-148.0
432652.16,358494.47,152.0,-160.0
432862.03,358494.47,164.0,-160.0
433071.88,358494.47,164.0,-160.0
433281.75,358494.47,164.0,-160.0
433491.6,358494.47,164.0,-160.0
433701.47,358494.47,164.0,-160.0
433911.34,358494.47,164.0,-160.0
434121.2,358494.47,164.0,-160.0
434331.06,358494.47,164.0,-160.0
434540.94,358494.47,164.0,-160.0
434750.78,358494.47,164.0,-160.0
434960.66,358494.47,,
435170.5,358494.47,,
435380.38,358494.47,,
435590.25,358494.47,164.0,-64.0
435800.1,358494.47,164.0,-64.0
436009.97,358494.47,152.0,-16.0
436219.8,358494.47,152.0,-16.0
436429.7,358494.47,152.0,-16.0
436639.56,358494.47,152.0,-16.0
436849.4,358494.47,164.0,8.0
437059.28,358494.47,164.0,8.0
437269.16,358494.47,164.0,8.0
437479.0,358494.47,176.0,32.0
437688.88,358494.47,176.0,32.0
437898.72,358494.47,188.0,8.0
438108.6,358494.47,188.0,8.0
438318.47,358494.47,188.0,8.0
438528.3,358494.47,188.0,8.0
438738.2,358494.47,200.0,-52.0
438948.03,358494.47,200.0,-52.0
439157.9,358494.47,200.0,-52.0
439367.78,358494.47,200.0,-52.0
439577.62,358494.47,200.0,-220.0
439787.5,358494.47,236.0,-208.0
439997.38,358494.47,236.0,-208.0
440207.22,358494.47,236.0,-208.0
440417.1,358494.47,236.0,-208.0
440626.94,358494.47,236.0,-208.0
440836.8,358494.47,260.0,-244.0
441046.7,358494.47,260.0,-244.0
441256.53,358494.47,260.0,-244.0
441466.4,358494.47,260.0,-244.0
441676.25,358494.47,260.0,-280.0
441886.12,358494.47,260.0,-280.0
442096.0,358494.47,260.0,-280.0
442305.84,358494.47,260.0,-280.0
442515.72,358494.47,260.0,-280.0
442725.6,358494.47,260.0,-208.0
442935.44,358494.47,260.0,-208.0
443145.3,358494.47,260.0,-208.0
443355.16,358494.47,260.0,-208.0
443565.03,358494.47,260.0,-208.0
443774.9,358494.47,284.0,-280.0
443984.75,358494.47,284.0,-280.0
444194.62,358494.47,284.0,-280.0
444404.47,358494.47,284.0,-280.0
444614.34,358494.47,284.0,-280.0
444824.22,358494.47,284.0,-280.0
445034.06,358494.47,284.0,-280.0
445243.94,358494.47,284.0,-280.0
445453.8,358494.47,248.0,-280.0
445663.66,358494.47,248.0,-280.0
445873.53,358494.47,248.0,-280.0
446083.38,358494.47,248.0,-280.0
446293.25,358494.47,248.0,-280.0
446503.12,358494.47,248.0,-280.0
446712.97,358494.47,248.0,-280.0
446922.84,358494.47,248.0,-280.0
447132.7,358494.47,188.0,-268.0
447342.56,358494.47,188.0,-268.0
447552.44,358494.47,188.0,-268.0
447762.28,358494.47,188.0,-268.0
447972.16,358494.47,188.0,-268.0
448182.03,358494.47,188.0,-268.0
448391.88,358494.47,176.0,-268.0
448601.75,358494.47,176.0,-268.0
448811.6,358494.47,176.0,-268.0
449021.47,358494.47,176.0,-268.0
449231.34,358494.47,176.0,-268.0
449441.2,358494.47,176.0,-268.0
449651.06,358494.47,128.0,-304.0
449860.9,358494.47,128.0,-304.0
450070.78,358494.47,128.0,-304.0
450280.66,358494.47,128.0,-304.0
450490.5,358494.47,128.0,-304.0
450700.38,358494.47,128.0,-304.0
450910.25,358494.47,128.0,-304.0
451120.1,358494.47,128.0,-304.0
451329.97,358494.47,128.0,-304.0
451539.8,358494.47,128.0,-292.0
451749.7,358494.47,128.0,-712.0
451959.56,358494.47,116.0,-712.0
452169.4,358494.47,116.0,-712.0
452379.28,358494.47,116.0,-712.0
452589.12,358494.47,116.0,-712.0
452799.0,358494.47,116.0,-712.0
453008.88,358494.47,164.0,-568.0
453218.72,358494.47,164.0,-568.0
453428.6,358494.47,164.0,-568.0
453638.47,358494.47,164.0,-568.0
453848.3,358494.47,164.0,-568.0
454058.2,358494.47,164.0,-568.0
454268.03,358494.47,164.0,-148.0
454477.9,358494.47,164.0,-148.0
454687.78,358494.47,164.0,-148.0
454897.62,358494.47,164.0,-148.0
455107.5,358494.47,152.0,-148.0
455317.34,358494.47,152.0,-148.0
455527.22,358494.47,152.0,-148.0
455737.1,358494.47,152.0,-148.0
455946.94,358494.47,152.0,-148.0
456156.8,358494.47,152.0,-544.0
456366.7,358494.47,140.0,-544.0
456576.53,358494.47,140.0,-544.0
456786.4,358494.47,140.0,-544.0
456996.25,358494.47,140.0,-544.0
457206.12,358494.47,140.0,-544.0
457416.0,358494.47,140.0,-544.0
457625.84,358494.47,140.0,-544.0
457835.72,358494.47,140.0,-544.0
458045.6,358494.47,140.0,-544.0
458255.44,358494.47,140.0,-544.0
458465.3,358494.47,140.0,-544.0
458675.16,358494.47,140.0,-544.0
458885.03,358494.47,128.0,-544.0
459094.9,358494.47,128.0,-544.0
459304.75,358494.47,128.0,-544.0
459514.62,358494.47,128.0,-544.0
459724.47,358494.47,128.0,-544.0
459934.34,358494.47,128.0,-544.0
460144.22,358494.47,128.0,-544.0
418381.47,358697.1,,
418591.34,358697.1,,
418801.2,358697.1,,
419011.06,358697.1,,
419220.94,358697.1,,
419430.78,358697.1,,
419640.66,358697.1,,
419850.5,358697.1,,
420060.38,358697.1,,
420270.25,358697.1,,
420480.1,358697.1,,
420689.97,358697.1,,
420899.84,358697.1,,
421109.7,358697.1,,
421319.56,358697.1,,
421529.4,358697.1,,
421739.28,358697.1,,
421949.16,358697.1,,
422159.0,358697.1,,
422368.88,358697.1,,
422578.72,358697.1,,
422788.6,358697.1,,
422998.47,358697.1,,
423208.3,358697.1,,
423418.2,358697.1,,
423628.06,358697.1,,
423837.9,358697.1,,
424047.78,358697.1,,
424257.62,358697.1,,
424467.5,358697.1,,
424677.38,358697.1,,
424887.22,358697.1,,
425097.1,358697.1,,
425306.94,358697.1,,
425516.8,358697.1,,
425726.7,358697.1,224.0,188.0
425936.53,358697.1,224.0,176.0
426146.4,358697.1,236.0,176.0
426356.28,358697.1,236.0,176.0
426566.12,358697.1,236.0,176.0
426776.0,358697.1,236.0,164.0
426985.84,358697.1,248.0,164.0
427195.72,358697.1,176.0,-16.0
427405.6,358697.1,176.0,-16.0
427615.44,358697.1,176.0,-16.0
427825.3,358697.1,176.0,-16.0
428035.16,358697.1,176.0,-28.0
428245.03,358697.1,188.0,-28.0
428454.9,358697.1,188.0,-28.0
428664.75,358697.1,188.0,-28.0
428874.62,358697.1,188.0,-28.0
429084.5,358697.1,188.0,-28.0
429294.34,358697.1,188.0,-28.0
429504.22,358697.1,188.0,-28.0
429714.06,358697.1,188.0,-28.0
429923.94,358697.1,188.0,-28.0
430133.8,358697.1,188.0,-28.0
430343.66,358697.1,188.0,-28.0
430553.53,358697.1,188.0,-40.0
430763.38,358697.1,188.0,-40.0
430973.25,358697.1,200.0,-40.0
431183.12,358697.1,200.0,-40.0
431392.97,358697.1,200.0,-40.0
431602.84,358697.1,200.0,-40.0
431812.72,358697.1,152.0,-148.0
432022.56,358697.1,152.0,-148.0
432232.44,358697.1,152.0,-148.0
432442.28,358697.1,152.0,-148.0
432652.16,358697.1,152.0,-148.0
432862.03,358697.1,152.0,-148.0
433071.88,358697.1,164.0,-160.0
433281.75,358697.1,164.0,-160.0
433491.6,358697.1,164.0,-160.0
433701.47,358697.1,164.0,-160.0
433911.34,358697.1,164.0,-160.0
434121.2,358697.1,164.0,-160.0
434331.06,358697.1,164.0,-160.0
434540.94,358697.1,,
434750.78,358697.1,,
434960.66,358697.1,,
435170.5,358697.1,,
435380.38,358697.1,,
435590.25,358697.1,,
435800.1,358697.1,,
436009.97,358697.1,152.0,-16.0
436219.8,358697.1,152.0,-16.0
436429.7,358697.1,152.0,-16.0
436639.56,358697.1,152.0,-16.0
436849.4,358697.1,164.0,8.0
437059.28,358697.1,164.0,8.0
437269.16,358697.1,116.0,80.0
437479.0,358697.1,116.0,80.0
437688.88,358697.1,116.0,80.0
437898.72,358697.1,188.0,8.0
438108.6,358697.1,188.0,8.0
438318.47,358697.1,188.0,8.0
438528.3,358697.1,188.0,8.0
438738.2,358697.1,188.0,-52.0
438948.03,358697.1,200.0,-52.0
439157.9,358697.1,200.0,-52.0
439367.78,358697.1,200.0,-52.0
439577.62,358697.1,200.0,-208.0
439787.5,358697.1,224.0,-208.0
439997.38,358697.1,236.0,-208.0
440207.22,358697.1,236.0,-208.0
440417.1,358697.1,236.0,-208.0
440626.94,358697.1,236.0,-208.0
440836.8,358697.1,248.0,-244.0
441046.7,358697.1,248.0,-244.0
441256.53,358697.1,248.0,-244.0
441466.4,358697.1,248.0,-244.0
441676.25,358697.1,260.0,-280.0
441886.12,358697.1,260.0,-280.0
442096.0,358697.1,260.0,-280.0
442305.84,358697.1,260.0,-280.0
442515.72,358697.1,260.0,-280.0
442725.6,358697.1,260.0,-208.0
442935.44,358697.1,260.0,-208.0
443145.3,358697.1,260.0,-208.0
443355.16,358697.1,260.0,-208.0
443565.03,358697.1,260.0,-208.0
443774.9,358697.1,260.0,-208.0
443984.75,358697.1,284.0,-280.0
444194.62,358697.1,284.0,-280.0
444404.47,358697.1,284.0,-280.0
444614.34,358697.1,284.0,-280.0
444824.22,358697.1,284.0,-280.0
445034.06,358697.1,284.0,-280.0
445243.94,358697.1,284.0,-280.0
445453.8,358697.1,248.0,-280.0
445663.66,358697.1,248.0,-280.0
445873.53,358697.1,248.0,-268.0
446083.38,358697.1,248.0,-268.0
446293.25,358697.1,248.0,-268.0
446503.12,358697.1,248.0,-280.0
446712.97,358697.1,248.0,-268.0
446922.84,358697.1,248.0,-268.0
447132.7,358697.1,248.0,-268.0
447342.56,358697.1,188.0,-268.0
447552.44,358697.1,188.0,-268.0
447762.28,358697.1,188.0,-268.0
447972.16,358697.1,188.0,-268.0
448182.03,358697.1,188.0,-268.0
448391.88,358697.1,188.0,-268.0
448601.75,358697.1,176.0,-268.0
448811.6,358697.1,176.0,-268.0
449021.47,358697.1,176.0,-268.0
449231.34,358697.1,176.0,-268.0
449441.2,358697.1,152.0,-352.0
449651.06,358697.1,152.0,-352.0
449860.9,358697.1,128.0,-304.0
450070.78,358697.1,128.0,-304.0
450280.66,358697.1,128.0,-304.0
450490.5,358697.1,128.0,-304.0
450700.38,358697.1,128.0,-304.0
450910.25,358697.1,128.0,-304.0
451120.1,358697.1,128.0,-304.0
451329.97,358697.1,128.0,-304.0
451539.8,358697.1,128.0,-712.0
451749.7,358697.1,116.0,-712.0
451959.56,358697.1,116.0,-712.0
452169.4,358697.1,116.0,-712.0
452379.28,358697.1,116.0,-712.0
452589.12,358697.1,116.0,-712.0
452799.0,358697.1,116.0,-712.0
453008.88,358697.1,176.0,-568.0
453218.72,358697.1,164.0,-568.0
453428.6,358697.1,164.0,-568.0
453638.47,358697.1,164.0,-568.0
453848.3,358697.1,164.0,-568.0
454058.2,358697.1,164.0,-568.0
454268.03,358697.1,164.0,-568.0
454477.9,358697.1,164.0,-148.0
454687.78,358697.1,164.0,-148.0
454897.62,358697.1,164.0,-148.0
455107.5,358697.1,164.0,-148.0
455317.34,358697.1,152.0,-148.0
455527.22,358697.1,152.0,-148.0
455737.1,358697.1,152.0,-148.0
455946.94,358697.1,152.0,-148.0
456156.8,358697.1,152.0,-148.0
456366.7,358697.1,152.0,-544.0
456576.53,358697.1,140.0,-544.0
456786.4,358697.1,140.0,-544.0
456996.25,358697.1,140.0,-544.0
457206.12,358697.1,140.0,-544.0
457416.0,358697.1,140.0,-544.0
457625.84,358697.1,140.0,-544.0
457835.72,358697.1,140.0,-544.0
458045.6,358697.1,140.0,-544.0
458255.44,358697.1,140.0,-544.0
458465.3,358697.1,140.0,-544.0
458675.16,358697.1,140.0,-544.0
458885.03,358697.1,128.0,-544.0
459094.9,358697.1,128.0,-544.0
459304.75,358697.1,128.0,-544.0
459514.62,358697.1,128.0,-544.0
459724.47,358697.1,128.0,-544.0
459934.34,358697.1,128.0,-544.0
460144.22,358697.1,128.0,-544.0
418381.47,358899.72,,
418591.34,358899.72,,
418801.2,358899.72,,
419011.06,358899.72,,
419220.94,358899.72,,
419430.78,358899.72,,
419640.66,358899.72,,
419850.5,358899.72,,
420060.38,358899.72,,
420270.25,358899.72,,
420480.1,358899.72,,
420689.97,358899.72,,
420899.84,358899.72,,
421109.7,358899.72,,
421319.56,358899.72,,
421529.4,358899.72,,
421739.28,358899.72,,
421949.16,358899.72,,
422159.0,358899.72,,
422368.88,358899.72,,
422578.72,358899.72,,
422788.6,358899.72,,
422998.47,358899.72,,
423208.3,358899.72,,
423418.2,358899.72,,
423628.06,358899.72,,
423837.9,358899.72,,
424047.78,358899.72,,
424257.62,358899.72,,
424467.5,358899.72,,
424677.38,358899.72,,
424887.22,358899.72,,
425097.1,358899.72,,
425306.94,358899.72,,
425516.8,358899.72,,
425726.7,358899.72,224.0,200.0
425936.53,358899.72,224.0,200.0
426146.4,358899.72,224.0,188.0
426356.28,358899.72,224.0,176.0
426566.12,358899.72,236.0,176.0
426776.0,358899.72,236.0,176.0
426985.84,358899.72,176.0,-16.0
427195.72,358899.72,176.0,-16.0
427405.6,358899.72,176.0,-16.0
427615.44,358899.72,176.0,-16.0
427825.3,358899.72,176.0,-16.0
428035.16,358899.72,176.0,-16.0
428245.03,358899.72,176.0,-28.0
428454.9,358899.72,176.0,-28.0
428664.75,358899.72,176.0,-28.0
428874.62,358899.72,188.0,-28.0
429084.5,358899.72,188.0,-28.0
429294.34,358899.72,188.0,-28.0
429504.22,358899.72,188.0,-28.0
429714.06,358899.72,188.0,-28.0
429923.94,358899.72,188.0,-28.0
430133.8,358899.72,188.0,-28.0
430343.66,358899.72,188.0,-28.0
430553.53,358899.72,188.0,-28.0
430763.38,358899.72,188.0,-40.0
430973.25,358899.72,188.0,-40.0
431183.12,358899.72,188.0,-40.0
431392.97,358899.72,200.0,-40.0
431602.84,358899.72,152.0,-148.0
431812.72,358899.72,152.0,-148.0
432022.56,358899.72,152.0,-148.0
432232.44,358899.72,152.0,-148.0
432442.28,358899.72,152.0,-148.0
432652.16,358899.72,152.0,-148.0
432862.03,358899.72,152.0,-148.0
433071.88,358899.72,152.0,-148.0
433281.75,358899.72,152.0,-148.0
433491.6,358899.72,164.0,-160.0
433701.47,358899.72,164.0,-160.0
433911.34,358899.72,164.0,-160.0
434121.2,358899.72,,
434331.06,358899.72,,
434540.94,358899.72,,
434750.78,358899.72,,
434960.66,358899.72,,
435170.5,358899.72,,
435380.38,358899.72,,
435590.25,358899.72,,
435800.1,358899.72,,
436009.97,358899.72,,
436219.8,358899.72,152.0,-16.0
436429.7,358899.72,152.0,-16.0
436639.56,358899.72,152.0,-16.0
436849.4,358899.72,,
437059.28,358899.72,,
437269.16,358899.72,,
437479.0,358899.72,,
437688.88,358899.72,,
437898.72,358899.72,128.0,68.0
438108.6,358899.72,128.0,68.0
438318.47,358899.72,128.0,68.0
438528.3,358899.72,128.0,68.0
438738.2,358899.72,188.0,-52.0
438948.03,358899.72,200.0,-52.0
439157.9,358899.72,200.0,-52.0
439367.78,358899.72,200.0,-40.0
439577.62,358899.72,224.0,-208.0
439787.5,358899.72,224.0,-208.0
439997.38,358899.72,224.0,-208.0
440207.22,358899.72,236.0,-208.0
440417.1,358899.72,236.0,-208.0
440626.94,358899.72,236.0,-208.0
440836.8,358899.72,236.0,-208.0
441046.7,358899.72,248.0,-244.0
441256.53,358899.72,248.0,-244.0
441466.4,358899.72,248.0,-244.0
441676.25,358899.72,248.0,-244.0
441886.12,358899.72,260.0,-280.0
442096.0,358899.72,260.0,-280.0
442305.84,358899.72,260.0,-280.0
442515.72,358899.72,260.0,-208.0
442725.6,358899.72,260.0,-208.0
442935.44,358899.72,260.0,-208.0
443145.3,358899.72,260.0,-208.0
443355.16,358899.72,260.0,-208.0
443565.03,358899.72,260.0,-208.0
443774.9,358899.72,260.0,-208.0
443984.75,358899.72,284.0,-280.0
444194.62,358899.72,284.0,-280.0
444404.47,358899.72,284.0,-280.0
444614.34,358899.72,284.0,-280.0
444824.22,358899.72,284.0,-280.0
445034.06,358899.72,284.0,-280.0
445243.94,358899.72,248.0,-268.0
445453.8,358899.72,248.0,-268.0
445663.66,358899.72,248.0,-268.0
445873.53,358899.72,248.0,-268.0
446083.38,358899.72,248.0,-268.0
446293.25,358899.72,248.0,-268.0
446503.12,358899.72,248.0,-268.0
446712.97,358899.72,248.0,-268.0
446922.84,358899.72,248.0,-268.0
447132.7,358899.72,248.0,-268.0
447342.56,358899.72,188.0,-268.0
447552.44,358899.72,188.0,-268.0
447762.28,358899.72,188.0,-268.0
447972.16,358899.72,188.0,-268.0
448182.03,358899.72,188.0,-268.0
448391.88,358899.72,188.0,-268.0
448601.75,358899.72,188.0,-268.0
448811.6,358899.72,176.0,-268.0
449021.47,358899.72,176.0,-268.0
449231.34,358899.72,152.0,-352.0
449441.2,358899.72,152.0,-352.0
449651.06,358899.72,152.0,-352.0
449860.9,358899.72,152.0,-352.0
450070.78,358899.72,128.0,-304.0
450280.66,358899.72,128.0,-304.0
450490.5,358899.72,128.0,-304.0
450700.38,358899.72,128.0,-304.0
450910.25,358899.72,128.0,-304.0
451120.1,358899.72,128.0,-304.0
451329.97,358899.72,128.0,-712.0
451539.8,358899.72,116.0,-712.0
451749.7,358899.72,116.0,-712.0
451959.56,358899.72,116.0,-712.0
452169.4,358899.72,116.0,-712.0
452379.28,358899.72,116.0,-712.0
452589.12,358899.72,116.0,-712.0
452799.0,358899.72,176.0,-568.0
453008.88,358899.72,176.0,-568.0
453218.72,358899.72,176.0,-568.0
453428.6,358899.72,164.0,-568.0
453638.47,358899.72,164.0,-568.0
453848.3,358899.72,164.0,-568.0
454058.2,358899.72,164.0,-568.0
454268.03,358899.72,164.0,-568.0
454477.9,358899.72,164.0,-568.0
454687.78,358899.72,164.0,-148.0
454897.62,358899.72,164.0,-148.0
455107.5,358899.72,164.0,-148.0
455317.34,358899.72,152.0,-148.0
455527.22,358899.72,152.0,-148.0
455737.1,358899.72,152.0,-148.0
455946.94,358899.72,152.0,-148.0
456156.8,358899.72,152.0,-148.0
456366.7,358899.72,152.0,-148.0
456576.53,358899.72,140.0,-544.0
456786.4,358899.72,140.0,-544.0
456996.25,358899.72,140.0,-544.0
457206.12,358899.72,140.0,-544.0
457416.0,358899.72,140.0,-544.0
457625.84,358899.72,140.0,-544.0
457835.72,358899.72,140.0,-544.0
458045.6,358899.72,140.0,-544.0
458255.44,358899.72,140.0,-544.0
458465.3,358899.72,140.0,-544.0
458675.16,358899.72,140.0,-544.0
458885.03,358899.72,128.0,-544.0
459094.9,358899.72,128.0,-544.0
459304.75,358899.72,128.0,-544.0
459514.62,358899.72,128.0,-544.0
459724.47,358899.72,128.0,-544.0
459934.34,358899.72,128.0,-544.0
460144.22,358899.72,128.0,-544.0
418381.47,359102.3,,
418591.34,359102.3,,
418801.2,359102.3,,
419011.06,359102.3,,
419220.94,359102.3,,
419430.78,359102.3,,
419640.66,359102.3,,
419850.5,359102.3,,
420060.38,359102.3,,
420270.25,359102.3,,
420480.1,359102.3,,
420689.97,359102.3,,
420899.84,359102.3,,
421109.7,359102.3,,
421319.56,359102.3,,
421529.4,359102.3,,
421739.28,359102.3,,
421949.16,359102.3,,
422159.0,359102.3,,
422368.88,359102.3,,
422578.72,359102.3,,
422788.6,359102.3,,
422998.47,359102.3,,
423208.3,359102.3,,
423418.2,359102.3,,
423628.06,359102.3,,
423837.9,359102.3,,
424047.78,359102.3,,
424257.62,359102.3,,
424467.5,359102.3,,
424677.38,359102.3,,
424887.22,359102.3,,
425097.1,359102.3,,
425306.94,359102.3,,
425516.8,359102.3,212.0,212.0
425726.7,359102.3,212.0,212.0
425936.53,359102.3,224.0,200.0
426146.4,359102.3,224.0,200.0
426356.28,359102.3,224.0,200.0
426566.12,359102.3,224.0,188.0
426776.0,359102.3,176.0,-16.0
426985.84,359102.3,176.0,-16.0
427195.72,359102.3,176.0,-16.0
427405.6,359102.3,176.0,-16.0
427615.44,359102.3,176.0,-16.0
427825.3,359102.3,176.0,-16.0
428035.16,359102.3,176.0,-16.0
428245.03,359102.3,176.0,-16.0
428454.9,359102.3,176.0,-16.0
428664.75,359102.3,176.0,-28.0
428874.62,359102.3,176.0,-28.0
429084.5,359102.3,176.0,-28.0
429294.34,359102.3,188.0,-28.0
429504.22,359102.3,188.0,-28.0
429714.06,359102.3,188.0,-28.0
429923.94,359102.3,188.0,-28.0
430133.8,359102.3,188.0,-28.0
430343.66,359102.3,188.0,-28.0
430553.53,359102.3,188.0,-28.0
430763.38,359102.3,188.0,-28.0
430973.25,359102.3,188.0,-28.0
431183.12,359102.3,188.0,-28.0
431392.97,359102.3,140.0,-136.0
431602.84,359102.3,140.0,-136.0
431812.72,359102.3,152.0,-136.0
432022.56,359102.3,152.0,-148.0
432232.44,359102.3,152.0,-148.0
432442.28,359102.3,152.0,-148.0
432652.16,359102.3,152.0,-148.0
432862.03,359102.3,152.0,-148.0
433071.88,359102.3,152.0,-148.0
433281.75,359102.3,152.0,-148.0
433491.6,359102.3,152.0,-148.0
433701.47,359102.3,,
433911.34,359102.3,,
434121.2,359102.3,,
434331.06,359102.3,,
434540.94,359102.3,,
434750.78,359102.3,,
434960.66,359102.3,,
435170.5,359102.3,,
435380.38,359102.3,,
435590.25,359102.3,,
435800.1,359102.3,,
436009.97,359102.3,,
436219.8,359102.3,,
436429.7,359102.3,152.0,-4.0
436639.56,359102.3,152.0,-16.0
436849.4,359102.3,,
437059.28,359102.3,,
437269.16,359102.3,,
437479.0,359102.3,,
437688.88,359102.3,116.0,104.0
437898.72,359102.3,116.0,104.0
438108.6,359102.3,116.0,92.0
438318.47,359102.3,116.0,80.0
438528.3,359102.3,176.0,-16.0
438738.2,359102.3,176.0,-16.0
438948.03,359102.3,176.0,-16.0
439157.9,359102.3,200.0,-40.0
439367.78,359102.3,200.0,-40.0
439577.62,359102.3,224.0,-208.0
439787.5,359102.3,224.0,-208.0
439997.38,359102.3,224.0,-208.0
440207.22,359102.3,224.0,-208.0
440417.1,359102.3,236.0,-208.0
440626.94,359102.3,236.0,-208.0
440836.8,359102.3,236.0,-208.0
441046.7,359102.3,248.0,-244.0
441256.53,359102.3,248.0,-244.0
441466.4,359102.3,248.0,-244.0
441676.25,359102.3,248.0,-244.0
441886.12,359102.3,248.0,-244.0
442096.0,359102.3,260.0,-280.0
442305.84,359102.3,260.0,-280.0
442515.72,359102.3,260.0,-208.0
442725.6,359102.3,260.0,-208.0
442935.44,359102.3,260.0,-208.0
443145.3,359102.3,260.0,-208.0
443355.16,359102.3,260.0,-208.0
443565.03,359102.3,260.0,-196.0
443774.9,359102.3,260.0,-196.0
443984.75,359102.3,260.0,-196.0
444194.62,359102.3,248.0,-232.0
444404.47,359102.3,248.0,-232.0
444614.34,359102.3,248.0,-232.0
444824.22,359102.3,248.0,-232.0
445034.06,359102.3,248.0,-232.0
445243.94,359102.3,248.0,-268.0
445453.8,359102.3,248.0,-268.0
445663.66,359102.3,248.0,-268.0
445873.53,359102.3,248.0,-268.0
446083.38,359102.3,248.0,-268.0
446293.25,359102.3,248.0,-268.0
446503.12,359102.3,248.0,-268.0
446712.97,359102.3,248.0,-268.0
446922.84,359102.3,248.0,-268.0
447132.7,359102.3,248.0,-268.0
447342.56,359102.3,188.0,-268.0
447552.44,359102.3,188.0,-268.0
447762.28,359102.3,188.0,-268.0
447972.16,359102.3,188.0,-268.0
448182.03,359102.3,188.0,-268.0
448391.88,359102.3,188.0,-268.0
448601.75,359102.3,188.0,-268.0
448811.6,359102.3,188.0,-268.0
449021.47,359102.3,152.0,-352.0
449231.34,359102.3,152.0,-352.0
449441.2,359102.3,152.0,-352.0
449651.06,359102.3,152.0,-352.0
449860.9,359102.3,152.0,-352.0
450070.78,359102.3,152.0,-352.0
450280.66,359102.3,128.0,-304.0
450490.5,359102.3,128.0,-304.0
450700.38,359102.3,128.0,-304.0
450910.25,359102.3,128.0,-304.0
451120.1,359102.3,128.0,-712.0
451329.97,359102.3,116.0,-712.0
451539.8,359102.3,116.0,-712.0
451749.7,359102.3,116.0,-712.0
451959.56,359102.3,116.0,-712.0
452169.4,359102.3,116.0,-712.0
452379.28,359102.3,116.0,-712.0
452589.12,359102.3,116.0,-712.0
452799.0,359102.3,176.0,-568.0
453008.88,359102.3,176.0,-568.0
453218.72,359102.3,176.0,-568.0
453428.6,359102.3,164.0,-568.0
453638.47,359102.3,164.0,-568.0
453848.3,359102.3,164.0,-568.0
454058.2,359102.3,164.0,-568.0
454268.03,359102.3,164.0,-568.0
454477.9,359102.3,164.0,-568.0
454687.78,359102.3,164.0,-148.0
454897.62,359102.3,164.0,-148.0
455107.5,359102.3,164.0,-148.0
455317.34,359102.3,152.0,-148.0
455527.22,359102.3,152.0,-148.0
455737.1,359102.3,152.0,-148.0
455946.94,359102.3,152.0,-148.0
456156.8,359102.3,152.0,-148.0
456366.7,359102.3,152.0,-148.0
456576.53,359102.3,152.0,-544.0
456786.4,359102.3,140.0,-544.0
456996.25,359102.3,140.0,-544.0
457206.12,359102.3,140.0,-544.0
457416.0,359102.3,140.0,-544.0
457625.84,359102.3,140.0,-544.0
457835.72,359102.3,140.0,-544.0
458045.6,359102.3,140.0,-544.0
458255.44,359102.3,140.0,-544.0
458465.3,359102.3,140.0,-544.0
458675.16,359102.3,140.0,-544.0
458885.03,359102.3,128.0,-544.0
459094.9,359102.3,128.0,-544.0
459304.75,359102.3,128.0,-544.0
459514.62,359102.3,128.0,-544.0
459724.47,359102.3,128.0,-544.0
459934.34,359102.3,128.0,-544.0
460144.22,359102.3,128.0,-544.0
418381.47,359304.94,,
418591.34,359304.94,,
418801.2,359304.94,,
419011.06,359304.94,,
419220.94,359304.94,,
419430.78,359304.94,,
419640.66,359304.94,,
419850.5,359304.94,,
420060.38,359304.94,,
420270.25,359304.94,,
420480.1,359304.94,,
420689.97,359304.94,,
420899.84,359304.94,,
421109.7,359304.94,,
421319.56,359304.94,,
421529.4,359304.94,,
421739.28,359304.94,,
421949.16,359304.94,,
422159.0,359304.94,,
422368.88,359304.94,,
422578.72,359304.94,,
422788.6,359304.94,,
422998.47,359304.94,,
423208.3,359304.94,,
423418.2,359304.94,,
423628.06,359304.94,,
423837.9,359304.94,,
424047.78,359304.94,,
424257.62,359304.94,,
424467.5,359304.94,,
424677.38,359304.94,,
424887.22,359304.94,,
425097.1,359304.94,,
425306.94,359304.94,,
425516.8,359304.94,,
425726.7,359304.94,,
425936.53,359304.94,212.0,212.0
426146.4,359304.94,212.0,212.0
426356.28,359304.94,212.0,200.0
426566.12,359304.94,164.0,-4.0
426776.0,359304.94,164.0,-4.0
426985.84,359304.94,176.0,-16.0
427195.72,359304.94,176.0,-16.0
427405.6,359304.94,176.0,-16.0
427615.44,359304.94,176.0,-16.0
427825.3,359304.94,176.0,-16.0
428035.16,359304.94,176.0,-16.0
428245.03,359304.94,176.0,-16.0
428454.9,359304.94,176.0,-16.0
428664.75,359304.94,176.0,-16.0
428874.62,359304.94,176.0,-16.0
429084.5,359304.94,176.0,-28.0
429294.34,359304.94,176.0,-28.0
429504.22,359304.94,176.0,-28.0
429714.06,359304.94,188.0,-28.0
429923.94,359304.94,188.0,-28.0
430133.8,359304.94,188.0,-28.0
430343.66,359304.94,188.0,-28.0
430553.53,359304.94,188.0,-28.0
430763.38,359304.94,188.0,-28.0
430973.25,359304.94,188.0,-28.0
431183.12,359304.94,188.0,-28.0
431392.97,359304.94,140.0,-136.0
431602.84,359304.94,140.0,-136.0
431812.72,359304.94,140.0,-136.0
432022.56,359304.94,152.0,-136.0
432232.44,359304.94,152.0,-148.0
432442.28,359304.94,152.0,-148.0
432652.16,359304.94,152.0,-148.0
432862.03,359304.94,152.0,-148.0
433071.88,359304.94,152.0,-148.0
433281.75,359304.94,,
433491.6,359304.94,,
433701.47,359304.94,,
433911.34,359304.94,,
434121.2,359304.94,,
434331.06,359304.94,,
434540.94,359304.94,,
434750.78,359304.94,,
434960.66,359304.94,,
435170.5,359304.94,,
435380.38,359304.94,,
435590.25,359304.94,,
435800.1,359304.94,,
436009.97,359304.94,,
436219.8,359304.94,,
436429.7,359304.94,,
436639.56,359304.94,,
436849.4,359304.94,,
437059.28,359304.94,,
437269.16,359304.94,,
437479.0,359304.94,,
437688.88,359304.94,,
437898.72,359304.94,,
438108.6,359304.94,,
438318.47,359304.94,,
438528.3,359304.94,164.0,-16.0
438738.2,359304.94,176.0,-16.0
438948.03,359304.94,176.0,-16.0
439157.9,359304.94,176.0,-16.0
439367.78,359304.94,200.0,-40.0
439577.62,359304.94,224.0,-208.0
439787.5,359304.94,224.0,-208.0
439997.38,359304.94,224.0,-208.0
440207.22,359304.94,236.0,-208.0
440417.1,359304.94,236.0,-208.0
440626.94,359304.94,236.0,-208.0
440836.8,359304.94,236.0,-208.0
441046.7,359304.94,236.0,-208.0
441256.53,359304.94,248.0,-244.0
441466.4,359304.94,248.0,-244.0
441676.25,359304.94,248.0,-244.0
441886.12,359304.94,248.0,-244.0
442096.0,359304.94,260.0,-280.0
442305.84,359304.94,260.0,-280.0
442515.72,359304.94,260.0,-208.0
442725.6,359304.94,260.0,-208.0
442935.44,359304.94,260.0,-208.0
443145.3,359304.94,260.0,-208.0
443355.16,359304.94,260.0,-196.0
443565.03,359304.94,260.0,-196.0
443774.9,359304.94,260.0,-196.0
443984.75,359304.94,248.0,-232.0
444194.62,359304.94,248.0,-232.0
444404.47,359304.94,248.0,-232.0
444614.34,359304.94,248.0,-232.0
444824.22,359304.94,248.0,-232.0
445034.06,359304.94,248.0,-232.0
445243.94,359304.94,248.0,-232.0
445453.8,359304.94,248.0,-268.0
445663.66,359304.94,248.0,-268.0
445873.53,359304.94,248.0,-268.0
446083.38,359304.94,248.0,-268.0
446293.25,359304.94,248.0,-268.0
446503.12,359304.94,248.0,-268.0
446712.97,359304.94,248.0,-268.0
446922.84,359304.94,248.0,-268.0
447132.7,359304.94,248.0,-268.0
447342.56,359304.94,248.0,-376.0
447552.44,359304.94,188.0,-268.0
447762.28,359304.94,188.0,-268.0
447972.16,359304.94,188.0,-268.0
448182.03,359304.94,188.0,-268.0
448391.88,359304.94,188.0,-268.0
448601.75,359304.94,188.0,-268.0
448811.6,359304.94,152.0,-352.0
449021.47,359304.94,152.0,-352.0
449231.34,359304.94,152.0,-352.0
449441.2,359304.94,152.0,-352.0
449651.06,359304.94,152.0,-352.0
449860.9,359304.94,152.0,-352.0
450070.78,359304.94,152.0,-352.0
450280.66,359304.94,152.0,-352.0
450490.5,359304.94,128.0,-304.0
450700.38,359304.94,128.0,-304.0
450910.25,359304.94,116.0,-436.0
451120.1,359304.94,128.0,-712.0
451329.97,359304.94,116.0,-712.0
451539.8,359304.94,116.0,-712.0
451749.7,359304.94,116.0,-712.0
451959.56,359304.94,116.0,-712.0
452169.4,359304.94,116.0,-712.0
452379.28,359304.94,116.0,-712.0
452589.12,359304.94,116.0,-712.0
452799.0,359304.94,176.0,-568.0
453008.88,359304.94,176.0,-568.0
453218.72,359304.94,176.0,-568.0
453428.6,359304.94,176.0,-568.0
453638.47,359304.94,164.0,-568.0
453848.3,359304.94,164.0,-568.0
454058.2,359304.94,164.0,-568.0
454268.03,359304.94,164.0,-568.0
454477.9,359304.94,164.0,-568.0
454687.78,359304.94,164.0,-568.0
454897.62,359304.94,164.0,-148.0
455107.5,359304.94,164.0,-148.0
455317.34,359304.94,164.0,-148.0
455527.22,359304.94,152.0,-148.0
455737.1,359304.94,152.0,-148.0
455946.94,359304.94,152.0,-148.0
456156.8,359304.94,152.0,-148.0
456366.7,359304.94,152.0,-148.0
456576.53,359304.94,152.0,-148.0
456786.4,359304.94,140.0,-544.0
456996.25,359304.94,140.0,-544.0
457206.12,359304.94,140.0,-544.0
457416.0,359304.94,140.0,-544.0
457625.84,359304.94,140.0,-544.0
457835.72,359304.94,140.0,-544.0
458045.6,359304.94,140.0,-544.0
458255.44,359304.94,140.0,-544.0
458465.3,359304.94,140.0,-544.0
458675.16,359304.94,140.0,-544.0
458885.03,359304.94,128.0,-544.0
459094.9,359304.94,128.0,-544.0
459304.75,359304.94,128.0,-544.0
459514.62,359304.94,128.0,-544.0
459724.47,359304.94,128.0,-544.0
459934.34,359304.94,128.0,-544.0
460144.22,359304.94,128.0,-544.0
418381.47,359507.56,,
418591.34,359507.56,,
418801.2,359507.56,,
419011.06,359507.56,,
419220.94,359507.56,,
419430.78,359507.56,,
419640.66,359507.56,,
419850.5,359507.56,,
420060.38,359507.56,,
420270.25,359507.56,,
420480.1,359507.56,,
420689.97,359507.56,,
420899.84,359507.56,,
421109.7,359507.56,,
421319.56,359507.56,,
421529.4,359507.56,,
421739.28,359507.56,,
421949.16,359507.56,,
422159.0,359507.56,,
422368.88,359507.56,,
422578.72,359507.56,,
422788.6,359507.56,,
422998.47,359507.56,,
423208.3,359507.56,,
423418.2,359507.56,,
423628.06,359507.56,,
423837.9,359507.56,,
424047.78,359507.56,,
424257.62,359507.56,,
424467.5,359507.56,,
424677.38,359507.56,,
424887.22,359507.56,,
425097.1,359507.56,,
425306.94,359507.56,,
425516.8,359507.56,,
425726.7,359507.56,,
425936.53,359507.56,,
426146.4,359507.56,,
426356.28,359507.56,164.0,-4.0
426566.12,359507.56,164.0,-4.0
426776.0,359507.56,164.0,-4.0
426985.84,359507.56,164.0,-4.0
427195.72,359507.56,164.0,-4.0
427405.6,359507.56,164.0,-4.0
427615.44,359507.56,164.0,-16.0
427825.3,359507.56,176.0,-16.0
428035.16,359507.56,176.0,-16.0
428245.03,359507.56,176.0,-16.0
428454.9,359507.56,176.0,-16.0
428664.75,359507.56,176.0,-16.0
428874.62,359507.56,176.0,-16.0
429084.5,359507.56,176.0,-16.0
429294.34,359507.56,176.0,-28.0
429504.22,359507.56,176.0,-28.0
429714.06,359507.56,176.0,-28.0
429923.94,359507.56,176.0,-28.0
430133.8,359507.56,188.0,-28.0
430343.66,359507.56,188.0,-28.0
430553.53,359507.56,188.0,-28.0
430763.38,359507.56,188.0,-28.0
430973.25,359507.56,188.0,-28.0
431183.12,359507.56,140.0,-136.0
431392.97,359507.56,140.0,-136.0
431602.84,359507.56,140.0,-136.0
431812.72,359507.56,140.0,-136.0
432022.56,359507.56,140.0,-136.0
432232.44,359507.56,140.0,-136.0
432442.28,359507.56,152.0,-136.0
432652.16,359507.56,152.0,-148.0
432862.03,359507.56,,
433071.88,359507.56,,
433281.75,359507.56,,
433491.6,359507.56,,
433701.47,359507.56,,
433911.34,359507.56,,
434121.2,359507.56,,
434331.06,359507.56,,
434540.94,359507.56,,
434750.78,359507.56,,
434960.66,359507.56,,
435170.5,359507.56,,
435380.38,359507.56,,
435590.25,359507.56,,
435800.1,359507.56,,
436009.97,359507.56,,
436219.8,359507.56,,
436429.7,359507.56,,
436639.56,359507.56,,
436849.4,359507.56,,
437059.28,359507.56,,
437269.16,359507.56,,
437479.0,359507.56,,
437688.88,359507.56,,
437898.72,359507.56,,
438108.6,359507.56,,
438318.47,359507.56,164.0,-4.0
438528.3,359507.56,164.0,-4.0
438738.2,359507.56,164.0,-4.0
438948.03,359507.56,176.0,-4.0
439157.9,359507.56,176.0,-4.0
439367.78,359507.56,176.0,-4.0
439577.62,359507.56,224.0,-208.0
439787.5,359507.56,224.0,-208.0
439997.38,359507.56,224.0,-208.0
440207.22,359507.56,236.0,-208.0
440417.1,359507.56,236.0,-208.0
440626.94,359507.56,236.0,-208.0
440836.8,359507.56,236.0,-208.0
441046.7,359507.56,236.0,-208.0
441256.53,359507.56,248.0,-244.0
441466.4,359507.56,248.0,-244.0
441676.25,359507.56,248.0,-244.0
441886.12,359507.56,248.0,-244.0
442096.0,359507.56,212.0,-268.0
442305.84,359507.56,212.0,-268.0
442515.72,359507.56,212.0,-280.0
442725.6,359507.56,260.0,-208.0
442935.44,359507.56,260.0,-208.0
443145.3,359507.56,260.0,-196.0
443355.16,359507.56,260.0,-196.0
443565.03,359507.56,260.0,-196.0
443774.9,359507.56,260.0,-196.0
443984.75,359507.56,248.0,-232.0
444194.62,359507.56,248.0,-232.0
444404.47,359507.56,248.0,-232.0
444614.34,359507.56,248.0,-232.0
444824.22,359507.56,248.0,-232.0
445034.06,359507.56,248.0,-232.0
445243.94,359507.56,248.0,-232.0
445453.8,359507.56,248.0,-268.0
445663.66,359507.56,248.0,-268.0
445873.53,359507.56,248.0,-268.0
446083.38,359507.56,248.0,-268.0
446293.25,359507.56,248.0,-268.0
446503.12,359507.56,248.0,-268.0
446712.97,359507.56,248.0,-268.0
446922.84,359507.56,248.0,-268.0
447132.7,359507.56,248.0,-376.0
447342.56,359507.56,248.0,-376.0
447552.44,359507.56,248.0,-376.0
447762.28,359507.56,248.0,-376.0
447972.16,359507.56,188.0,-268.0
448182.03,359507.56,188.0,-268.0
448391.88,359507.56,188.0,-268.0
448601.75,359507.56,164.0,-352.0
448811.6,359507.56,152.0,-352.0
449021.47,359507.56,152.0,-352.0
449231.34,359507.56,152.0,-352.0
449441.2,359507.56,152.0,-352.0
449651.06,359507.56,152.0,-352.0
449860.9,359507.56,152.0,-352.0
450070.78,359507.56,152.0,-352.0
450280.66,359507.56,152.0,-352.0
450490.5,359507.56,152.0,-352.0
450700.38,359507.56,116.0,-436.0
450910.25,359507.56,116.0,-436.0
451120.1,359507.56,116.0,-436.0
451329.97,359507.56,116.0,-712.0
451539.8,359507.56,116.0,-712.0
451749.7,359507.56,116.0,-712.0
451959.56,359507.56,116.0,-712.0
452169.4,359507.56,116.0,-712.0
452379.28,359507.56,116.0,-712.0
452589.12,359507.56,116.0,-712.0
452799.0,359507.56,176.0,-568.0
453008.88,359507.56,176.0,-568.0
453218.72,359507.56,176.0,-568.0
453428.6,359507.56,176.0,-568.0
453638.47,359507.56,164.0,-568.0
453848.3,359507.56,164.0,-568.0
454058.2,359507.56,164.0,-568.0
454268.03,359507.56,164.0,-568.0
454477.9,359507.56,164.0,-568.0
454687.78,359507.56,164.0,-568.0
454897.62,359507.56,164.0,-148.0
455107.5,359507.56,164.0,-148.0
455317.34,359507.56,164.0,-148.0
455527.22,359507.56,152.0,-148.0
455737.1,359507.56,152.0,-148.0
455946.94,359507.56,152.0,-148.0
456156.8,359507.56,152.0,-148.0
456366.7,359507.56,152.0,-148.0
456576.53,359507.56,152.0,-148.0
456786.4,359507.56,152.0,-148.0
456996.25,359507.56,140.0,-544.0
457206.12,359507.56,140.0,-544.0
457416.0,359507.56,140.0,-544.0
457625.84,359507.56,140.0,-544.0
457835.72,359507.56,140.0,-544.0
458045.6,359507.56,140.0,-544.0
458255.44,359507.56,140.0,-544.0
458465.3,359507.56,140.0,-544.0
458675.16,359507.56,140.0,-544.0
458885.03,359507.56,140.0,-544.0
459094.9,359507.56,128.0,-544.0
459304.75,359507.56,128.0,-544.0
459514.62,359507.56,128.0,-544.0
459724.47,359507.56,128.0,-544.0
459934.34,359507.56,128.0,-544.0
460144.22,359507.56,128.0,-544.0
418381.47,359710.2,,
418591.34,359710.2,,
418801.2,359710.2,,
419011.06,359710.2,,
419220.94,359710.2,,
419430.78,359710.2,,
419640.66,359710.2,,
419850.5,359710.2,,
420060.38,359710.2,,
420270.25,359710.2,,
420480.1,359710.2,,
420689.97,359710.2,,
420899.84,359710.2,,
421109.7,359710.2,,
421319.56,359710.2,,
421529.4,359710.2,,
421739.28,359710.2,,
421949.16,359710.2,,
422159.0,359710.2,,
422368.88,359710.2,,
422578.72,359710.2,,
422788.6,359710.2,,
422998.47,359710.2,,
423208.3,359710.2,,
423418.2,359710.2,,
423628.06,359710.2,,
423837.9,359710.2,,
424047.78,359710.2,,
424257.62,359710.2,,
424467.5,359710.2,,
424677.38,359710.2,,
424887.22,359710.2,,
425097.1,359710.2,,
425306.94,359710.2,,
425516.8,359710.2,,
425726.7,359710.2,,
425936.53,359710.2,,
426146.4,359710.2,164.0,8.0
426356.28,359710.2,164.0,8.0
426566.12,359710.2,164.0,8.0
426776.0,359710.2,164.0,-4.0
426985.84,359710.2,164.0,-4.0
427195.72,359710.2,164.0,-4.0
427405.6,359710.2,164.0,-4.0
427615.44,359710.2,164.0,-4.0
427825.3,359710.2,164.0,-4.0
428035.16,359710.2,164.0,-4.0
428245.03,359710.2,164.0,-4.0
428454.9,359710.2,164.0,-16.0
428664.75,359710.2,176.0,-16.0
428874.62,359710.2,176.0,-16.0
429084.5,359710.2,176.0,-16.0
429294.34,359710.2,176.0,-16.0
429504.22,359710.2,176.0,-16.0
429714.06,359710.2,176.0,-16.0
429923.94,359710.2,176.0,-16.0
430133.8,359710.2,176.0,-28.0
430343.66,359710.2,176.0,-28.0
430553.53,359710.2,188.0,-28.0
430763.38,359710.2,188.0,-28.0
430973.25,359710.2,128.0,-124.0
431183.12,359710.2,140.0,-124.0
431392.97,359710.2,140.0,-136.0
431602.84,359710.2,140.0,-136.0
431812.72,359710.2,140.0,-136.0
432022.56,359710.2,140.0,-136.0
432232.44,359710.2,140.0,-136.0
432442.28,359710.2,140.0,-136.0
432652.16,359710.2,,
432862.03,359710.2,,
433071.88,359710.2,,
433281.75,359710.2,,
433491.6,359710.2,,
433701.47,359710.2,,
433911.34,359710.2,,
434121.2,359710.2,,
434331.06,359710.2,,
434540.94,359710.2,,
434750.78,359710.2,,
434960.66,359710.2,,
435170.5,359710.2,,
435380.38,359710.2,,
435590.25,359710.2,,
435800.1,359710.2,,
436009.97,359710.2,,
436219.8,359710.2,,
436429.7,359710.2,,
436639.56,359710.2,,
436849.4,359710.2,,
437059.28,359710.2,,
437269.16,359710.2,,
437479.0,359710.2,,
437688.88,359710.2,,
437898.72,359710.2,,
438108.6,359710.2,,
438318.47,359710.2,164.0,-4.0
438528.3,359710.2,164.0,-4.0
438738.2,359710.2,164.0,-4.0
438948.03,359710.2,164.0,-4.0
439157.9,359710.2,176.0,-4.0
439367.78,359710.2,176.0,-4.0
439577.62,359710.2,176.0,-4.0
439787.5,359710.2,224.0,-208.0
439997.38,359710.2,236.0,-208.0
440207.22,359710.2,236.0,-208.0
440417.1,359710.2,236.0,-208.0
440626.94,359710.2,236.0,-208.0
440836.8,359710.2,236.0,-208.0
441046.7,359710.2,236.0,-208.0
441256.53,359710.2,248.0,-244.0
441466.4,359710.2,248.0,-244.0
441676.25,359710.2,248.0,-244.0
441886.12,359710.2,212.0,-268.0
442096.0,359710.2,212.0,-268.0
442305.84,359710.2,212.0,-268.0
442515.72,359710.2,212.0,-268.0
442725.6,359710.2,212.0,-268.0
442935.44,359710.2,212.0,-268.0
443145.3,359710.2,260.0,-196.0
443355.16,359710.2,260.0,-196.0
443565.03,359710.2,260.0,-196.0
443774.9,359710.2,248.0,-232.0
443984.75,359710.2,248.0,-232.0
444194.62,359710.2,248.0,-232.0
444404.47,359710.2,248.0,-232.0
444614.34,359710.2,248.0,-232.0
444824.22,359710.2,248.0,-232.0
445034.06,359710.2,248.0,-232.0
445243.94,359710.2,248.0,-232.0
445453.8,359710.2,248.0,-232.0
445663.66,359710.2,248.0,-268.0
445873.53,359710.2,248.0,-268.0
446083.38,359710.2,248.0,-268.0
446293.25,359710.2,248.0,-268.0
446503.12,359710.2,248.0,-268.0
446712.97,359710.2,248.0,-268.0
446922.84,359710.2,248.0,-376.0
447132.7,359710.2,248.0,-376.0
447342.56,359710.2,248.0,-376.0
447552.44,359710.2,248.0,-376.0
447762.28,359710.2,248.0,-376.0
447972.16,359710.2,248.0,-376.0
448182.03,359710.2,248.0,-376.0
448391.88,359710.2,164.0,-352.0
448601.75,359710.2,164.0,-352.0
448811.6,359710.2,164.0,-352.0
449021.47,359710.2,152.0,-352.0
449231.34,359710.2,152.0,-352.0
449441.2,359710.2,152.0,-352.0
449651.06,359710.2,152.0,-352.0
449860.9,359710.2,152.0,-352.0
450070.78,359710.2,152.0,-352.0
450280.66,359710.2,152.0,-352.0
450490.5,359710.2,152.0,-352.0
450700.38,359710.2,116.0,-436.0
450910.25,359710.2,116.0,-436.0
451120.1,359710.2,116.0,-436.0
451329.97,359710.2,116.0,-436.0
451539.8,359710.2,116.0,-436.0
451749.7,359710.2,116.0,-712.0
451959.56,359710.2,116.0,-712.0
452169.4,359710.2,116.0,-712.0
452379.28,359710.2,116.0,-712.0
452589.12,359710.2,116.0,-712.0
452799.0,359710.2,176.0,-568.0
453008.88,359710.2,176.0,-556.0
453218.72,359710.2,176.0,-556.0
453428.6,359710.2,176.0,-556.0
453638.47,359710.2,176.0,-556.0
453848.3,359710.2,164.0,-556.0
454058.2,359710.2,164.0,-568.0
454268.03,359710.2,164.0,-568.0
454477.9,359710.2,164.0,-568.0
454687.78,359710.2,164.0,-568.0
454897.62,359710.2,164.0,-568.0
455107.5,359710.2,164.0,-148.0
455317.34,359710.2,164.0,-148.0
455527.22,359710.2,152.0,-148.0
455737.1,359710.2,152.0,-148.0
455946.94,359710.2,152.0,-148.0
456156.8,359710.2,152.0,-148.0
456366.7,359710.2,152.0,-148.0
456576.53,359710.2,152.0,-148.0
456786.4,359710.2,152.0,-148.0
456996.25,359710.2,152.0,-544.0
457206.12,359710.2,140.0,-544.0
457416.0,359710.2,140.0,-544.0
457625.84,359710.2,140.0,-544.0
457835.72,359710.2,140.0,-544.0
458045.6,359710.2,140.0,-544.0
458255.44,359710.2,140.0,-544.0
458465.3,359710.2,140.0,-544.0
458675.16,359710.2,140.0,-544.0
458885.03,359710.2,140.0,-544.0
459094.9,359710.2,128.0,-544.0
459304.75,359710.2,128.0,-544.0
459514.62,359710.2,128.0,-544.0
459724.47,359710.2,128.0,-544.0
459934.34,359710.2,128.0,-544.0
460144.22,359710.2,128.0,-544.0
418381.47,359912.8,,
418591.34,359912.8,,
418801.2,359912.8,,
419011.06,359912.8,,
419220.94,359912.8,,
419430.78,359912.8,,
419640.66,359912.8,,
419850.5,359912.8,,
420060.38,359912.8,,
420270.25,359912.8,,
420480.1,359912.8,,
420689.97,359912.8,,
420899.84,359912.8,,
421109.7,359912.8,,
421319.56,359912.8,,
421529.4,359912.8,,
421739.28,359912.8,,
421949.16,359912.8,,
422159.0,359912.8,,
422368.88,359912.8,,
422578.72,359912.8,,
422788.6,359912.8,,
422998.47,359912.8,,
423208.3,359912.8,,
423418.2,359912.8,,
423628.06,359912.8,,
423837.9,359912.8,,
424047.78,359912.8,,
424257.62,359912.8,,
424467.5,359912.8,,
424677.38,359912.8,,
424887.22,359912.8,,
425097.1,359912.8,,
425306.94,359912.8,,
425516.8,359912.8,,
425726.7,359912.8,,
425936.53,359912.8,164.0,8.0
426146.4,359912.8,164.0,8.0
426356.28,359912.8,164.0,8.0
426566.12,359912.8,164.0,8.0
426776.0,359912.8,164.0,8.0
426985.84,359912.8,164.0,8.0
427195.72,359912.8,164.0,8.0
427405.6,359912.8,164.0,-4.0
427615.44,359912.8,164.0,-4.0
427825.3,359912.8,164.0,-4.0
428035.16,359912.8,164.0,-4.0
428245.03,359912.8,164.0,-4.0
428454.9,359912.8,164.0,-4.0
428664.75,359912.8,164.0,-4.0
428874.62,359912.8,164.0,-16.0
429084.5,359912.8,176.0,-16.0
429294.34,359912.8,176.0,-16.0
429504.22,359912.8,176.0,-16.0
429714.06,359912.8,176.0,-16.0
429923.94,359912.8,176.0,-16.0
430133.8,359912.8,176.0,-16.0
430343.66,359912.8,176.0,-16.0
430553.53,359912.8,176.0,-16.0
430763.38,359912.8,128.0,-124.0
430973.25,359912.8,128.0,-124.0
431183.12,359912.8,128.0,-124.0
431392.97,359912.8,140.0,-124.0
431602.84,359912.8,140.0,-136.0
431812.72,359912.8,140.0,-136.0
432022.56,359912.8,140.0,-136.0
432232.44,359912.8,,
432442.28,359912.8,,
432652.16,359912.8,,
432862.03,359912.8,,
433071.88,359912.8,,
433281.75,359912.8,,
433491.6,359912.8,,
433701.47,359912.8,,
433911.34,359912.8,,
434121.2,359912.8,,
434331.06,359912.8,,
434540.94,359912.8,,
434750.78,359912.8,,
434960.66,359912.8,,
435170.5,359912.8,,
435380.38,359912.8,,
435590.25,359912.8,,
435800.1,359912.8,,
436009.97,359912.8,,
436219.8,359912.8,,
436429.7,359912.8,,
436639.56,359912.8,,
436849.4,359912.8,,
437059.28,359912.8,,
437269.16,359912.8,,
437479.0,359912.8,,
437688.88,359912.8,,
437898.72,359912.8,,
438108.6,359912.8,,
438318.47,359912.8,,
438528.3,359912.8,,
438738.2,359912.8,164.0,-4.0
438948.03,359912.8,164.0,-4.0
439157.9,359912.8,164.0,-4.0
439367.78,359912.8,176.0,-4.0
439577.62,359912.8,176.0,-4.0
439787.5,359912.8,176.0,-4.0
439997.38,359912.8,236.0,-208.0
440207.22,359912.8,236.0,-208.0
440417.1,359912.8,236.0,-208.0
440626.94,359912.8,236.0,-208.0
440836.8,359912.8,236.0,-208.0
441046.7,359912.8,236.0,-196.0
441256.53,359912.8,236.0,-196.0
441466.4,359912.8,248.0,-244.0
441676.25,359912.8,212.0,-268.0
441886.12,359912.8,212.0,-268.0
442096.0,359912.8,212.0,-268.0
442305.84,359912.8,212.0,-268.0
442515.72,359912.8,212.0,-268.0
442725.6,359912.8,212.0,-268.0
442935.44,359912.8,212.0,-268.0
443145.3,359912.8,212.0,-268.0
443355.16,359912.8,212.0,-268.0
443565.03,359912.8,248.0,-232.0
443774.9,359912.8,248.0,-232.0
443984.75,359912.8,248.0,-232.0
444194.62,359912.8,248.0,-232.0
444404.47,359912.8,248.0,-232.0
444614.34,359912.8,248.0,-232.0
444824.22,359912.8,248.0,-232.0
445034.06,359912.8,248.0,-232.0
445243.94,359912.8,248.0,-232.0
445453.8,359912.8,248.0,-232.0
445663.66,359912.8,248.0,-268.0
445873.53,359912.8,248.0,-268.0
446083.38,359912.8,248.0,-268.0
446293.25,359912.8,248.0,-268.0
446503.12,359912.8,248.0,-376.0
446712.97,359912.8,248.0,-376.0
446922.84,359912.8,248.0,-376.0
447132.7,359912.8,248.0,-376.0
447342.56,359912.8,248.0,-376.0
447552.44,359912.8,248.0,-376.0
447762.28,359912.8,248.0,-376.0
447972.16,359912.8,248.0,-376.0
448182.03,359912.8,248.0,-376.0
448391.88,359912.8,164.0,-352.0
448601.75,359912.8,164.0,-352.0
448811.6,359912.8,164.0,-352.0
449021.47,359912.8,164.0,-352.0
449231.34,359912.8,164.0,-352.0
449441.2,359912.8,152.0,-352.0
449651.06,359912.8,152.0,-352.0
449860.9,359912.8,152.0,-352.0
450070.78,359912.8,152.0,-352.0
450280.66,359912.8,152.0,-352.0
450490.5,359912.8,152.0,-352.0
450700.38,359912.8,116.0,-436.0
450910.25,359912.8,116.0,-436.0
451120.1,359912.8,116.0,-436.0
451329.97,359912.8,116.0,-436.0
451539.8,359912.8,116.0,-436.0
451749.7,359912.8,116.0,-436.0
451959.56,359912.8,116.0,-712.0
452169.4,359912.8,116.0,-712.0
452379.28,359912.8,116.0,-712.0
452589.12,359912.8,116.0,-712.0
452799.0,359912.8,176.0,-556.0
453008.88,359912.8,176.0,-556.0
453218.72,359912.8,176.0,-556.0
453428.6,359912.8,176.0,-556.0
453638.47,359912.8,176.0,-556.0
453848.3,359912.8,164.0,-556.0
454058.2,359912.8,164.0,-556.0
454268.03,359912.8,164.0,-556.0
454477.9,359912.8,164.0,-556.0
454687.78,359912.8,164.0,-556.0
454897.62,359912.8,200.0,-676.0
455107.5,359912.8,200.0,-688.0
455317.34,359912.8,200.0,-688.0
455527.22,359912.8,200.0,-688.0
455737.1,359912.8,152.0,-688.0
455946.94,359912.8,152.0,-148.0
456156.8,359912.8,152.0,-148.0
456366.7,359912.8,152.0,-148.0
456576.53,359912.8,152.0,-148.0
456786.4,359912.8,152.0,-148.0
456996.25,359912.8,152.0,-148.0
457206.12,359912.8,140.0,-544.0
457416.0,359912.8,140.0,-544.0
457625.84,359912.8,140.0,-544.0
457835.72,359912.8,140.0,-544.0
458045.6,359912.8,140.0,-544.0
458255.44,359912.8,140.0,-544.0
458465.3,359912.8,140.0,-544.0
458675.16,359912.8,140.0,-544.0
458885.03,359912.8,140.0,-544.0
459094.9,359912.8,128.0,-544.0
459304.75,359912.8,128.0,-544.0
459514.62,359912.8,128.0,-544.0
459724.47,359912.8,128.0,-544.0
459934.34,359912.8,128.0,-544.0
460144.22,359912.8,128.0,-544.0
418381.47,360115.4,,
418591.34,360115.4,,
418801.2,360115.4,,
419011.06,360115.4,,
419220.94,360115.4,,
419430.78,360115.4,,
419640.66,360115.4,,
419850.5,360115.4,,
420060.38,360115.4,,
420270.25,360115.4,,
420480.1,360115.4,,
420689.97,360115.4,,
420899.84,360115.4,,
421109.7,360115.4,,
421319.56,360115.4,,
421529.4,360115.4,,
421739.28,360115.4,,
421949.16,360115.4,,
422159.0,360115.4,,
422368.88,360115.4,,
422578.72,360115.4,,
422788.6,360115.4,,
422998.47,360115.4,,
423208.3,360115.4,,
423418.2,360115.4,,
423628.06,360115.4,,
423837.9,360115.4,,
424047.78,360115.4,,
424257.62,360115.4,,
424467.5,360115.4,,
424677.38,360115.4,,
424887.22,360115.4,,
425097.1,360115.4,,
425306.94,360115.4,,
425516.8,360115.4,,
425726.7,360115.4,164.0,20.0
425936.53,360115.4,152.0,20.0
426146.4,360115.4,164.0,20.0
426356.28,360115.4,164.0,8.0
426566.12,360115.4,164.0,8.0
426776.0,360115.4,164.0,8.0
426985.84,360115.4,164.0,8.0
427195.72,360115.4,164.0,8.0
427405.6,360115.4,164.0,8.0
427615.44,360115.4,164.0,8.0
427825.3,360115.4,164.0,8.0
428035.16,360115.4,164.0,8.0
428245.03,360115.4,164.0,-4.0
428454.9,360115.4,164.0,-4.0
428664.75,360115.4,164.0,-4.0
428874.62,360115.4,164.0,-4.0
429084.5,360115.4,164.0,-4.0
429294.34,360115.4,164.0,-4.0
429504.22,360115.4,176.0,-4.0
429714.06,360115.4,176.0,-16.0
429923.94,360115.4,176.0,-16.0
430133.8,360115.4,176.0,-16.0
430343.66,360115.4,176.0,-16.0
430553.53,360115.4,176.0,-16.0
430763.38,360115.4,128.0,-124.0
430973.25,360115.4,128.0,-124.0
431183.12,360115.4,128.0,-124.0
431392.97,360115.4,128.0,-124.0
431602.84,360115.4,128.0,-124.0
431812.72,360115.4,,
432022.56,360115.4,,
432232.44,360115.4,,
432442.28,360115.4,,
432652.16,360115.4,,
432862.03,360115.4,,
433071.88,360115.4,,
433281.75,360115.4,,
433491.6,360115.4,,
433701.47,360115.4,,
433911.34,360115.4,,
434121.2,360115.4,,
434331.06,360115.4,,
434540.94,360115.4,,
434750.78,360115.4,,
434960.66,360115.4,,
435170.5,360115.4,,
435380.38,360115.4,,
435590.25,360115.4,,
435800.1,360115.4,,
436009.97,360115.4,,
436219.8,360115.4,,
436429.7,360115.4,,
436639.56,360115.4,,
436849.4,360115.4,,
437059.28,360115.4,,
437269.16,360115.4,,
437479.0,360115.4,,
437688.88,360115.4,,
437898.72,360115.4,,
438108.6,360115.4,,
438318.47,360115.4,,
438528.3,360115.4,,
438738.2,360115.4,,
438948.03,360115.4,164.0,-4.0
439157.9,360115.4,164.0,-4.0
439367.78,360115.4,164.0,-4.0
439577.62,360115.4,164.0,-4.0
439787.5,360115.4,176.0,-4.0
439997.38,360115.4,236.0,-208.0
440207.22,360115.4,236.0,-208.0
440417.1,360115.4,236.0,-196.0
440626.94,360115.4,236.0,-196.0
440836.8,360115.4,236.0,-196.0
441046.7,360115.4,236.0,-196.0
441256.53,360115.4,236.0,-196.0
441466.4,360115.4,212.0,-268.0
441676.25,360115.4,212.0,-268.0
441886.12,360115.4,212.0,-268.0
442096.0,360115.4,212.0,-268.0
442305.84,360115.4,212.0,-268.0
442515.72,360115.4,212.0,-268.0
442725.6,360115.4,212.0,-268.0
442935.44,360115.4,212.0,-268.0
443145.3,360115.4,212.0,-268.0
443355.16,360115.4,212.0,-268.0
443565.03,360115.4,224.0,-256.0
443774.9,360115.4,224.0,-256.0
443984.75,360115.4,248.0,-232.0
444194.62,360115.4,248.0,-220.0
444404.47,360115.4,248.0,-220.0
444614.34,360115.4,248.0,-220.0
444824.22,360115.4,248.0,-220.0
445034.06,360115.4,248.0,-220.0
445243.94,360115.4,248.0,-232.0
445453.8,360115.4,248.0,-232.0
445663.66,360115.4,248.0,-268.0
445873.53,360115.4,248.0,-268.0
446083.38,360115.4,248.0,-268.0
446293.25,360115.4,248.0,-376.0
446503.12,360115.4,248.0,-376.0
446712.97,360115.4,248.0,-376.0
446922.84,360115.4,248.0,-376.0
447132.7,360115.4,248.0,-376.0
447342.56,360115.4,248.0,-376.0
447552.44,360115.4,248.0,-376.0
447762.28,360115.4,248.0,-376.0
447972.16,360115.4,248.0,-376.0
448182.03,360115.4,248.0,-376.0
448391.88,360115.4,164.0,-352.0
448601.75,360115.4,164.0,-352.0
448811.6,360115.4,164.0,-352.0
449021.47,360115.4,164.0,-352.0
449231.34,360115.4,164.0,-352.0
449441.2,360115.4,164.0,-352.0
449651.06,360115.4,152.0,-352.0
449860.9,360115.4,152.0,-352.0
450070.78,360115.4,152.0,-352.0
450280.66,360115.4,152.0,-352.0
450490.5,360115.4,152.0,-352.0
450700.38,360115.4,116.0,-436.0
450910.25,360115.4,116.0,-436.0
451120.1,360115.4,116.0,-436.0
451329.97,360115.4,116.0,-436.0
451539.8,360115.4,116.0,-436.0
451749.7,360115.4,116.0,-436.0
451959.56,360115.4,116.0,-436.0
452169.4,360115.4,116.0,-712.0
452379.28,360115.4,116.0,-712.0
452589.12,360115.4,176.0,-556.0
452799.0,360115.4,176.0,-556.0
453008.88,360115.4,176.0,-556.0
453218.72,360115.4,176.0,-556.0
453428.6,360115.4,176.0,-556.0
453638.47,360115.4,176.0,-556.0
453848.3,360115.4,176.0,-556.0
454058.2,360115.4,164.0,-556.0
454268.03,360115.4,164.0,-556.0
454477.9,360115.4,164.0,-556.0
454687.78,360115.4,200.0,-676.0
454897.62,360115.4,200.0,-688.0
455107.5,360115.4,200.0,-688.0
455317.34,360115.4,200.0,-688.0
455527.22,360115.4,200.0,-688.0
455737.1,360115.4,200.0,-688.0
455946.94,360115.4,200.0,-688.0
456156.8,360115.4,200.0,-688.0
456366.7,360115.4,200.0,-688.0
456576.53,360115.4,152.0,-688.0
456786.4,360115.4,152.0,-148.0
456996.25,360115.4,152.0,-148.0
457206.12,360115.4,152.0,-148.0
457416.0,360115.4,140.0,-544.0
457625.84,360115.4,140.0,-544.0
457835.72,360115.4,140.0,-544.0
458045.6,360115.4,140.0,-544.0
458255.44,360115.4,140.0,-544.0
458465.3,360115.4,140.0,-544.0
458675.16,360115.4,140.0,-544.0
458885.03,360115.4,140.0,-544.0
459094.9,360115.4,128.0,-544.0
459304.75,360115.4,128.0,-544.0
459514.62,360115.4,128.0,-544.0
459724.47,360115.4,128.0,-544.0
459934.34,360115.4,128.0,-544.0
460144.22,360115.4,128.0,-544.0
418381.47,360318.03,,
418591.34,360318.03,,
418801.2,360318.03,,
419011.06,360318.03,,
419220.94,360318.03,,
419430.78,360318.03,,
419640.66,360318.03,,
419850.5,360318.03,,
420060.38,360318.03,,
420270.25,360318.03,,
420480.1,360318.03,,
420689.97,360318.03,,
420899.84,360318.03,,
421109.7,360318.03,,
421319.56,360318.03,,
421529.4,360318.03,,
421739.28,360318.03,,
421949.16,360318.03,,
422159.0,360318.03,,
422368.88,360318.03,,
422578.72,360318.03,,
422788.6,360318.03,,
422998.47,360318.03,,
423208.3,360318.03,,
423418.2,360318.03,,
423628.06,360318.03,,
423837.9,360318.03,,
424047.78,360318.03,,
424257.62,360318.03,,
424467.5,360318.03,,
424677.38,360318.03,,
424887.22,360318.03,,
425097.1,360318.03,,
425306.94,360318.03,,
425516.8,360318.03,152.0,20.0
425726.7,360318.03,152.0,20.0
425936.53,360318.03,152.0,20.0
426146.4,360318.03,152.0,20.0
426356.28,360318.03,152.0,20.0
426566.12,360318.03,152.0,20.0
426776.0,360318.03,152.0,20.0
426985.84,360318.03,152.0,20.0
427195.72,360318.03,152.0,8.0
427405.6,360318.03,152.0,8.0
427615.44,360318.03,164.0,8.0
427825.3,360318.03,164.0,8.0
428035.16,360318.03,164.0,8.0
428245.03,360318.03,164.0,8.0
428454.9,360318.03,164.0,8.0
428664.75,360318.03,164.0,8.0
428874.62,360318.03,164.0,8.0
429084.5,360318.03,164.0,-4.0
429294.34,360318.03,164.0,-4.0
429504.22,360318.03,164.0,-4.0
429714.06,360318.03,176.0,-4.0
429923.94,360318.03,176.0,-4.0
430133.8,360318.03,176.0,-4.0
430343.66,360318.03,176.0,-4.0
430553.53,360318.03,128.0,-112.0
430763.38,360318.03,128.0,-112.0
430973.25,360318.03,128.0,-124.0
431183.12,360318.03,128.0,-124.0
431392.97,360318.03,,
431602.84,360318.03,,
431812.72,360318.03,,
432022.56,360318.03,,
432232.44,360318.03,,
432442.28,360318.03,,
432652.16,360318.03,,
432862.03,360318.03,,
433071.88,360318.03,,
433281.75,360318.03,,
433491.6,360318.03,,
433701.47,360318.03,,
433911.34,360318.03,,
434121.2,360318.03,,
434331.06,360318.03,,
434540.94,360318.03,,
434750.78,360318.03,,
434960.66,360318.03,,
435170.5,360318.03,,
435380.38,360318.03,,
435590.25,360318.03,,
435800.1,360318.03,,
436009.97,360318.03,,
436219.8,360318.03,,
436429.7,360318.03,,
436639.56,360318.03,,
436849.4,360318.03,,
437059.28,360318.03,,
437269.16,360318.03,,
437479.0,360318.03,,
437688.88,360318.03,,
437898.72,360318.03,,
438108.6,360318.03,,
438318.47,360318.03,,
438528.3,360318.03,,
438738.2,360318.03,,
438948.03,360318.03,,
439157.9,360318.03,,
439367.78,360318.03,164.0,-4.0
439577.62,360318.03,164.0,-4.0
439787.5,360318.03,164.0,-4.0
439997.38,360318.03,236.0,-196.0
440207.22,360318.03,236.0,-196.0
440417.1,360318.03,236.0,-196.0
440626.94,360318.03,236.0,-196.0
440836.8,360318.03,236.0,-196.0
441046.7,360318.03,236.0,-196.0
441256.53,360318.03,236.0,-196.0
441466.4,360318.03,212.0,-268.0
441676.25,360318.03,212.0,-268.0
441886.12,360318.03,212.0,-268.0
442096.0,360318.03,212.0,-268.0
442305.84,360318.03,212.0,-268.0
442515.72,360318.03,212.0,-268.0
442725.6,360318.03,212.0,-268.0
442935.44,360318.03,212.0,-268.0
443145.3,360318.03,212.0,-268.0
443355.16,360318.03,212.0,-268.0
443565.03,360318.03,224.0,-256.0
443774.9,360318.03,224.0,-256.0
443984.75,360318.03,224.0,-256.0
444194.62,360318.03,224.0,-256.0
444404.47,360318.03,248.0,-220.0
444614.34,360318.03,248.0,-220.0
444824.22,360318.03,248.0,-220.0
445034.06,360318.03,248.0,-220.0
445243.94,360318.03,248.0,-220.0
445453.8,360318.03,248.0,-220.0
445663.66,360318.03,248.0,-220.0
445873.53,360318.03,248.0,-268.0
446083.38,360318.03,248.0,-364.0
446293.25,360318.03,248.0,-364.0
446503.12,360318.03,248.0,-376.0
446712.97,360318.03,248.0,-364.0
446922.84,360318.03,248.0,-364.0
447132.7,360318.03,248.0,-376.0
447342.56,360318.03,248.0,-376.0
447552.44,360318.03,248.0,-376.0
447762.28,360318.03,248.0,-376.0
447972.16,360318.03,248.0,-376.0
448182.03,360318.03,248.0,-376.0
448391.88,360318.03,212.0,-400.0
448601.75,360318.03,212.0,-400.0
448811.6,360318.03,164.0,-352.0
449021.47,360318.03,164.0,-352.0
449231.34,360318.03,164.0,-352.0
449441.2,360318.03,164.0,-352.0
449651.06,360318.03,164.0,-352.0
449860.9,360318.03,152.0,-352.0
450070.78,360318.03,152.0,-352.0
450280.66,360318.03,152.0,-352.0
450490.5,360318.03,116.0,-436.0
450700.38,360318.03,116.0,-436.0
450910.25,360318.03,116.0,-436.0
451120.1,360318.03,116.0,-436.0
451329.97,360318.03,116.0,-436.0
451539.8,360318.03,116.0,-436.0
451749.7,360318.03,116.0,-436.0
451959.56,360318.03,116.0,-436.0
452169.4,360318.03,116.0,-424.0
452379.28,360318.03,116.0,-712.0
452589.12,360318.03,176.0,-556.0
452799.0,360318.03,176.0,-556.0
453008.88,360318.03,176.0,-556.0
453218.72,360318.03,176.0,-556.0
453428.6,360318.03,176.0,-556.0
453638.47,360318.03,176.0,-556.0
453848.3,360318.03,176.0,-556.0
454058.2,360318.03,164.0,-556.0
454268.03,360318.03,164.0,-556.0
454477.9,360318.03,212.0,-676.0
454687.78,360318.03,200.0,-688.0
454897.62,360318.03,200.0,-688.0
455107.5,360318.03,200.0,-688.0
455317.34,360318.03,200.0,-688.0
455527.22,360318.03,200.0,-688.0
455737.1,360318.03,200.0,-688.0
455946.94,360318.03,200.0,-688.0
456156.8,360318.03,200.0,-688.0
456366.7,360318.03,200.0,-688.0
456576.53,360318.03,200.0,-688.0
456786.4,360318.03,200.0,-688.0
456996.25,360318.03,188.0,-688.0
457206.12,360318.03,188.0,-688.0
457416.0,360318.03,152.0,-688.0
457625.84,360318.03,140.0,-544.0
457835.72,360318.03,140.0,-544.0
458045.6,360318.03,140.0,-544.0
458255.44,360318.03,140.0,-544.0
458465.3,360318.03,140.0,-544.0
458675.16,360318.03,140.0,-544.0
458885.03,360318.03,140.0,-544.0
459094.9,360318.03,140.0,-544.0
459304.75,360318.03,128.0,-544.0
459514.62,360318.03,128.0,-544.0
459724.47,360318.03,128.0,-544.0
459934.34,360318.03,128.0,-544.0
460144.22,360318.03,128.0,-544.0
418381.47,360520.66,,
418591.34,360520.66,,
418801.2,360520.66,,
419011.06,360520.66,,
419220.94,360520.66,,
419430.78,360520.66,,
419640.66,360520.66,,
419850.5,360520.66,,
420060.38,360520.66,,
420270.25,360520.66,,
420480.1,360520.66,,
420689.97,360520.66,,
420899.84,360520.66,,
421109.7,360520.66,,
421319.56,360520.66,,
421529.4,360520.66,,
421739.28,360520.66,,
421949.16,360520.66,,
422159.0,360520.66,,
422368.88,360520.66,,
422578.72,360520.66,,
422788.6,360520.66,,
422998.47,360520.66,,
423208.3,360520.66,,
423418.2,360520.66,,
423628.06,360520.66,,
423837.9,360520.66,,
424047.78,360520.66,,
424257.62,360520.66,,
424467.5,360520.66,,
424677.38,360520.66,,
424887.22,360520.66,,
425097.1,360520.66,,
425306.94,360520.66,152.0,32.0
425516.8,360520.66,152.0,32.0
425726.7,360520.66,152.0,32.0
425936.53,360520.66,152.0,20.0
426146.4,360520.66,152.0,20.0
426356.28,360520.66,152.0,20.0
426566.12,360520.66,152.0,20.0
426776.0,360520.66,152.0,20.0
426985.84,360520.66,152.0,20.0
427195.72,360520.66,152.0,20.0
427405.6,360520.66,152.0,20.0
427615.44,360520.66,152.0,20.0
427825.3,360520.66,152.0,8.0
428035.16,360520.66,152.0,8.0
428245.03,360520.66,164.0,8.0
428454.9,360520.66,164.0,8.0
428664.75,360520.66,164.0,8.0
428874.62,360520.66,164.0,8.0
429084.5,360520.66,164.0,8.0
429294.34,360520.66,164.0,8.0
429504.22,360520.66,164.0,8.0
429714.06,360520.66,164.0,8.0
429923.94,360520.66,176.0,8.0
430133.8,360520.66,176.0,8.0
430343.66,360520.66,116.0,-100.0
430553.53,360520.66,128.0,-112.0
430763.38,360520.66,128.0,-112.0
430973.25,360520.66,,
431183.12,360520.66,,
431392.97,360520.66,,
431602.84,360520.66,,
431812.72,360520.66,,
432022.56,360520.66,,
432232.44,360520.66,,
432442.28,360520.66,,
432652.16,360520.66,,
432862.03,360520.66,,
433071.88,360520.66,,
433281.75,360520.66,,
433491.6,360520.66,,
433701.47,360520.66,,
433911.34,360520.66,,
434121.2,360520.66,,
434331.06,360520.66,,
434540.94,360520.66,,
434750.78,360520.66,,
434960.66,360520.66,,
435170.5,360520.66,,
435380.38,360520.66,,
435590.25,360520.66,,
435800.1,360520.66,,
436009.97,360520.66,,
436219.8,360520.66,,
436429.7,360520.66,,
436639.56,360520.66,,
436849.4,360520.66,,
437059.28,360520.66,,
437269.16,360520.66,,
437479.0,360520.66,,
437688.88,360520.66,,
437898.72,360520.66,,
438108.6,360520.66,,
438318.47,360520.66,,
438528.3,360520.66,,
438738.2,360520.66,,
438948.03,360520.66,,
439157.9,360520.66,,
439367.78,360520.66,,
439577.62,360520.66,,
439787.5,360520.66,164.0,8.0
439997.38,360520.66,224.0,-196.0
440207.22,360520.66,224.0,-196.0
440417.1,360520.66,236.0,-196.0
440626.94,360520.66,236.0,-196.0
440836.8,360520.66,236.0,-196.0
441046.7,360520.66,236.0,-196.0
441256.53,360520.66,212.0,-268.0
441466.4,360520.66,212.0,-268.0
441676.25,360520.66,212.0,-268.0
441886.12,360520.66,212.0,-268.0
442096.0,360520.66,212.0,-268.0
442305.84,360520.66,212.0,-268.0
442515.72,360520.66,212.0,-268.0
442725.6,360520.66,212.0,-268.0
442935.44,360520.66,212.0,-268.0
443145.3,360520.66,212.0,-268.0
443355.16,360520.66,212.0,-268.0
443565.03,360520.66,224.0,-256.0
443774.9,360520.66,224.0,-256.0
443984.75,360520.66,224.0,-256.0
444194.62,360520.66,224.0,-256.0
444404.47,360520.66,224.0,-256.0
444614.34,360520.66,224.0,-256.0
444824.22,360520.66,248.0,-220.0
445034.06,360520.66,248.0,-220.0
445243.94,360520.66,248.0,-220.0
445453.8,360520.66,248.0,-220.0
445663.66,360520.66,248.0,-232.0
445873.53,360520.66,248.0,-364.0
446083.38,360520.66,248.0,-364.0
446293.25,360520.66,248.0,-364.0
446503.12,360520.66,248.0,-364.0
446712.97,360520.66,248.0,-364.0
446922.84,360520.66,248.0,-376.0
447132.7,360520.66,248.0,-376.0
447342.56,360520.66,248.0,-376.0
447552.44,360520.66,248.0,-376.0
447762.28,360520.66,248.0,-376.0
447972.16,360520.66,248.0,-376.0
448182.03,360520.66,212.0,-400.0
448391.88,360520.66,212.0,-400.0
448601.75,360520.66,212.0,-400.0
448811.6,360520.66,212.0,-400.0
449021.47,360520.66,164.0,-352.0
449231.34,360520.66,164.0,-352.0
449441.2,360520.66,164.0,-352.0
449651.06,360520.66,164.0,-352.0
449860.9,360520.66,164.0,-352.0
450070.78,360520.66,152.0,-352.0
450280.66,360520.66,152.0,-352.0
450490.5,360520.66,128.0,-436.0
450700.38,360520.66,116.0,-436.0
450910.25,360520.66,116.0,-436.0
451120.1,360520.66,116.0,-436.0
451329.97,360520.66,116.0,-436.0
451539.8,360520.66,116.0,-436.0
451749.7,360520.66,116.0,-436.0
451959.56,360520.66,116.0,-436.0
452169.4,360520.66,116.0,-436.0
452379.28,360520.66,116.0,-424.0
452589.12,360520.66,176.0,-556.0
452799.0,360520.66,176.0,-556.0
453008.88,360520.66,176.0,-556.0
453218.72,360520.66,176.0,-556.0
453428.6,360520.66,176.0,-556.0
453638.47,360520.66,176.0,-556.0
453848.3,360520.66,176.0,-556.0
454058.2,360520.66,164.0,-556.0
454268.03,360520.66,212.0,-676.0
454477.9,360520.66,212.0,-688.0
454687.78,360520.66,200.0,-688.0
454897.62,360520.66,200.0,-688.0
455107.5,360520.66,200.0,-688.0
455317.34,360520.66,200.0,-688.0
455527.22,360520.66,200.0,-688.0
455737.1,360520.66,200.0,-688.0
455946.94,360520.66,200.0,-688.0
456156.8,360520.66,200.0,-688.0
456366.7,360520.66,200.0,-688.0
456576.53,360520.66,200.0,-688.0
456786.4,360520.66,200.0,-688.0
456996.25,360520.66,188.0,-688.0
457206.12,360520.66,188.0,-688.0
457416.0,360520.66,188.0,-688.0
457625.84,360520.66,188.0,-688.0
457835.72,360520.66,188.0,-688.0
458045.6,360520.66,140.0,-544.0
458255.44,360520.66,140.0,-544.0
458465.3,360520.66,140.0,-544.0
458675.16,360520.66,140.0,-544.0
458885.03,360520.66,140.0,-544.0
459094.9,360520.66,140.0,-544.0
459304.75,360520.66,128.0,-544.0
459514.62,360520.66,128.0,-544.0
459724.47,360520.66,128.0,-544.0
459934.34,360520.66,128.0,-544.0
460144.22,360520.66,128.0,-544.0
418381.47,360723.28,,
418591.34,360723.28,,
418801.2,360723.28,,
419011.06,360723.28,,
419220.94,360723.28,,
419430.78,360723.28,,
419640.66,360723.28,,
419850.5,360723.28,,
420060.38,360723.28,,
420270.25,360723.28,,
420480.1,360723.28,,
420689.97,360723.28,,
420899.84,360723.28,,
421109.7,360723.28,,
421319.56,360723.28,,
421529.4,360723.28,,
421739.28,360723.28,,
421949.16,360723.28,,
422159.0,360723.28,,
422368.88,360723.28,,
422578.72,360723.28,,
422788.6,360723.28,,
422998.47,360723.28,,
423208.3,360723.28,,
423418.2,360723.28,,
423628.06,360723.28,,
423837.9,360723.28,,
424047.78,360723.28,,
424257.62,360723.28,,
424467.5,360723.28,,
424677.38,360723.28,,
424887.22,360723.28,,
425097.1,360723.28,152.0,32.0
425306.94,360723.28,152.0,32.0
425516.8,360723.28,152.0,32.0
425726.7,360723.28,152.0,32.0
425936.53,360723.28,152.0,32.0
426146.4,360723.28,152.0,32.0
426356.28,360723.28,152.0,32.0
426566.12,360723.28,152.0,32.0
426776.0,360723.28,152.0,20.0
426985.84,360723.28,152.0,20.0
427195.72,360723.28,152.0,20.0
427405.6,360723.28,152.0,20.0
427615.44,360723.28,152.0,20.0
427825.3,360723.28,152.0,20.0
428035.16,360723.28,152.0,20.0
428245.03,360723.28,152.0,20.0
428454.9,360723.28,152.0,20.0
428664.75,360723.28,164.0,20.0
428874.62,360723.28,164.0,20.0
429084.5,360723.28,164.0,8.0
429294.34,360723.28,164.0,8.0
429504.22,360723.28,164.0,8.0
429714.06,360723.28,164.0,8.0
429923.94,360723.28,164.0,8.0
430133.8,360723.28,164.0,8.0
430343.66,360723.28,116.0,-100.0
430553.53,360723.28,,
430763.38,360723.28,,
430973.25,360723.28,,
431183.12,360723.28,,
431392.97,360723.28,,
431602.84,360723.28,,
431812.72,360723.28,,
432022.56,360723.28,,
432232.44,360723.28,,
432442.28,360723.28,,
432652.16,360723.28,,
432862.03,360723.28,,
433071.88,360723.28,,
433281.75,360723.28,,
433491.6,360723.28,,
433701.47,360723.28,,
433911.34,360723.28,,
434121.2,360723.28,,
434331.06,360723.28,,
434540.94,360723.28,,
434750.78,360723.28,,
434960.66,360723.28,,
435170.5,360723.28,,
435380.38,360723.28,,
435590.25,360723.28,,
435800.1,360723.28,,
436009.97,360723.28,,
436219.8,360723.28,,
436429.7,360723.28,,
436639.56,360723.28,,
436849.4,360723.28,,
437059.28,360723.28,,
437269.16,360723.28,,
437479.0,360723.28,,
437688.88,360723.28,,
437898.72,360723.28,,
438108.6,360723.28,,
438318.47,360723.28,,
438528.3,360723.28,,
438738.2,360723.28,,
438948.03,360723.28,,
439157.9,360723.28,,
439367.78,360723.28,,
439577.62,360723.28,,
439787.5,360723.28,,
439997.38,360723.28,224.0,-196.0
440207.22,360723.28,224.0,-196.0
440417.1,360723.28,224.0,-196.0
440626.94,360723.28,224.0,-196.0
440836.8,360723.28,224.0,-196.0
441046.7,360723.28,212.0,-268.0
441256.53,360723.28,212.0,-268.0
441466.4,360723.28,212.0,-268.0
441676.25,360723.28,212.0,-268.0
441886.12,360723.28,212.0,-268.0
442096.0,360723.28,212.0,-268.0
442305.84,360723.28,212.0,-268.0
442515.72,360723.28,212.0,-268.0
442725.6,360723.28,212.0,-268.0
442935.44,360723.28,212.0,-268.0
443145.3,360723.28,212.0,-268.0
443355.16,360723.28,224.0,-256.0
443565.03,360723.28,224.0,-256.0
443774.9,360723.28,224.0,-256.0
443984.75,360723.28,224.0,-256.0
444194.62,360723.28,224.0,-256.0
444404.47,360723.28,224.0,-256.0
444614.34,360723.28,224.0,-256.0
444824.22,360723.28,224.0,-256.0
445034.06,360723.28,224.0,-256.0
445243.94,360723.28,224.0,-256.0
445453.8,360723.28,248.0,-220.0
445663.66,360723.28,188.0,-364.0
445873.53,360723.28,188.0,-364.0
446083.38,360723.28,188.0,-364.0
446293.25,360723.28,248.0,-364.0
446503.12,360723.28,248.0,-364.0
446712.97,360723.28,248.0,-364.0
446922.84,360723.28,248.0,-364.0
447132.7,360723.28,248.0,-376.0
447342.56,360723.28,248.0,-364.0
447552.44,360723.28,248.0,-376.0
447762.28,360723.28,248.0,-376.0
447972.16,360723.28,236.0,-364.0
448182.03,360723.28,212.0,-400.0
448391.88,360723.28,212.0,-400.0
448601.75,360723.28,212.0,-400.0
448811.6,360723.28,212.0,-400.0
449021.47,360723.28,212.0,-400.0
449231.34,360723.28,212.0,-400.0
449441.2,360723.28,164.0,-352.0
449651.06,360723.28,164.0,-352.0
449860.9,360723.28,164.0,-352.0
450070.78,360723.28,164.0,-352.0
450280.66,360723.28,152.0,-352.0
450490.5,360723.28,128.0,-436.0
450700.38,360723.28,128.0,-436.0
450910.25,360723.28,116.0,-436.0
451120.1,360723.28,116.0,-436.0
451329.97,360723.28,116.0,-436.0
451539.8,360723.28,116.0,-436.0
451749.7,360723.28,116.0,-436.0
451959.56,360723.28,116.0,-436.0
452169.4,360723.28,116.0,-436.0
452379.28,360723.28,116.0,-436.0
452589.12,360723.28,176.0,-556.0
452799.0,360723.28,176.0,-556.0
453008.88,360723.28,176.0,-556.0
453218.72,360723.28,176.0,-556.0
453428.6,360723.28,176.0,-556.0
453638.47,360723.28,176.0,-556.0
453848.3,360723.28,176.0,-556.0
454058.2,360723.28,212.0,-676.0
454268.03,360723.28,212.0,-688.0
454477.9,360723.28,212.0,-688.0
454687.78,360723.28,212.0,-688.0
454897.62,360723.28,200.0,-688.0
455107.5,360723.28,200.0,-688.0
455317.34,360723.28,200.0,-688.0
455527.22,360723.28,200.0,-688.0
455737.1,360723.28,200.0,-688.0
455946.94,360723.28,200.0,-688.0
456156.8,360723.28,200.0,-688.0
456366.7,360723.28,200.0,-688.0
456576.53,360723.28,200.0,-688.0
456786.4,360723.28,200.0,-688.0
456996.25,360723.28,188.0,-688.0
457206.12,360723.28,188.0,-688.0
457416.0,360723.28,188.0,-688.0
457625.84,360723.28,188.0,-688.0
457835.72,360723.28,188.0,-688.0
458045.6,360723.28,188.0,-688.0
458255.44,360723.28,188.0,-688.0
458465.3,360723.28,188.0,-688.0
458675.16,360723.28,140.0,-544.0
458885.03,360723.28,140.0,-544.0
459094.9,360723.28,140.0,-544.0
459304.75,360723.28,128.0,-544.0
459514.62,360723.28,128.0,-544.0
459724.47,360723.28,128.0,-544.0
459934.34,360723.28,128.0,-544.0
460144.22,360723.28,128.0,-544.0
418381.47,360925.9,,
418591.34,360925.9,,
418801.2,360925.9,,
419011.06,360925.9,,
419220.94,360925.9,,
419430.78,360925.9,,
419640.66,360925.9,,
419850.5,360925.9,,
420060.38,360925.9,,
420270.25,360925.9,,
420480.1,360925.9,,
420689.97,360925.9,,
420899.84,360925.9,,
421109.7,360925.9,,
421319.56,360925.9,,
421529.4,360925.9,,
421739.28,360925.9,,
421949.16,360925.9,,
422159.0,360925.9,,
422368.88,360925.9,,
422578.72,360925.9,,
422788.6,360925.9,,
422998.47,360925.9,,
423208.3,360925.9,,
423418.2,360925.9,,
423628.06,360925.9,,
423837.9,360925.9,,
424047.78,360925.9,,
424257.62,360925.9,,
424467.5,360925.9,,
424677.38,360925.9,,
424887.22,360925.9,140.0,44.0
425097.1,360925.9,140.0,44.0
425306.94,360925.9,140.0,32.0
425516.8,360925.9,140.0,32.0
425726.7,360925.9,140.0,32.0
425936.53,360925.9,140.0,32.0
426146.4,360925.9,140.0,32.0
426356.28,360925.9,140.0,32.0
426566.12,360925.9,140.0,32.0
426776.0,360925.9,152.0,32.0
426985.84,360925.9,152.0,32.0
427195.72,360925.9,152.0,32.0
427405.6,360925.9,152.0,32.0
427615.44,360925.9,152.0,32.0
427825.3,360925.9,152.0,20.0
428035.16,360925.9,152.0,20.0
428245.03,360925.9,152.0,20.0
428454.9,360925.9,152.0,20.0
428664.75,360925.9,152.0,20.0
428874.62,360925.9,164.0,20.0
429084.5,360925.9,164.0,20.0
429294.34,360925.9,164.0,20.0
429504.22,360925.9,164.0,20.0
429714.06,360925.9,164.0,20.0
429923.94,360925.9,164.0,20.0
430133.8,360925.9,,
430343.66,360925.9,,
430553.53,360925.9,,
430763.38,360925.9,,
430973.25,360925.9,,
431183.12,360925.9,,
431392.97,360925.9,,
431602.84,360925.9,,
431812.72,360925.9,,
432022.56,360925.9,,
432232.44,360925.9,,
432442.28,360925.9,,
432652.16,360925.9,,
432862.03,360925.9,,
433071.88,360925.9,,
433281.75,360925.9,,
433491.6,360925.9,,
433701.47,360925.9,,
433911.34,360925.9,,
434121.2,360925.9,,
434331.06,360925.9,,
434540.94,360925.9,,
434750.78,360925.9,,
434960.66,360925.9,,
435170.5,360925.9,,
435380.38,360925.9,,
435590.25,360925.9,,
435800.1,360925.9,,
436009.97,360925.9,,
436219.8,360925.9,,
436429.7,360925.9,,
436639.56,360925.9,,
436849.4,360925.9,,
437059.28,360925.9,,
437269.16,360925.9,,
437479.0,360925.9,,
437688.88,360925.9,,
437898.72,360925.9,,
438108.6,360925.9,,
438318.47,360925.9,,
438528.3,360925.9,,
438738.2,360925.9,,
438948.03,360925.9,,
439157.9,360925.9,,
439367.78,360925.9,,
439577.62,360925.9,,
439787.5,360925.9,,
439997.38,360925.9,,
440207.22,360925.9,224.0,-196.0
440417.1,360925.9,224.0,-196.0
440626.94,360925.9,224.0,-196.0
440836.8,360925.9,224.0,-196.0
441046.7,360925.9,200.0,-268.0
441256.53,360925.9,212.0,-268.0
441466.4,360925.9,212.0,-268.0
441676.25,360925.9,212.0,-268.0
441886.12,360925.9,212.0,-268.0
442096.0,360925.9,212.0,-268.0
442305.84,360925.9,212.0,-268.0
442515.72,360925.9,212.0,-268.0
442725.6,360925.9,212.0,-268.0
442935.44,360925.9,212.0,-268.0
443145.3,360925.9,212.0,-268.0
443355.16,360925.9,224.0,-256.0
443565.03,360925.9,224.0,-256.0
443774.9,360925.9,224.0,-256.0
443984.75,360925.9,224.0,-256.0
444194.62,360925.9,224.0,-256.0
444404.47,360925.9,224.0,-256.0
444614.34,360925.9,224.0,-256.0
444824.22,360925.9,224.0,-256.0
445034.06,360925.9,224.0,-256.0
445243.94,360925.9,224.0,-256.0
445453.8,360925.9,188.0,-364.0
445663.66,360925.9,188.0,-364.0
445873.53,360925.9,188.0,-364.0
446083.38,360925.9,188.0,-364.0
446293.25,360925.9,188.0,-364.0
446503.12,360925.9,248.0,-364.0
446712.97,360925.9,248.0,-364.0
446922.84,360925.9,248.0,-364.0
447132.7,360925.9,248.0,-364.0
447342.56,360925.9,248.0,-364.0
447552.44,360925.9,236.0,-364.0
447762.28,360925.9,236.0,-364.0
447972.16,360925.9,212.0,-400.0
448182.03,360925.9,212.0,-400.0
448391.88,360925.9,212.0,-400.0
448601.75,360925.9,212.0,-400.0
448811.6,360925.9,212.0,-400.0
449021.47,360925.9,212.0,-400.0
449231.34,360925.9,200.0,-400.0
449441.2,360925.9,200.0,-400.0
449651.06,360925.9,200.0,-400.0
449860.9,360925.9,164.0,-352.0
450070.78,360925.9,164.0,-352.0
450280.66,360925.9,152.0,-352.0
450490.5,360925.9,128.0,-436.0
450700.38,360925.9,128.0,-436.0
450910.25,360925.9,116.0,-436.0
451120.1,360925.9,116.0,-436.0
451329.97,360925.9,116.0,-436.0
451539.8,360925.9,116.0,-436.0
451749.7,360925.9,116.0,-436.0
451959.56,360925.9,116.0,-436.0
452169.4,360925.9,116.0,-436.0
452379.28,360925.9,116.0,-436.0
452589.12,360925.9,116.0,-436.0
452799.0,360925.9,176.0,-556.0
453008.88,360925.9,176.0,-556.0
453218.72,360925.9,176.0,-556.0
453428.6,360925.9,176.0,-556.0
453638.47,360925.9,176.0,-556.0
453848.3,360925.9,212.0,-676.0
454058.2,360925.9,212.0,-688.0
454268.03,360925.9,212.0,-688.0
454477.9,360925.9,212.0,-688.0
454687.78,360925.9,212.0,-688.0
454897.62,360925.9,200.0,-688.0
455107.5,360925.9,200.0,-688.0
455317.34,360925.9,200.0,-688.0
455527.22,360925.9,200.0,-688.0
455737.1,360925.9,200.0,-688.0
455946.94,360925.9,200.0,-688.0
456156.8,360925.9,200.0,-688.0
456366.7,360925.9,200.0,-688.0
456576.53,360925.9,200.0,-688.0
456786.4,360925.9,200.0,-688.0
456996.25,360925.9,188.0,-688.0
457206.12,360925.9,188.0,-688.0
457416.0,360925.9,188.0,-688.0
457625.84,360925.9,188.0,-688.0
457835.72,360925.9,188.0,-688.0
458045.6,360925.9,188.0,-688.0
458255.44,360925.9,188.0,-688.0
458465.3,360925.9,188.0,-688.0
458675.16,360925.9,188.0,-688.0
458885.03,360925.9,188.0,-688.0
459094.9,360925.9,140.0,-544.0
459304.75,360925.9,128.0,-544.0
459514.62,360925.9,128.0,-544.0
459724.47,360925.9,128.0,-544.0
459934.34,360925.9,128.0,-544.0
460144.22,360925.9,128.0,-544.0
418381.47,361128.5,,
418591.34,361128.5,,
418801.2,361128.5,,
419011.06,361128.5,,
419220.94,361128.5,,
419430.78,361128.5,,
419640.66,361128.5,,
419850.5,361128.5,,
420060.38,361128.5,,
420270.25,361128.5,,
420480.1,361128.5,,
420689.97,361128.5,,
420899.84,361128.5,,
421109.7,361128.5,,
421319.56,361128.5,,
421529.4,361128.5,,
421739.28,361128.5,,
421949.16,361128.5,,
422159.0,361128.5,,
422368.88,361128.5,,
422578.72,361128.5,,
422788.6,361128.5,,
422998.47,361128.5,,
423208.3,361128.5,,
423418.2,361128.5,,
423628.06,361128.5,,
423837.9,361128.5,,
424047.78,361128.5,,
424257.62,361128.5,,
424467.5,361128.5,,
424677.38,361128.5,140.0,44.0
424887.22,361128.5,140.0,44.0
425097.1,361128.5,140.0,44.0
425306.94,361128.5,140.0,44.0
425516.8,361128.5,140.0,44.0
425726.7,361128.5,140.0,44.0
425936.53,361128.5,140.0,44.0
426146.4,361128.5,140.0,32.0
426356.28,361128.5,140.0,32.0
426566.12,361128.5,140.0,32.0
426776.0,361128.5,140.0,32.0
426985.84,361128.5,140.0,32.0
427195.72,361128.5,140.0,32.0
427405.6,361128.5,140.0,32.0
427615.44,361128.5,140.0,32.0
427825.3,361128.5,152.0,32.0
428035.16,361128.5,152.0,32.0
428245.03,361128.5,152.0,32.0
428454.9,361128.5,152.0,32.0
428664.75,361128.5,152.0,32.0
428874.62,361128.5,152.0,32.0
429084.5,361128.5,152.0,20.0
429294.34,361128.5,164.0,20.0
429504.22,361128.5,164.0,20.0
429714.06,361128.5,164.0,20.0
429923.94,361128.5,,
430133.8,361128.5,,
430343.66,361128.5,,
430553.53,361128.5,,
430763.38,361128.5,,
430973.25,361128.5,,
431183.12,361128.5,,
431392.97,361128.5,,
431602.84,361128.5,,
431812.72,361128.5,,
432022.56,361128.5,,
432232.44,361128.5,,
432442.28,361128.5,,
432652.16,361128.5,,
432862.03,361128.5,,
433071.88,361128.5,,
433281.75,361128.5,,
433491.6,361128.5,,
433701.47,361128.5,,
433911.34,361128.5,,
434121.2,361128.5,,
434331.06,361128.5,,
434540.94,361128.5,,
434750.78,361128.5,,
434960.66,361128.5,,
435170.5,361128.5,,
435380.38,361128.5,,
435590.25,361128.5,,
435800.1,361128.5,,
436009.97,361128.5,,
436219.8,361128.5,,
436429.7,361128.5,,
436639.56,361128.5,,
436849.4,361128.5,,
437059.28,361128.5,,
437269.16,361128.5,,
437479.0,361128.5,,
437688.88,361128.5,,
437898.72,361128.5,,
438108.6,361128.5,,
438318.47,361128.5,,
438528.3,361128.5,,
438738.2,361128.5,,
438948.03,361128.5,,
439157.9,361128.5,,
439367.78,361128.5,,
439577.62,361128.5,,
439787.5,361128.5,,
439997.38,361128.5,,
440207.22,361128.5,224.0,-196.0
440417.1,361128.5,224.0,-196.0
440626.94,361128.5,224.0,-196.0
440836.8,361128.5,200.0,-268.0
441046.7,361128.5,200.0,-268.0
441256.53,361128.5,200.0,-268.0
441466.4,361128.5,200.0,-268.0
441676.25,361128.5,200.0,-268.0
441886.12,361128.5,212.0,-268.0
442096.0,361128.5,212.0,-268.0
442305.84,361128.5,212.0,-268.0
442515.72,361128.5,212.0,-268.0
442725.6,361128.5,212.0,-268.0
442935.44,361128.5,212.0,-268.0
443145.3,361128.5,212.0,-268.0
443355.16,361128.5,224.0,-256.0
443565.03,361128.5,224.0,-256.0
443774.9,361128.5,224.0,-256.0
443984.75,361128.5,224.0,-256.0
444194.62,361128.5,224.0,-256.0
444404.47,361128.5,224.0,-256.0
444614.34,361128.5,224.0,-256.0
444824.22,361128.5,224.0,-256.0
445034.06,361128.5,224.0,-256.0
445243.94,361128.5,188.0,-364.0
445453.8,361128.5,188.0,-364.0
445663.66,361128.5,188.0,-364.0
445873.53,361128.5,188.0,-364.0
446083.38,361128.5,188.0,-364.0
446293.25,361128.5,188.0,-364.0
446503.12,361128.5,188.0,-364.0
446712.97,361128.5,236.0,-364.0
446922.84,361128.5,236.0,-364.0
447132.7,361128.5,236.0,-364.0
447342.56,361128.5,236.0,-364.0
447552.44,361128.5,236.0,-364.0
447762.28,361128.5,212.0,-400.0
447972.16,361128.5,212.0,-400.0
448182.03,361128.5,212.0,-400.0
448391.88,361128.5,212.0,-400.0
448601.75,361128.5,212.0,-400.0
448811.6,361128.5,212.0,-400.0
449021.47,361128.5,212.0,-400.0
449231.34,361128.5,200.0,-400.0
449441.2,361128.5,200.0,-400.0
449651.06,361128.5,200.0,-400.0
449860.9,361128.5,200.0,-400.0
450070.78,361128.5,200.0,-400.0
450280.66,361128.5,164.0,-352.0
450490.5,361128.5,128.0,-436.0
450700.38,361128.5,128.0,-436.0
450910.25,361128.5,128.0,-436.0
451120.1,361128.5,116.0,-436.0
451329.97,361128.5,116.0,-436.0
451539.8,361128.5,116.0,-436.0
451749.7,361128.5,116.0,-436.0
451959.56,361128.5,116.0,-436.0
452169.4,361128.5,116.0,-436.0
452379.28,361128.5,116.0,-436.0
452589.12,361128.5,116.0,-436.0
452799.0,361128.5,176.0,-556.0
453008.88,361128.5,176.0,-556.0
453218.72,361128.5,176.0,-556.0
453428.6,361128.5,176.0,-556.0
453638.47,361128.5,176.0,-556.0
453848.3,361128.5,212.0,-676.0
454058.2,361128.5,212.0,-688.0
454268.03,361128.5,212.0,-688.0
454477.9,361128.5,212.0,-688.0
454687.78,361128.5,212.0,-688.0
454897.62,361128.5,200.0,-688.0
455107.5,361128.5,200.0,-688.0
455317.34,361128.5,200.0,-688.0
455527.22,361128.5,200.0,-688.0
455737.1,361128.5,200.0,-688.0
455946.94,361128.5,200.0,-688.0
456156.8,361128.5,200.0,-688.0
456366.7,361128.5,200.0,-688.0
456576.53,361128.5,200.0,-688.0
456786.4,361128.5,200.0,-688.0
456996.25,361128.5,188.0,-688.0
457206.12,361128.5,188.0,-688.0
457416.0,361128.5,188.0,-688.0
457625.84,361128.5,188.0,-688.0
457835.72,361128.5,188.0,-688.0
458045.6,361128.5,188.0,-688.0
458255.44,361128.5,188.0,-688.0
458465.3,361128.5,188.0,-700.0
458675.16,361128.5,188.0,-700.0
458885.03,361128.5,188.0,-700.0
459094.9,361128.5,188.0,-700.0
459304.75,361128.5,188.0,-700.0
459514.62,361128.5,176.0,-700.0
459724.47,361128.5,128.0,-544.0
459934.34,361128.5,128.0,-544.0
460144.22,361128.5,128.0,-544.0
418381.47,361331.12,,
418591.34,361331.12,,
418801.2,361331.12,,
419011.06,361331.12,,
419220.94,361331.12,,
419430.78,361331.12,,
419640.66,361331.12,,
419850.5,361331.12,,
420060.38,361331.12,,
420270.25,361331.12,,
420480.1,361331.12,,
420689.97,361331.12,,
420899.84,361331.12,,
421109.7,361331.12,,
421319.56,361331.12,,
421529.4,361331.12,,
421739.28,361331.12,,
421949.16,361331.12,,
422159.0,361331.12,,
422368.88,361331.12,,
422578.72,361331.12,,
422788.6,361331.12,,
422998.47,361331.12,,
423208.3,361331.12,,
423418.2,361331.12,,
423628.06,361331.12,,
423837.9,361331.12,,
424047.78,361331.12,,
424257.62,361331.12,,
424467.5,361331.12,140.0,44.0
424677.38,361331.12,140.0,44.0
424887.22,361331.12,140.0,44.0
425097.1,361331.12,140.0,44.0
425306.94,361331.12,140.0,44.0
425516.8,361331.12,140.0,44.0
425726.7,361331.12,140.0,44.0
425936.53,361331.12,140.0,44.0
426146.4,361331.12,140.0,44.0
426356.28,361331.12,140.0,44.0
426566.12,361331.12,140.0,44.0
426776.0,361331.12,140.0,44.0
426985.84,361331.12,140.0,44.0
427195.72,361331.12,140.0,44.0
427405.6,361331.12,140.0,44.0
427615.44,361331.12,140.0,44.0
427825.3,361331.12,140.0,44.0
428035.16,361331.12,140.0,44.0
428245.03,361331.12,140.0,44.0
428454.9,361331.12,152.0,32.0
428664.75,361331.12,152.0,32.0
428874.62,361331.12,152.0,32.0
429084.5,361331.12,152.0,32.0
429294.34,361331.12,152.0,32.0
429504.22,361331.12,164.0,20.0
429714.06,361331.12,,
429923.94,361331.12,,
430133.8,361331.12,,
430343.66,361331.12,,
430553.53,361331.12,,
430763.38,361331.12,,
430973.25,361331.12,,
431183.12,361331.12,,
431392.97,361331.12,,
431602.84,361331.12,,
431812.72,361331.12,,
432022.56,361331.12,,
432232.44,361331.12,,
432442.28,361331.12,,
432652.16,361331.12,,
432862.03,361331.12,,
433071.88,361331.12,,
433281.75,361331.12,,
433491.6,361331.12,,
433701.47,361331.12,,
433911.34,361331.12,,
434121.2,361331.12,,
434331.06,361331.12,,
434540.94,361331.12,,
434750.78,361331.12,,
434960.66,361331.12,,
435170.5,361331.12,,
435380.38,361331.12,,
435590.25,361331.12,,
435800.1,361331.12,,
436009.97,361331.12,,
436219.8,361331.12,,
436429.7,361331.12,,
436639.56,361331.12,,
436849.4,361331.12,,
437059.28,361331.12,,
437269.16,361331.12,,
437479.0,361331.12,,
437688.88,361331.12,,
437898.72,361331.12,,
438108.6,361331.12,,
438318.47,361331.12,,
438528.3,361331.12,,
438738.2,361331.12,,
438948.03,361331.12,,
439157.9,361331.12,,
439367.78,361331.12,,
439577.62,361331.12,,
439787.5,361331.12,,
439997.38,361331.12,,
440207.22,361331.12,,
440417.1,361331.12,224.0,-196.0
440626.94,361331.12,224.0,-196.0
440836.8,361331.12,200.0,-268.0
441046.7,361331.12,200.0,-268.0
441256.53,361331.12,200.0,-268.0
441466.4,361331.12,200.0,-268.0
441676.25,361331.12,200.0,-268.0
441886.12,361331.12,200.0,-268.0
442096.0,361331.12,200.0,-268.0
442305.84,361331.12,200.0,-268.0
442515.72,361331.12,200.0,-268.0
442725.6,361331.12,200.0,-268.0
442935.44,361331.12,200.0,-268.0
443145.3,361331.12,188.0,-292.0
443355.16,361331.12,188.0,-292.0
443565.03,361331.12,200.0,-292.0
443774.9,361331.12,224.0,-256.0
443984.75,361331.12,224.0,-256.0
444194.62,361331.12,224.0,-256.0
444404.47,361331.12,224.0,-256.0
444614.34,361331.12,224.0,-256.0
444824.22,361331.12,224.0,-256.0
445034.06,361331.12,224.0,-256.0
445243.94,361331.12,188.0,-364.0
445453.8,361331.12,188.0,-364.0
445663.66,361331.12,188.0,-364.0
445873.53,361331.12,188.0,-364.0
446083.38,361331.12,188.0,-364.0
446293.25,361331.12,188.0,-364.0
446503.12,361331.12,188.0,-364.0
446712.97,361331.12,188.0,-364.0
446922.84,361331.12,188.0,-364.0
447132.7,361331.12,236.0,-364.0
447342.56,361331.12,236.0,-364.0
447552.44,361331.12,236.0,-364.0
447762.28,361331.12,212.0,-400.0
447972.16,361331.12,212.0,-400.0
448182.03,361331.12,212.0,-400.0
448391.88,361331.12,212.0,-400.0
448601.75,361331.12,212.0,-400.0
448811.6,361331.12,212.0,-400.0
449021.47,361331.12,200.0,-400.0
449231.34,361331.12,200.0,-400.0
449441.2,361331.12,200.0,-400.0
449651.06,361331.12,200.0,-400.0
449860.9,361331.12,200.0,-400.0
450070.78,361331.12,200.0,-400.0
450280.66,361331.12,164.0,-508.0
450490.5,361331.12,164.0,-508.0
450700.38,361331.12,164.0,-508.0
450910.25,361331.12,128.0,-436.0
451120.1,361331.12,128.0,-436.0
451329.97,361331.12,116.0,-436.0
451539.8,361331.12,116.0,-436.0
451749.7,361331.12,116.0,-436.0
451959.56,361331.12,116.0,-436.0
452169.4,361331.12,116.0,-436.0
452379.28,361331.12,116.0,-436.0
452589.12,361331.12,116.0,-436.0
452799.0,361331.12,176.0,-556.0
453008.88,361331.12,176.0,-556.0
453218.72,361331.12,176.0,-556.0
453428.6,361331.12,176.0,-556.0
453638.47,361331.12,212.0,-676.0
453848.3,361331.12,212.0,-688.0
454058.2,361331.12,212.0,-688.0
454268.03,361331.12,212.0,-688.0
454477.9,361331.12,212.0,-688.0
454687.78,361331.12,212.0,-688.0
454897.62,361331.12,200.0,-688.0
455107.5,361331.12,200.0,-688.0
455317.34,361331.12,200.0,-688.0
455527.22,361331.12,200.0,-688.0
455737.1,361331.12,200.0,-688.0
455946.94,361331.12,200.0,-688.0
456156.8,361331.12,200.0,-688.0
456366.7,361331.12,200.0,-688.0
456576.53,361331.12,200.0,-688.0
456786.4,361331.12,200.0,-688.0
456996.25,361331.12,188.0,-688.0
457206.12,361331.12,188.0,-688.0
457416.0,361331.12,188.0,-688.0
457625.84,361331.12,188.0,-688.0
457835.72,361331.12,188.0,-700.0
458045.6,361331.12,188.0,-700.0
458255.44,361331.12,188.0,-700.0
458465.3,361331.12,188.0,-700.0
458675.16,361331.12,188.0,-700.0
458885.03,361331.12,188.0,-700.0
459094.9,361331.12,188.0,-700.0
459304.75,361331.12,176.0,-700.0
459514.62,361331.12,176.0,-700.0
459724.47,361331.12,176.0,-700.0
459934.34,361331.12,176.0,-700.0
460144.22,361331.12,128.0,-544.0
418381.47,361533.75,,
418591.34,361533.75,,
418801.2,361533.75,,
419011.06,361533.75,,
419220.94,361533.75,,
419430.78,361533.75,,
419640.66,361533.75,,
419850.5,361533.75,,
420060.38,361533.75,,
420270.25,361533.75,,
420480.1,361533.75,,
420689.97,361533.75,,
420899.84,361533.75,,
421109.7,361533.75,,
421319.56,361533.75,,
421529.4,361533.75,,
421739.28,361533.75,,
421949.16,361533.75,,
422159.0,361533.75,,
422368.88,361533.75,,
422578.72,361533.75,,
422788.6,361533.75,,
422998.47,361533.75,,
423208.3,361533.75,,
423418.2,361533.75,,
423628.06,361533.75,,
423837.9,361533.75,,
424047.78,361533.75,,
424257.62,361533.75,,
424467.5,361533.75,140.0,44.0
424677.38,361533.75,140.0,44.0
424887.22,361533.75,140.0,44.0
425097.1,361533.75,140.0,44.0
425306.94,361533.75,140.0,44.0
425516.8,361533.75,140.0,44.0
425726.7,361533.75,140.0,44.0
425936.53,361533.75,140.0,44.0
426146.4,361533.75,140.0,44.0
426356.28,361533.75,140.0,44.0
426566.12,361533.75,140.0,44.0
426776.0,361533.75,140.0,44.0
426985.84,361533.75,140.0,44.0
427195.72,361533.75,140.0,44.0
427405.6,361533.75,140.0,44.0
427615.44,361533.75,140.0,44.0
427825.3,361533.75,140.0,44.0
428035.16,361533.75,140.0,44.0
428245.03,361533.75,140.0,44.0
428454.9,361533.75,140.0,44.0
428664.75,361533.75,152.0,44.0
428874.62,361533.75,152.0,32.0
429084.5,361533.75,152.0,32.0
429294.34,361533.75,152.0,32.0
429504.22,361533.75,,
429714.06,361533.75,,
429923.94,361533.75,,
430133.8,361533.75,,
430343.66,361533.75,,
430553.53,361533.75,,
430763.38,361533.75,,
430973.25,361533.75,,
431183.12,361533.75,,
431392.97,361533.75,,
431602.84,361533.75,,
431812.72,361533.75,,
432022.56,361533.75,,
432232.44,361533.75,,
432442.28,361533.75,,
432652.16,361533.75,,
432862.03,361533.75,,
433071.88,361533.75,,
433281.75,361533.75,,
433491.6,361533.75,,
433701.47,361533.75,,
433911.34,361533.75,,
434121.2,361533.75,,
434331.06,361533.75,,
434540.94,361533.75,,
434750.78,361533.75,,
434960.66,361533.75,,
435170.5,361533.75,,
435380.38,361533.75,,
435590.25,361533.75,,
435800.1,361533.75,,
436009.97,361533.75,,
436219.8,361533.75,,
436429.7,361533.75,,
436639.56,361533.75,,
436849.4,361533.75,,
437059.28,361533.75,,
437269.16,361533.75,,
437479.0,361533.75,,
437688.88,361533.75,,
437898.72,361533.75,,
438108.6,361533.75,,
438318.47,361533.75,,
438528.3,361533.75,,
438738.2,361533.75,,
438948.03,361533.75,,
439157.9,361533.75,,
439367.78,361533.75,,
439577.62,361533.75,,
439787.5,361533.75,,
439997.38,361533.75,,
440207.22,361533.75,,
440417.1,361533.75,212.0,-196.0
440626.94,361533.75,200.0,-268.0
440836.8,361533.75,200.0,-268.0
441046.7,361533.75,200.0,-268.0
441256.53,361533.75,200.0,-268.0
441466.4,361533.75,200.0,-268.0
441676.25,361533.75,200.0,-268.0
441886.12,361533.75,200.0,-268.0
442096.0,361533.75,200.0,-268.0
442305.84,361533.75,200.0,-268.0
442515.72,361533.75,200.0,-256.0
442725.6,361533.75,200.0,-256.0
442935.44,361533.75,188.0,-292.0
443145.3,361533.75,188.0,-292.0
443355.16,361533.75,188.0,-292.0
443565.03,361533.75,188.0,-292.0
443774.9,361533.75,188.0,-292.0
443984.75,361533.75,188.0,-292.0
444194.62,361533.75,188.0,-292.0
444404.47,361533.75,224.0,-256.0
444614.34,361533.75,224.0,-256.0
444824.22,361533.75,224.0,-256.0
445034.06,361533.75,188.0,-364.0
445243.94,361533.75,188.0,-364.0
445453.8,361533.75,188.0,-364.0
445663.66,361533.75,188.0,-364.0
445873.53,361533.75,188.0,-364.0
446083.38,361533.75,188.0,-364.0
446293.25,361533.75,188.0,-364.0
446503.12,361533.75,188.0,-364.0
446712.97,361533.75,188.0,-364.0
446922.84,361533.75,188.0,-364.0
447132.7,361533.75,188.0,-364.0
447342.56,361533.75,236.0,-364.0
447552.44,361533.75,212.0,-400.0
447762.28,361533.75,212.0,-400.0
447972.16,361533.75,212.0,-400.0
448182.03,361533.75,212.0,-400.0
448391.88,361533.75,212.0,-400.0
448601.75,361533.75,200.0,-400.0
448811.6,361533.75,200.0,-400.0
449021.47,361533.75,200.0,-400.0
449231.34,361533.75,200.0,-400.0
449441.2,361533.75,200.0,-400.0
449651.06,361533.75,200.0,-400.0
449860.9,361533.75,200.0,-400.0
450070.78,361533.75,164.0,-496.0
450280.66,361533.75,164.0,-496.0
450490.5,361533.75,164.0,-496.0
450700.38,361533.75,164.0,-496.0
450910.25,361533.75,164.0,-496.0
451120.1,361533.75,92.0,-580.0
451329.97,361533.75,92.0,-580.0
451539.8,361533.75,92.0,-580.0
451749.7,361533.75,92.0,-580.0
451959.56,361533.75,92.0,-580.0
452169.4,361533.75,92.0,-580.0
452379.28,361533.75,80.0,-580.0
452589.12,361533.75,80.0,-580.0
452799.0,361533.75,80.0,-580.0
453008.88,361533.75,176.0,-556.0
453218.72,361533.75,176.0,-556.0
453428.6,361533.75,212.0,-676.0
453638.47,361533.75,212.0,-688.0
453848.3,361533.75,212.0,-688.0
454058.2,361533.75,212.0,-688.0
454268.03,361533.75,212.0,-688.0
454477.9,361533.75,212.0,-688.0
454687.78,361533.75,212.0,-688.0
454897.62,361533.75,212.0,-688.0
455107.5,361533.75,200.0,-688.0
455317.34,361533.75,200.0,-688.0
455527.22,361533.75,200.0,-688.0
455737.1,361533.75,200.0,-688.0
455946.94,361533.75,200.0,-688.0
456156.8,361533.75,200.0,-688.0
456366.7,361533.75,200.0,-688.0
456576.53,361533.75,200.0,-688.0
456786.4,361533.75,200.0,-688.0
456996.25,361533.75,188.0,-688.0
457206.12,361533.75,188.0,-688.0
457416.0,361533.75,188.0,-700.0
457625.84,361533.75,188.0,-700.0
457835.72,361533.75,188.0,-700.0
458045.6,361533.75,188.0,-700.0
458255.44,361533.75,188.0,-700.0
458465.3,361533.75,188.0,-700.0
458675.16,361533.75,188.0,-700.0
458885.03,361533.75,188.0,-700.0
459094.9,361533.75,176.0,-700.0
459304.75,361533.75,176.0,-700.0
459514.62,361533.75,176.0,-700.0
459724.47,361533.75,176.0,-700.0
459934.34,361533.75,176.0,-700.0
460144.22,361533.75,176.0,-700.0
418381.47,361736.38,,
418591.34,361736.38,,
418801.2,361736.38,,
419011.06,361736.38,,
419220.94,361736.38,,
419430.78,361736.38,,
419640.66,361736.38,,
419850.5,361736.38,,
420060.38,361736.38,,
420270.25,361736.38,,
420480.1,361736.38,,
420689.97,361736.38,,
420899.84,361736.38,,
421109.7,361736.38,,
421319.56,361736.38,,
421529.4,361736.38,,
421739.28,361736.38,,
421949.16,361736.38,,
422159.0,361736.38,,
422368.88,361736.38,,
422578.72,361736.38,,
422788.6,361736.38,,
422998.47,361736.38,,
423208.3,361736.38,,
423418.2,361736.38,,
423628.06,361736.38,,
423837.9,361736.38,,
424047.78,361736.38,,
424257.62,361736.38,140.0,56.0
424467.5,361736.38,140.0,56.0
424677.38,361736.38,140.0,56.0
424887.22,361736.38,140.0,44.0
425097.1,361736.38,140.0,44.0
425306.94,361736.38,128.0,44.0
425516.8,361736.38,128.0,44.0
425726.7,361736.38,128.0,44.0
425936.53,361736.38,128.0,44.0
426146.4,361736.38,128.0,44.0
426356.28,361736.38,128.0,44.0
426566.12,361736.38,128.0,44.0
426776.0,361736.38,140.0,44.0
426985.84,361736.38,140.0,44.0
427195.72,361736.38,140.0,44.0
427405.6,361736.38,140.0,44.0
427615.44,361736.38,140.0,44.0
427825.3,361736.38,140.0,44.0
428035.16,361736.38,140.0,44.0
428245.03,361736.38,140.0,44.0
428454.9,361736.38,140.0,44.0
428664.75,361736.38,140.0,44.0
428874.62,361736.38,152.0,44.0
429084.5,361736.38,152.0,32.0
429294.34,361736.38,,
429504.22,361736.38,,
429714.06,361736.38,,
429923.94,361736.38,,
430133.8,361736.38,,
430343.66,361736.38,,
430553.53,361736.38,,
430763.38,361736.38,,
430973.25,361736.38,,
431183.12,361736.38,,
431392.97,361736.38,,
431602.84,361736.38,,
431812.72,361736.38,,
432022.56,361736.38,,
432232.44,361736.38,,
432442.28,361736.38,,
432652.16,361736.38,,
432862.03,361736.38,,
433071.88,361736.38,,
433281.75,361736.38,,
433491.6,361736.38,,
433701.47,361736.38,,
433911.34,361736.38,,
434121.2,361736.38,,
434331.06,361736.38,,
434540.94,361736.38,,
434750.78,361736.38,,
434960.66,361736.38,,
435170.5,361736.38,,
435380.38,361736.38,,
435590.25,361736.38,,
435800.1,361736.38,,
436009.97,361736.38,,
436219.8,361736.38,,
436429.7,361736.38,,
436639.56,361736.38,,
436849.4,361736.38,,
437059.28,361736.38,,
437269.16,361736.38,,
437479.0,361736.38,,
437688.88,361736.38,,
437898.72,361736.38,,
438108.6,361736.38,,
438318.47,361736.38,,
438528.3,361736.38,,
438738.2,361736.38,,
438948.03,361736.38,,
439157.9,361736.38,,
439367.78,361736.38,,
439577.62,361736.38,,
439787.5,361736.38,,
439997.38,361736.38,,
440207.22,361736.38,,
440417.1,361736.38,,
440626.94,361736.38,200.0,-268.0
440836.8,361736.38,200.0,-268.0
441046.7,361736.38,200.0,-268.0
441256.53,361736.38,200.0,-268.0
441466.4,361736.38,200.0,-268.0
441676.25,361736.38,200.0,-268.0
441886.12,361736.38,200.0,-268.0
442096.0,361736.38,200.0,-268.0
442305.84,361736.38,200.0,-256.0
442515.72,361736.38,188.0,-292.0
442725.6,361736.38,188.0,-292.0
442935.44,361736.38,188.0,-292.0
443145.3,361736.38,188.0,-292.0
443355.16,361736.38,188.0,-292.0
443565.03,361736.38,188.0,-292.0
443774.9,361736.38,188.0,-292.0
443984.75,361736.38,188.0,-292.0
444194.62,361736.38,188.0,-292.0
444404.47,361736.38,188.0,-292.0
444614.34,361736.38,188.0,-292.0
444824.22,361736.38,188.0,-292.0
445034.06,361736.38,188.0,-364.0
445243.94,361736.38,188.0,-364.0
445453.8,361736.38,188.0,-364.0
445663.66,361736.38,188.0,-364.0
445873.53,361736.38,188.0,-364.0
446083.38,361736.38,188.0,-364.0
446293.25,361736.38,188.0,-364.0
446503.12,361736.38,188.0,-364.0
446712.97,361736.38,188.0,-364.0
446922.84,361736.38,188.0,-364.0
447132.7,361736.38,188.0,-364.0
447342.56,361736.38,152.0,-400.0
447552.44,361736.38,152.0,-400.0
447762.28,361736.38,200.0,-400.0
447972.16,361736.38,200.0,-400.0
448182.03,361736.38,200.0,-400.0
448391.88,361736.38,200.0,-400.0
448601.75,361736.38,200.0,-400.0
448811.6,361736.38,200.0,-400.0
449021.47,361736.38,200.0,-400.0
449231.34,361736.38,200.0,-400.0
449441.2,361736.38,200.0,-400.0
449651.06,361736.38,200.0,-400.0
449860.9,361736.38,164.0,-496.0
450070.78,361736.38,164.0,-496.0
450280.66,361736.38,164.0,-496.0
450490.5,361736.38,164.0,-496.0
450700.38,361736.38,164.0,-496.0
450910.25,361736.38,164.0,-496.0
451120.1,361736.38,92.0,-580.0
451329.97,361736.38,92.0,-580.0
451539.8,361736.38,92.0,-580.0
451749.7,361736.38,92.0,-580.0
451959.56,361736.38,92.0,-580.0
452169.4,361736.38,92.0,-580.0
452379.28,361736.38,92.0,-580.0
452589.12,361736.38,80.0,-580.0
452799.0,361736.38,80.0,-580.0
453008.88,361736.38,80.0,-580.0
453218.72,361736.38,212.0,-676.0
453428.6,361736.38,212.0,-688.0
453638.47,361736.38,212.0,-688.0
453848.3,361736.38,212.0,-688.0
454058.2,361736.38,212.0,-688.0
454268.03,361736.38,212.0,-688.0
454477.9,361736.38,212.0,-688.0
454687.78,361736.38,212.0,-688.0
454897.62,361736.38,212.0,-688.0
455107.5,361736.38,200.0,-688.0
455317.34,361736.38,200.0,-688.0
455527.22,361736.38,200.0,-688.0
455737.1,361736.38,200.0,-688.0
455946.94,361736.38,200.0,-688.0
456156.8,361736.38,200.0,-688.0
456366.7,361736.38,200.0,-688.0
456576.53,361736.38,200.0,-688.0
456786.4,361736.38,200.0,-700.0
456996.25,361736.38,188.0,-700.0
457206.12,361736.38,188.0,-700.0
457416.0,361736.38,188.0,-700.0
457625.84,361736.38,188.0,-700.0
457835.72,361736.38,188.0,-700.0
458045.6,361736.38,188.0,-700.0
458255.44,361736.38,188.0,-700.0
458465.3,361736.38,188.0,-700.0
458675.16,361736.38,188.0,-700.0
458885.03,361736.38,188.0,-700.0
459094.9,361736.38,176.0,-700.0
459304.75,361736.38,176.0,-700.0
459514.62,361736.38,176.0,-700.0
459724.47,361736.38,176.0,-700.0
459934.34,361736.38,176.0,-700.0
460144.22,361736.38,176.0,-700.0
418381.47,361938.97,,
418591.34,361938.97,,
418801.2,361938.97,,
419011.06,361938.97,,
419220.94,361938.97,,
419430.78,361938.97,,
419640.66,361938.97,,
419850.5,361938.97,,
420060.38,361938.97,,
420270.25,361938.97,,
420480.1,361938.97,,
420689.97,361938.97,,
420899.84,361938.97,,
421109.7,361938.97,,
421319.56,361938.97,,
421529.4,361938.97,,
421739.28,361938.97,,
421949.16,361938.97,,
422159.0,361938.97,,
422368.88,361938.97,,
422578.72,361938.97,,
422788.6,361938.97,,
422998.47,361938.97,,
423208.3,361938.97,,
423418.2,361938.97,,
423628.06,361938.97,,
423837.9,361938.97,,
424047.78,361938.97,128.0,56.0
424257.62,361938.97,128.0,56.0
424467.5,361938.97,128.0,56.0
424677.38,361938.97,128.0,56.0
424887.22,361938.97,128.0,56.0
425097.1,361938.97,128.0,56.0
425306.94,361938.97,128.0,56.0
425516.8,361938.97,128.0,56.0
425726.7,361938.97,128.0,56.0
425936.53,361938.97,128.0,56.0
426146.4,361938.97,128.0,56.0
426356.28,361938.97,128.0,56.0
426566.12,361938.97,128.0,44.0
426776.0,361938.97,128.0,44.0
426985.84,361938.97,140.0,44.0
427195.72,361938.97,140.0,44.0
427405.6,361938.97,140.0,44.0
427615.44,361938.97,140.0,44.0
427825.3,361938.97,140.0,44.0
428035.16,361938.97,140.0,44.0
428245.03,361938.97,140.0,44.0
428454.9,361938.97,140.0,44.0
428664.75,361938.97,140.0,44.0
428874.62,361938.97,140.0,44.0
429084.5,361938.97,,
429294.34,361938.97,,
429504.22,361938.97,,
429714.06,361938.97,,
429923.94,361938.97,,
430133.8,361938.97,,
430343.66,361938.97,,
430553.53,361938.97,,
430763.38,361938.97,,
430973.25,361938.97,,
431183.12,361938.97,,
431392.97,361938.97,,
431602.84,361938.97,,
431812.72,361938.97,,
432022.56,361938.97,,
432232.44,361938.97,,
432442.28,361938.97,,
432652.16,361938.97,,
432862.03,361938.97,,
433071.88,361938.97,,
433281.75,361938.97,,
433491.6,361938.97,,
433701.47,361938.97,,
433911.34,361938.97,,
434121.2,361938.97,,
434331.06,361938.97,,
434540.94,361938.97,,
434750.78,361938.97,,
434960.66,361938.97,,
435170.5,361938.97,,
435380.38,361938.97,,
435590.25,361938.97,,
435800.1,361938.97,,
436009.97,361938.97,,
436219.8,361938.97,,
436429.7,361938.97,,
436639.56,361938.97,,
436849.4,361938.97,,
437059.28,361938.97,,
437269.16,361938.97,,
437479.0,361938.97,,
437688.88,361938.97,,
437898.72,361938.97,,
438108.6,361938.97,,
438318.47,361938.97,,
438528.3,361938.97,,
438738.2,361938.97,,
438948.03,361938.97,,
439157.9,361938.97,,
439367.78,361938.97,,
439577.62,361938.97,,
439787.5,361938.97,,
439997.38,361938.97,,
440207.22,361938.97,,
440417.1,361938.97,,
440626.94,361938.97,200.0,-268.0
440836.8,361938.97,200.0,-268.0
441046.7,361938.97,200.0,-268.0
441256.53,361938.97,200.0,-268.0
441466.4,361938.97,200.0,-268.0
441676.25,361938.97,200.0,-268.0
441886.12,361938.97,200.0,-268.0
442096.0,361938.97,200.0,-268.0
442305.84,361938.97,188.0,-280.0
442515.72,361938.97,188.0,-280.0
442725.6,361938.97,188.0,-280.0
442935.44,361938.97,188.0,-280.0
443145.3,361938.97,188.0,-280.0
443355.16,361938.97,188.0,-280.0
443565.03,361938.97,188.0,-280.0
443774.9,361938.97,188.0,-280.0
443984.75,361938.97,188.0,-280.0
444194.62,361938.97,188.0,-280.0
444404.47,361938.97,188.0,-292.0
444614.34,361938.97,188.0,-292.0
444824.22,361938.97,188.0,-292.0
445034.06,361938.97,188.0,-364.0
445243.94,361938.97,188.0,-364.0
445453.8,361938.97,188.0,-364.0
445663.66,361938.97,188.0,-364.0
445873.53,361938.97,188.0,-364.0
446083.38,361938.97,188.0,-364.0
446293.25,361938.97,188.0,-364.0
446503.12,361938.97,188.0,-364.0
446712.97,361938.97,188.0,-364.0
446922.84,361938.97,188.0,-364.0
447132.7,361938.97,188.0,-364.0
447342.56,361938.97,152.0,-400.0
447552.44,361938.97,152.0,-400.0
447762.28,361938.97,152.0,-400.0
447972.16,361938.97,200.0,-400.0
448182.03,361938.97,200.0,-400.0
448391.88,361938.97,200.0,-400.0
448601.75,361938.97,200.0,-400.0
448811.6,361938.97,200.0,-400.0
449021.47,361938.97,200.0,-400.0
449231.34,361938.97,200.0,-400.0
449441.2,361938.97,200.0,-400.0
449651.06,361938.97,164.0,-496.0
449860.9,361938.97,164.0,-496.0
450070.78,361938.97,164.0,-496.0
450280.66,361938.97,164.0,-496.0
450490.5,361938.97,164.0,-496.0
450700.38,361938.97,164.0,-496.0
450910.25,361938.97,164.0,-496.0
451120.1,361938.97,92.0,-580.0
451329.97,361938.97,92.0,-580.0
451539.8,361938.97,92.0,-580.0
451749.7,361938.97,92.0,-580.0
451959.56,361938.97,92.0,-580.0
452169.4,361938.97,92.0,-580.0
452379.28,361938.97,92.0,-580.0
452589.12,361938.97,92.0,-580.0
452799.0,361938.97,80.0,-580.0
453008.88,361938.97,80.0,-580.0
453218.72,361938.97,212.0,-676.0
453428.6,361938.97,212.0,-688.0
453638.47,361938.97,212.0,-688.0
453848.3,361938.97,212.0,-688.0
454058.2,361938.97,212.0,-688.0
454268.03,361938.97,212.0,-688.0
454477.9,361938.97,212.0,-688.0
454687.78,361938.97,212.0,-688.0
454897.62,361938.97,212.0,-688.0
455107.5,361938.97,200.0,-688.0
455317.34,361938.97,200.0,-688.0
455527.22,361938.97,200.0,-688.0
455737.1,361938.97,200.0,-688.0
455946.94,361938.97,200.0,-688.0
456156.8,361938.97,200.0,-688.0
456366.7,361938.97,200.0,-700.0
456576.53,361938.97,200.0,-700.0
456786.4,361938.97,188.0,-700.0
456996.25,361938.97,188.0,-700.0
457206.12,361938.97,188.0,-700.0
457416.0,361938.97,188.0,-700.0
457625.84,361938.97,188.0,-700.0
457835.72,361938.97,188.0,-700.0
458045.6,361938.97,188.0,-700.0
458255.44,361938.97,188.0,-700.0
458465.3,361938.97,188.0,-700.0
458675.16,361938.97,188.0,-700.0
458885.03,361938.97,188.0,-700.0
459094.9,361938.97,176.0,-700.0
459304.75,361938.97,176.0,-700.0
459514.62,361938.97,176.0,-700.0
459724.47,361938.97,176.0,-700.0
459934.34,361938.97,176.0,-700.0
460144.22,361938.97,176.0,-700.0
418381.47,362141.6,,
418591.34,362141.6,,
418801.2,362141.6,,
419011.06,362141.6,,
419220.94,362141.6,,
419430.78,362141.6,,
419640.66,362141.6,,
419850.5,362141.6,,
420060.38,362141.6,,
420270.25,362141.6,,
420480.1,362141.6,,
420689.97,362141.6,,
420899.84,362141.6,,
421109.7,362141.6,,
421319.56,362141.6,,
421529.4,362141.6,,
421739.28,362141.6,,
421949.16,362141.6,,
422159.0,362141.6,,
422368.88,362141.6,,
422578.72,362141.6,,
422788.6,362141.6,,
422998.47,362141.6,,
423208.3,362141.6,,
423418.2,362141.6,,
423628.06,362141.6,,
423837.9,362141.6,,
424047.78,362141.6,128.0,56.0
424257.62,362141.6,128.0,56.0
424467.5,362141.6,128.0,56.0
424677.38,362141.6,128.0,56.0
424887.22,362141.6,128.0,56.0
425097.1,362141.6,128.0,56.0
425306.94,362141.6,128.0,56.0
425516.8,362141.6,128.0,56.0
425726.7,362141.6,128.0,56.0
425936.53,362141.6,128.0,56.0
426146.4,362141.6,128.0,56.0
426356.28,362141.6,128.0,56.0
426566.12,362141.6,128.0,56.0
426776.0,362141.6,128.0,56.0
426985.84,362141.6,140.0,56.0
427195.72,362141.6,140.0,56.0
427405.6,362141.6,140.0,44.0
427615.44,362141.6,140.0,44.0
427825.3,362141.6,140.0,44.0
428035.16,362141.6,140.0,44.0
428245.03,362141.6,140.0,44.0
428454.9,362141.6,140.0,44.0
428664.75,362141.6,140.0,44.0
428874.62,362141.6,,
429084.5,362141.6,,
429294.34,362141.6,,
429504.22,362141.6,,
429714.06,362141.6,,
429923.94,362141.6,,
430133.8,362141.6,,
430343.66,362141.6,,
430553.53,362141.6,,
430763.38,362141.6,,
430973.25,362141.6,,
431183.12,362141.6,,
431392.97,362141.6,,
431602.84,362141.6,,
431812.72,362141.6,,
432022.56,362141.6,,
432232.44,362141.6,,
432442.28,362141.6,,
432652.16,362141.6,,
432862.03,362141.6,,
433071.88,362141.6,,
433281.75,362141.6,,
433491.6,362141.6,,
433701.47,362141.6,,
433911.34,362141.6,,
434121.2,362141.6,,
434331.06,362141.6,,
434540.94,362141.6,,
434750.78,362141.6,,
434960.66,362141.6,,
435170.5,362141.6,,
435380.38,362141.6,,
435590.25,362141.6,,
435800.1,362141.6,,
436009.97,362141.6,,
436219.8,362141.6,,
436429.7,362141.6,,
436639.56,362141.6,,
436849.4,362141.6,,
437059.28,362141.6,,
437269.16,362141.6,,
437479.0,362141.6,,
437688.88,362141.6,,
437898.72,362141.6,,
438108.6,362141.6,,
438318.47,362141.6,,
438528.3,362141.6,,
438738.2,362141.6,,
438948.03,362141.6,,
439157.9,362141.6,,
439367.78,362141.6,,
439577.62,362141.6,,
439787.5,362141.6,,
439997.38,362141.6,,
440207.22,362141.6,,
440417.1,362141.6,,
440626.94,362141.6,200.0,-268.0
440836.8,362141.6,200.0,-268.0
441046.7,362141.6,200.0,-268.0
441256.53,362141.6,200.0,-268.0
441466.4,362141.6,200.0,-268.0
441676.25,362141.6,200.0,-268.0
441886.12,362141.6,188.0,-280.0
442096.0,362141.6,188.0,-280.0
442305.84,362141.6,188.0,-280.0
442515.72,362141.6,188.0,-280.0
442725.6,362141.6,188.0,-280.0
442935.44,362141.6,188.0,-280.0
443145.3,362141.6,188.0,-280.0
443355.16,362141.6,188.0,-280.0
443565.03,362141.6,188.0,-280.0
443774.9,362141.6,188.0,-280.0
443984.75,362141.6,188.0,-280.0
444194.62,362141.6,188.0,-280.0
444404.47,362141.6,188.0,-280.0
444614.34,362141.6,188.0,-292.0
444824.22,362141.6,188.0,-292.0
445034.06,362141.6,176.0,-364.0
445243.94,362141.6,188.0,-364.0
445453.8,362141.6,188.0,-364.0
445663.66,362141.6,188.0,-364.0
445873.53,362141.6,188.0,-364.0
446083.38,362141.6,188.0,-364.0
446293.25,362141.6,188.0,-364.0
446503.12,362141.6,188.0,-364.0
446712.97,362141.6,176.0,-364.0
446922.84,362141.6,176.0,-364.0
447132.7,362141.6,152.0,-400.0
447342.56,362141.6,152.0,-400.0
447552.44,362141.6,152.0,-400.0
447762.28,362141.6,152.0,-400.0
447972.16,362141.6,152.0,-400.0
448182.03,362141.6,152.0,-400.0
448391.88,362141.6,200.0,-400.0
448601.75,362141.6,200.0,-400.0
448811.6,362141.6,200.0,-400.0
449021.47,362141.6,200.0,-400.0
449231.34,362141.6,200.0,-400.0
449441.2,362141.6,164.0,-496.0
449651.06,362141.6,164.0,-496.0
449860.9,362141.6,164.0,-496.0
450070.78,362141.6,164.0,-496.0
450280.66,362141.6,164.0,-496.0
450490.5,362141.6,164.0,-496.0
450700.38,362141.6,164.0,-496.0
450910.25,362141.6,104.0,-580.0
451120.1,362141.6,104.0,-580.0
451329.97,362141.6,92.0,-580.0
451539.8,362141.6,92.0,-580.0
451749.7,362141.6,92.0,-580.0
451959.56,362141.6,92.0,-580.0
452169.4,362141.6,92.0,-580.0
452379.28,362141.6,92.0,-580.0
452589.12,362141.6,92.0,-580.0
452799.0,362141.6,80.0,-580.0
453008.88,362141.6,80.0,-580.0
453218.72,362141.6,80.0,-580.0
453428.6,362141.6,212.0,-688.0
453638.47,362141.6,212.0,-688.0
453848.3,362141.6,212.0,-688.0
454058.2,362141.6,212.0,-688.0
454268.03,362141.6,212.0,-688.0
454477.9,362141.6,212.0,-688.0
454687.78,362141.6,212.0,-688.0
454897.62,362141.6,200.0,-688.0
455107.5,362141.6,200.0,-688.0
455317.34,362141.6,200.0,-688.0
455527.22,362141.6,200.0,-688.0
455737.1,362141.6,200.0,-688.0
455946.94,362141.6,200.0,-700.0
456156.8,362141.6,200.0,-700.0
456366.7,362141.6,200.0,-700.0
456576.53,362141.6,200.0,-700.0
456786.4,362141.6,188.0,-700.0
456996.25,362141.6,188.0,-700.0
457206.12,362141.6,188.0,-700.0
457416.0,362141.6,188.0,-700.0
457625.84,362141.6,188.0,-700.0
457835.72,362141.6,188.0,-700.0
458045.6,362141.6,188.0,-700.0
458255.44,362141.6,188.0,-700.0
458465.3,362141.6,188.0,-700.0
458675.16,362141.6,188.0,-700.0
458885.03,362141.6,176.0,-700.0
459094.9,362141.6,176.0,-700.0
459304.75,362141.6,176.0,-700.0
459514.62,362141.6,176.0,-700.0
459724.47,362141.6,176.0,-700.0
459934.34,362141.6,176.0,-700.0
460144.22,362141.6,176.0,-700.0
418381.47,362344.22,,
418591.34,362344.22,,
418801.2,362344.22,,
419011.06,362344.22,,
419220.94,362344.22,,
419430.78,362344.22,,
419640.66,362344.22,,
419850.5,362344.22,,
420060.38,362344.22,,
420270.25,362344.22,,
420480.1,362344.22,,
420689.97,362344.22,,
420899.84,362344.22,,
421109.7,362344.22,,
421319.56,362344.22,,
421529.4,362344.22,,
421739.28,362344.22,,
421949.16,362344.22,,
422159.0,362344.22,,
422368.88,362344.22,,
422578.72,362344.22,,
422788.6,362344.22,,
422998.47,362344.22,,
423208.3,362344.22,,
423418.2,362344.22,,
423628.06,362344.22,,
423837.9,362344.22,128.0,56.0
424047.78,362344.22,128.0,56.0
424257.62,362344.22,128.0,56.0
424467.5,362344.22,128.0,56.0
424677.38,362344.22,128.0,56.0
424887.22,362344.22,128.0,56.0
425097.1,362344.22,128.0,56.0
425306.94,362344.22,128.0,56.0
425516.8,362344.22,128.0,56.0
425726.7,362344.22,128.0,56.0
425936.53,362344.22,128.0,56.0
426146.4,362344.22,128.0,56.0
426356.28,362344.22,128.0,56.0
426566.12,362344.22,128.0,56.0
426776.0,362344.22,128.0,56.0
426985.84,362344.22,140.0,56.0
427195.72,362344.22,140.0,56.0
427405.6,362344.22,140.0,44.0
427615.44,362344.22,140.0,44.0
427825.3,362344.22,140.0,44.0
428035.16,362344.22,140.0,44.0
428245.03,362344.22,140.0,44.0
428454.9,362344.22,140.0,44.0
428664.75,362344.22,,
428874.62,362344.22,,
429084.5,362344.22,,
429294.34,362344.22,,
429504.22,362344.22,,
429714.06,362344.22,,
429923.94,362344.22,,
430133.8,362344.22,,
430343.66,362344.22,,
430553.53,362344.22,,
430763.38,362344.22,,
430973.25,362344.22,,
431183.12,362344.22,,
431392.97,362344.22,,
431602.84,362344.22,,
431812.72,362344.22,,
432022.56,362344.22,,
432232.44,362344.22,,
432442.28,362344.22,,
432652.16,362344.22,,
432862.03,362344.22,,
433071.88,362344.22,,
433281.75,362344.22,,
433491.6,362344.22,,
433701.47,362344.22,,
433911.34,362344.22,,
434121.2,362344.22,,
434331.06,362344.22,,
434540.94,362344.22,,
434750.78,362344.22,,
434960.66,362344.22,,
435170.5,362344.22,,
435380.38,362344.22,,
435590.25,362344.22,,
435800.1,362344.22,,
436009.97,362344.22,,
436219.8,362344.22,,
436429.7,362344.22,,
436639.56,362344.22,,
436849.4,362344.22,,
437059.28,362344.22,,
437269.16,362344.22,,
437479.0,362344.22,,
437688.88,362344.22,,
437898.72,362344.22,,
438108.6,362344.22,,
438318.47,362344.22,,
438528.3,362344.22,,
438738.2,362344.22,,
438948.03,362344.22,,
439157.9,362344.22,,
439367.78,362344.22,,
439577.62,362344.22,,
439787.5,362344.22,,
439997.38,362344.22,,
440207.22,362344.22,,
440417.1,362344.22,,
440626.94,362344.22,188.0,-268.0
440836.8,362344.22,188.0,-268.0
441046.7,362344.22,188.0,-268.0
441256.53,362344.22,188.0,-268.0
441466.4,362344.22,188.0,-268.0
441676.25,362344.22,176.0,-280.0
441886.12,362344.22,176.0,-280.0
442096.0,362344.22,188.0,-280.0
442305.84,362344.22,188.0,-280.0
442515.72,362344.22,188.0,-280.0
442725.6,362344.22,188.0,-280.0
442935.44,362344.22,188.0,-280.0
443145.3,362344.22,188.0,-280.0
443355.16,362344.22,188.0,-280.0
443565.03,362344.22,188.0,-280.0
443774.9,362344.22,188.0,-280.0
443984.75,362344.22,188.0,-280.0
444194.62,362344.22,188.0,-280.0
444404.47,362344.22,188.0,-280.0
444614.34,362344.22,188.0,-292.0
444824.22,362344.22,188.0,-292.0
445034.06,362344.22,176.0,-364.0
445243.94,362344.22,176.0,-364.0
445453.8,362344.22,176.0,-364.0
445663.66,362344.22,176.0,-364.0
445873.53,362344.22,176.0,-364.0
446083.38,362344.22,176.0,-364.0
446293.25,362344.22,176.0,-364.0
446503.12,362344.22,176.0,-364.0
446712.97,362344.22,176.0,-364.0
446922.84,362344.22,152.0,-400.0
447132.7,362344.22,152.0,-400.0
447342.56,362344.22,152.0,-400.0
447552.44,362344.22,152.0,-400.0
447762.28,362344.22,152.0,-400.0
447972.16,362344.22,152.0,-400.0
448182.03,362344.22,152.0,-400.0
448391.88,362344.22,152.0,-400.0
448601.75,362344.22,200.0,-400.0
448811.6,362344.22,200.0,-400.0
449021.47,362344.22,200.0,-400.0
449231.34,362344.22,164.0,-496.0
449441.2,362344.22,164.0,-496.0
449651.06,362344.22,164.0,-496.0
449860.9,362344.22,164.0,-496.0
450070.78,362344.22,164.0,-496.0
450280.66,362344.22,164.0,-496.0
450490.5,362344.22,164.0,-496.0
450700.38,362344.22,164.0,-496.0
450910.25,362344.22,104.0,-580.0
451120.1,362344.22,104.0,-580.0
451329.97,362344.22,92.0,-580.0
451539.8,362344.22,92.0,-580.0
451749.7,362344.22,92.0,-580.0
451959.56,362344.22,92.0,-580.0
452169.4,362344.22,92.0,-580.0
452379.28,362344.22,92.0,-580.0
452589.12,362344.22,92.0,-580.0
452799.0,362344.22,92.0,-580.0
453008.88,362344.22,80.0,-580.0
453218.72,362344.22,80.0,-580.0
453428.6,362344.22,212.0,-688.0
453638.47,362344.22,212.0,-688.0
453848.3,362344.22,212.0,-688.0
454058.2,362344.22,212.0,-688.0
454268.03,362344.22,212.0,-688.0
454477.9,362344.22,212.0,-688.0
454687.78,362344.22,212.0,-688.0
454897.62,362344.22,200.0,-688.0
455107.5,362344.22,200.0,-688.0
455317.34,362344.22,200.0,-688.0
455527.22,362344.22,200.0,-688.0
455737.1,362344.22,200.0,-700.0
455946.94,362344.22,200.0,-700.0
456156.8,362344.22,200.0,-700.0
456366.7,362344.22,200.0,-700.0
456576.53,362344.22,200.0,-700.0
456786.4,362344.22,188.0,-700.0
456996.25,362344.22,188.0,-700.0
457206.12,362344.22,188.0,-700.0
457416.0,362344.22,188.0,-700.0
457625.84,362344.22,188.0,-700.0
457835.72,362344.22,188.0,-700.0
458045.6,362344.22,188.0,-700.0
458255.44,362344.22,188.0,-700.0
458465.3,362344.22,188.0,-700.0
458675.16,362344.22,176.0,-700.0
458885.03,362344.22,176.0,-700.0
459094.9,362344.22,176.0,-700.0
459304.75,362344.22,176.0,-700.0
459514.62,362344.22,176.0,-700.0
459724.47,362344.22,176.0,-700.0
459934.34,362344.22,176.0,-700.0
460144.22,362344.22,176.0,-700.0
418381.47,362546.84,,
418591.34,362546.84,,
418801.2,362546.84,,
419011.06,362546.84,,
419220.94,362546.84,,
419430.78,362546.84,,
419640.66,362546.84,,
419850.5,362546.84,,
420060.38,362546.84,,
420270.25,362546.84,,
420480.1,362546.84,,
420689.97,362546.84,,
420899.84,362546.84,,
421109.7,362546.84,,
421319.56,362546.84,,
421529.4,362546.84,,
421739.28,362546.84,,
421949.16,362546.84,,
422159.0,362546.84,,
422368.88,362546.84,,
422578.72,362546.84,,
422788.6,362546.84,,
422998.47,362546.84,,
423208.3,362546.84,,
423418.2,362546.84,,
423628.06,362546.84,,
423837.9,362546.84,128.0,56.0
424047.78,362546.84,128.0,56.0
424257.62,362546.84,128.0,56.0
424467.5,362546.84,128.0,56.0
424677.38,362546.84,128.0,56.0
424887.22,362546.84,128.0,56.0
425097.1,362546.84,128.0,56.0
425306.94,362546.84,128.0,56.0
425516.8,362546.84,128.0,56.0
425726.7,362546.84,128.0,56.0
425936.53,362546.84,128.0,56.0
426146.4,362546.84,128.0,56.0
426356.28,362546.84,128.0,56.0
426566.12,362546.84,128.0,56.0
426776.0,362546.84,128.0,56.0
426985.84,362546.84,140.0,56.0
427195.72,362546.84,140.0,56.0
427405.6,362546.84,140.0,44.0
427615.44,362546.84,140.0,44.0
427825.3,362546.84,140.0,44.0
428035.16,362546.84,140.0,44.0
428245.03,362546.84,140.0,44.0
428454.9,362546.84,,
428664.75,362546.84,,
428874.62,362546.84,,
429084.5,362546.84,,
429294.34,362546.84,,
429504.22,362546.84,,
429714.06,362546.84,,
429923.94,362546.84,,
430133.8,362546.84,,
430343.66,362546.84,,
430553.53,362546.84,,
430763.38,362546.84,,
430973.25,362546.84,,
431183.12,362546.84,,
431392.97,362546.84,,
431602.84,362546.84,,
431812.72,362546.84,,
432022.56,362546.84,,
432232.44,362546.84,,
432442.28,362546.84,,
432652.16,362546.84,,
432862.03,362546.84,,
433071.88,362546.84,,
433281.75,362546.84,,
433491.6,362546.84,,
433701.47,362546.84,,
433911.34,362546.84,,
434121.2,362546.84,,
434331.06,362546.84,,
434540.94,362546.84,,
434750.78,362546.84,,
434960.66,362546.84,,
435170.5,362546.84,,
435380.38,362546.84,,
435590.25,362546.84,,
435800.1,362546.84,,
436009.97,362546.84,,
436219.8,362546.84,,
436429.7,362546.84,,
436639.56,362546.84,,
436849.4,362546.84,,
437059.28,362546.84,,
437269.16,362546.84,,
437479.0,362546.84,,
437688.88,362546.84,,
437898.72,362546.84,,
438108.6,362546.84,,
438318.47,362546.84,,
438528.3,362546.84,,
438738.2,362546.84,,
438948.03,362546.84,,
439157.9,362546.84,,
439367.78,362546.84,,
439577.62,362546.84,,
439787.5,362546.84,,
439997.38,362546.84,,
440207.22,362546.84,,
440417.1,362546.84,,
440626.94,362546.84,188.0,-268.0
440836.8,362546.84,188.0,-268.0
441046.7,362546.84,188.0,-268.0
441256.53,362546.84,188.0,-268.0
441466.4,362546.84,176.0,-292.0
441676.25,362546.84,176.0,-280.0
441886.12,362546.84,176.0,-280.0
442096.0,362546.84,176.0,-280.0
442305.84,362546.84,176.0,-280.0
442515.72,362546.84,176.0,-280.0
442725.6,362546.84,188.0,-280.0
442935.44,362546.84,176.0,-280.0
443145.3,362546.84,176.0,-280.0
443355.16,362546.84,188.0,-280.0
443565.03,362546.84,188.0,-280.0
443774.9,362546.84,176.0,-280.0
443984.75,362546.84,176.0,-280.0
444194.62,362546.84,176.0,-280.0
444404.47,362546.84,176.0,-292.0
444614.34,362546.84,176.0,-292.0
444824.22,362546.84,176.0,-292.0
445034.06,362546.84,176.0,-364.0
445243.94,362546.84,176.0,-364.0
445453.8,362546.84,176.0,-364.0
445663.66,362546.84,176.0,-364.0
445873.53,362546.84,176.0,-364.0
446083.38,362546.84,176.0,-364.0
446293.25,362546.84,176.0,-364.0
446503.12,362546.84,176.0,-364.0
446712.97,362546.84,176.0,-364.0
446922.84,362546.84,140.0,-400.0
447132.7,362546.84,140.0,-400.0
447342.56,362546.84,152.0,-400.0
447552.44,362546.84,152.0,-400.0
447762.28,362546.84,152.0,-400.0
447972.16,362546.84,152.0,-400.0
448182.03,362546.84,152.0,-400.0
448391.88,362546.84,152.0,-400.0
448601.75,362546.84,152.0,-400.0
448811.6,362546.84,152.0,-388.0
449021.47,362546.84,164.0,-508.0
449231.34,362546.84,164.0,-496.0
449441.2,362546.84,164.0,-496.0
449651.06,362546.84,164.0,-496.0
449860.9,362546.84,164.0,-496.0
450070.78,362546.84,164.0,-496.0
450280.66,362546.84,164.0,-496.0
450490.5,362546.84,164.0,-496.0
450700.38,362546.84,164.0,-496.0
450910.25,362546.84,104.0,-580.0
451120.1,362546.84,104.0,-580.0
451329.97,362546.84,92.0,-580.0
451539.8,362546.84,92.0,-580.0
451749.7,362546.84,92.0,-580.0
451959.56,362546.84,92.0,-580.0
452169.4,362546.84,92.0,-580.0
452379.28,362546.84,92.0,-580.0
452589.12,362546.84,92.0,-580.0
452799.0,362546.84,92.0,-580.0
453008.88,362546.84,80.0,-580.0
453218.72,362546.84,80.0,-580.0
453428.6,362546.84,80.0,-580.0
453638.47,362546.84,212.0,-688.0
453848.3,362546.84,212.0,-688.0
454058.2,362546.84,212.0,-688.0
454268.03,362546.84,212.0,-688.0
454477.9,362546.84,212.0,-688.0
454687.78,362546.84,212.0,-688.0
454897.62,362546.84,200.0,-688.0
455107.5,362546.84,200.0,-688.0
455317.34,362546.84,200.0,-688.0
455527.22,362546.84,200.0,-700.0
455737.1,362546.84,200.0,-700.0
455946.94,362546.84,200.0,-700.0
456156.8,362546.84,200.0,-700.0
456366.7,362546.84,200.0,-700.0
456576.53,362546.84,188.0,-700.0
456786.4,362546.84,188.0,-700.0
456996.25,362546.84,188.0,-700.0
457206.12,362546.84,188.0,-700.0
457416.0,362546.84,188.0,-700.0
457625.84,362546.84,188.0,-700.0
457835.72,362546.84,188.0,-700.0
458045.6,362546.84,188.0,-700.0
458255.44,362546.84,188.0,-700.0
458465.3,362546.84,188.0,-700.0
458675.16,362546.84,176.0,-700.0
458885.03,362546.84,176.0,-700.0
459094.9,362546.84,176.0,-700.0
459304.75,362546.84,176.0,-700.0
459514.62,362546.84,176.0,-700.0
459724.47,362546.84,176.0,-700.0
459934.34,362546.84,176.0,-700.0
460144.22,362546.84,176.0,-700.0
418381.47,362749.47,,
418591.34,362749.47,,
418801.2,362749.47,,
419011.06,362749.47,,
419220.94,362749.47,,
419430.78,362749.47,,
419640.66,362749.47,,
419850.5,362749.47,,
420060.38,362749.47,,
420270.25,362749.47,,
420480.1,362749.47,,
420689.97,362749.47,,
420899.84,362749.47,,
421109.7,362749.47,,
421319.56,362749.47,,
421529.4,362749.47,,
421739.28,362749.47,,
421949.16,362749.47,,
422159.0,362749.47,,
422368.88,362749.47,,
422578.72,362749.47,,
422788.6,362749.47,,
422998.47,362749.47,,
423208.3,362749.47,,
423418.2,362749.47,,
423628.06,362749.47,128.0,56.0
423837.9,362749.47,128.0,56.0
424047.78,362749.47,128.0,56.0
424257.62,362749.47,128.0,56.0
424467.5,362749.47,128.0,56.0
424677.38,362749.47,128.0,56.0
424887.22,362749.47,128.0,56.0
425097.1,362749.47,128.0,56.0
425306.94,362749.47,128.0,56.0
425516.8,362749.47,128.0,56.0
425726.7,362749.47,128.0,56.0
425936.53,362749.47,128.0,56.0
426146.4,362749.47,128.0,56.0
426356.28,362749.47,128.0,56.0
426566.12,362749.47,128.0,56.0
426776.0,362749.47,140.0,56.0
426985.84,362749.47,140.0,56.0
427195.72,362749.47,140.0,56.0
427405.6,362749.47,140.0,56.0
427615.44,362749.47,140.0,44.0
427825.3,362749.47,140.0,44.0
428035.16,362749.47,140.0,44.0
428245.03,362749.47,,
428454.9,362749.47,,
428664.75,362749.47,,
428874.62,362749.47,,
429084.5,362749.47,,
429294.34,362749.47,,
429504.22,362749.47,,
429714.06,362749.47,,
429923.94,362749.47,,
430133.8,362749.47,,
430343.66,362749.47,,
430553.53,362749.47,,
430763.38,362749.47,,
430973.25,362749.47,,
431183.12,362749.47,,
431392.97,362749.47,,
431602.84,362749.47,,
431812.72,362749.47,,
432022.56,362749.47,,
432232.44,362749.47,,
432442.28,362749.47,,
432652.16,362749.47,,
432862.03,362749.47,,
433071.88,362749.47,,
433281.75,362749.47,,
433491.6,362749.47,,
433701.47,362749.47,,
433911.34,362749.47,,
434121.2,362749.47,,
434331.06,362749.47,,
434540.94,362749.47,,
434750.78,362749.47,,
434960.66,362749.47,,
435170.5,362749.47,,
435380.38,362749.47,,
435590.25,362749.47,,
435800.1,362749.47,,
436009.97,362749.47,,
436219.8,362749.47,,
436429.7,362749.47,,
436639.56,362749.47,,
436849.4,362749.47,,
437059.28,362749.47,,
437269.16,362749.47,,
437479.0,362749.47,,
437688.88,362749.47,,
437898.72,362749.47,,
438108.6,362749.47,,
438318.47,362749.47,,
438528.3,362749.47,,
438738.2,362749.47,,
438948.03,362749.47,,
439157.9,362749.47,,
439367.78,362749.47,,
439577.62,362749.47,,
439787.5,362749.47,,
439997.38,362749.47,,
440207.22,362749.47,,
440417.1,362749.47,,
440626.94,362749.47,188.0,-268.0
440836.8,362749.47,188.0,-268.0
441046.7,362749.47,176.0,-292.0
441256.53,362749.47,176.0,-292.0
441466.4,362749.47,176.0,-292.0
441676.25,362749.47,176.0,-292.0
441886.12,362749.47,176.0,-292.0
442096.0,362749.47,176.0,-280.0
442305.84,362749.47,176.0,-280.0
442515.72,362749.47,176.0,-280.0
442725.6,362749.47,176.0,-280.0
442935.44,362749.47,176.0,-280.0
443145.3,362749.47,176.0,-280.0
443355.16,362749.47,176.0,-280.0
443565.03,362749.47,176.0,-280.0
443774.9,362749.47,176.0,-280.0
443984.75,362749.47,176.0,-280.0
444194.62,362749.47,176.0,-280.0
444404.47,362749.47,176.0,-292.0
444614.34,362749.47,176.0,-292.0
444824.22,362749.47,176.0,-292.0
445034.06,362749.47,176.0,-364.0
445243.94,362749.47,176.0,-364.0
445453.8,362749.47,176.0,-364.0
445663.66,362749.47,176.0,-364.0
445873.53,362749.47,176.0,-364.0
446083.38,362749.47,176.0,-364.0
446293.25,362749.47,176.0,-364.0
446503.12,362749.47,176.0,-364.0
446712.97,362749.47,140.0,-400.0
446922.84,362749.47,140.0,-400.0
447132.7,362749.47,140.0,-400.0
447342.56,362749.47,140.0,-400.0
447552.44,362749.47,140.0,-400.0
447762.28,362749.47,140.0,-400.0
447972.16,362749.47,140.0,-400.0
448182.03,362749.47,152.0,-400.0
448391.88,362749.47,152.0,-400.0
448601.75,362749.47,152.0,-400.0
448811.6,362749.47,140.0,-388.0
449021.47,362749.47,164.0,-508.0
449231.34,362749.47,164.0,-496.0
449441.2,362749.47,164.0,-496.0
449651.06,362749.47,164.0,-496.0
449860.9,362749.47,164.0,-496.0
450070.78,362749.47,164.0,-496.0
450280.66,362749.47,164.0,-496.0
450490.5,362749.47,164.0,-496.0
450700.38,362749.47,164.0,-496.0
450910.25,362749.47,104.0,-580.0
451120.1,362749.47,104.0,-580.0
451329.97,362749.47,104.0,-580.0
451539.8,362749.47,92.0,-580.0
451749.7,362749.47,92.0,-580.0
451959.56,362749.47,92.0,-580.0
452169.4,362749.47,92.0,-580.0
452379.28,362749.47,92.0,-580.0
452589.12,362749.47,92.0,-580.0
452799.0,362749.47,92.0,-580.0
453008.88,362749.47,92.0,-580.0
453218.72,362749.47,80.0,-580.0
453428.6,362749.47,80.0,-580.0
453638.47,362749.47,212.0,-688.0
453848.3,362749.47,212.0,-688.0
454058.2,362749.47,212.0,-688.0
454268.03,362749.47,212.0,-688.0
454477.9,362749.47,212.0,-688.0
454687.78,362749.47,200.0,-688.0
454897.62,362749.47,200.0,-688.0
455107.5,362749.47,200.0,-688.0
455317.34,362749.47,200.0,-700.0
455527.22,362749.47,200.0,-700.0
455737.1,362749.47,200.0,-700.0
455946.94,362749.47,200.0,-700.0
456156.8,362749.47,200.0,-700.0
456366.7,362749.47,200.0,-700.0
456576.53,362749.47,188.0,-700.0
456786.4,362749.47,188.0,-700.0
456996.25,362749.47,188.0,-700.0
457206.12,362749.47,188.0,-700.0
457416.0,362749.47,188.0,-700.0
457625.84,362749.47,188.0,-700.0
457835.72,362749.47,188.0,-700.0
458045.6,362749.47,188.0,-700.0
458255.44,362749.47,188.0,-700.0
458465.3,362749.47,188.0,-700.0
458675.16,362749.47,176.0,-700.0
458885.03,362749.47,176.0,-700.0
459094.9,362749.47,176.0,-700.0
459304.75,362749.47,176.0,-700.0
459514.62,362749.47,176.0,-700.0
459724.47,362749.47,176.0,-700.0
459934.34,362749.47,176.0,-700.0
460144.22,362749.47,176.0,-700.0
418381.47,362952.06,,
418591.34,362952.06,,
418801.2,362952.06,,
419011.06,362952.06,,
419220.94,362952.06,,
419430.78,362952.06,,
419640.66,362952.06,,
419850.5,362952.06,,
420060.38,362952.06,,
420270.25,362952.06,,
420480.1,362952.06,,
420689.97,362952.06,,
420899.84,362952.06,,
421109.7,362952.06,,
421319.56,362952.06,,
421529.4,362952.06,,
421739.28,362952.06,,
421949.16,362952.06,,
422159.0,362952.06,,
422368.88,362952.06,,
422578.72,362952.06,,
422788.6,362952.06,,
422998.47,362952.06,,
423208.3,362952.06,,
423418.2,362952.06,128.0,56.0
423628.06,362952.06,128.0,56.0
423837.9,362952.06,128.0,56.0
424047.78,362952.06,128.0,56.0
424257.62,362952.06,128.0,56.0
424467.5,362952.06,128.0,56.0
424677.38,362952.06,128.0,56.0
424887.22,362952.06,128.0,56.0
425097.1,362952.06,128.0,56.0
425306.94,362952.06,128.0,56.0
425516.8,362952.06,128.0,56.0
425726.7,362952.06,128.0,56.0
425936.53,362952.06,128.0,56.0
426146.4,362952.06,128.0,56.0
426356.28,362952.06,128.0,56.0
426566.12,362952.06,128.0,56.0
426776.0,362952.06,140.0,56.0
426985.84,362952.06,140.0,56.0
427195.72,362952.06,140.0,56.0
427405.6,362952.06,140.0,56.0
427615.44,362952.06,140.0,44.0
427825.3,362952.06,140.0,44.0
428035.16,362952.06,,
428245.03,362952.06,,
428454.9,362952.06,,
428664.75,362952.06,,
428874.62,362952.06,,
429084.5,362952.06,,
429294.34,362952.06,,
429504.22,362952.06,,
429714.06,362952.06,,
429923.94,362952.06,,
430133.8,362952.06,,
430343.66,362952.06,,
430553.53,362952.06,,
430763.38,362952.06,,
430973.25,362952.06,,
431183.12,362952.06,,
431392.97,362952.06,,
431602.84,362952.06,,
431812.72,362952.06,,
432022.56,362952.06,,
432232.44,362952.06,,
432442.28,362952.06,,
432652.16,362952.06,,
432862.03,362952.06,,
433071.88,362952.06,,
433281.75,362952.06,,
433491.6,362952.06,,
433701.47,362952.06,,
433911.34,362952.06,,
434121.2,362952.06,,
434331.06,362952.06,,
434540.94,362952.06,,
434750.78,362952.06,,
434960.66,362952.06,,
435170.5,362952.06,,
435380.38,362952.06,,
435590.25,362952.06,,
435800.1,362952.06,,
436009.97,362952.06,,
436219.8,362952.06,,
436429.7,362952.06,,
436639.56,362952.06,,
436849.4,362952.06,,
437059.28,362952.06,,
437269.16,362952.06,,
437479.0,362952.06,,
437688.88,362952.06,,
437898.72,362952.06,,
438108.6,362952.06,,
438318.47,362952.06,,
438528.3,362952.06,,
438738.2,362952.06,,
438948.03,362952.06,,
439157.9,362952.06,,
439367.78,362952.06,,
439577.62,362952.06,,
439787.5,362952.06,,
439997.38,362952.06,,
440207.22,362952.06,,
440417.1,362952.06,,
440626.94,362952.06,176.0,-268.0
440836.8,362952.06,164.0,-292.0
441046.7,362952.06,164.0,-292.0
441256.53,362952.06,176.0,-292.0
441466.4,362952.06,176.0,-292.0
441676.25,362952.06,176.0,-292.0
441886.12,362952.06,176.0,-292.0
442096.0,362952.06,176.0,-292.0
442305.84,362952.06,176.0,-280.0
442515.72,362952.06,176.0,-280.0
442725.6,362952.06,176.0,-280.0
442935.44,362952.06,176.0,-280.0
443145.3,362952.06,176.0,-280.0
443355.16,362952.06,176.0,-280.0
443565.03,362952.06,176.0,-280.0
443774.9,362952.06,176.0,-280.0
443984.75,362952.06,176.0,-280.0
444194.62,362952.06,176.0,-292.0
444404.47,362952.06,176.0,-292.0
444614.34,362952.06,176.0,-292.0
444824.22,362952.06,176.0,-292.0
445034.06,362952.06,176.0,-364.0
445243.94,362952.06,176.0,-364.0
445453.8,362952.06,176.0,-364.0
445663.66,362952.06,176.0,-364.0
445873.53,362952.06,176.0,-364.0
446083.38,362952.06,176.0,-364.0
446293.25,362952.06,176.0,-364.0
446503.12,362952.06,176.0,-364.0
446712.97,362952.06,140.0,-400.0
446922.84,362952.06,140.0,-400.0
447132.7,362952.06,140.0,-400.0
447342.56,362952.06,140.0,-400.0
447552.44,362952.06,140.0,-400.0
447762.28,362952.06,140.0,-400.0
447972.16,362952.06,140.0,-400.0
448182.03,362952.06,140.0,-400.0
448391.88,362952.06,140.0,-400.0
448601.75,362952.06,140.0,-400.0
448811.6,362952.06,140.0,-400.0
449021.47,362952.06,164.0,-508.0
449231.34,362952.06,164.0,-508.0
449441.2,362952.06,164.0,-508.0
449651.06,362952.06,164.0,-508.0
449860.9,362952.06,164.0,-496.0
450070.78,362952.06,164.0,-496.0
450280.66,362952.06,164.0,-496.0
450490.5,362952.06,164.0,-496.0
450700.38,362952.06,104.0,-580.0
450910.25,362952.06,104.0,-580.0
451120.1,362952.06,104.0,-580.0
451329.97,362952.06,104.0,-580.0
451539.8,362952.06,92.0,-580.0
451749.7,362952.06,92.0,-580.0
451959.56,362952.06,92.0,-580.0
452169.4,362952.06,92.0,-580.0
452379.28,362952.06,92.0,-580.0
452589.12,362952.06,92.0,-580.0
452799.0,362952.06,92.0,-580.0
453008.88,362952.06,92.0,-580.0
453218.72,362952.06,80.0,-580.0
453428.6,362952.06,80.0,-580.0
453638.47,362952.06,80.0,-580.0
453848.3,362952.06,212.0,-688.0
454058.2,362952.06,212.0,-688.0
454268.03,362952.06,212.0,-688.0
454477.9,362952.06,212.0,-688.0
454687.78,362952.06,200.0,-688.0
454897.62,362952.06,200.0,-688.0
455107.5,362952.06,200.0,-700.0
455317.34,362952.06,200.0,-700.0
455527.22,362952.06,200.0,-700.0
455737.1,362952.06,200.0,-700.0
455946.94,362952.06,200.0,-700.0
456156.8,362952.06,200.0,-700.0
456366.7,362952.06,200.0,-700.0
456576.53,362952.06,188.0,-700.0
456786.4,362952.06,188.0,-700.0
456996.25,362952.06,188.0,-700.0
457206.12,362952.06,188.0,-700.0
457416.0,362952.06,188.0,-700.0
457625.84,362952.06,188.0,-700.0
457835.72,362952.06,188.0,-700.0
458045.6,362952.06,188.0,-700.0
458255.44,362952.06,188.0,-700.0
458465.3,362952.06,188.0,-700.0
458675.16,362952.06,176.0,-700.0
458885.03,362952.06,176.0,-700.0
459094.9,362952.06,176.0,-700.0
459304.75,362952.06,176.0,-700.0
459514.62,362952.06,176.0,-700.0
459724.47,362952.06,176.0,-712.0
459934.34,362952.06,176.0,-712.0
460144.22,362952.06,176.0,-712.0
418381.47,363154.7,,
418591.34,363154.7,,
418801.2,363154.7,,
419011.06,363154.7,,
419220.94,363154.7,,
419430.78,363154.7,,
419640.66,363154.7,,
419850.5,363154.7,,
420060.38,363154.7,,
420270.25,363154.7,,
420480.1,363154.7,,
420689.97,363154.7,,
420899.84,363154.7,,
421109.7,363154.7,,
421319.56,363154.7,,
421529.4,363154.7,,
421739.28,363154.7,,
421949.16,363154.7,,
422159.0,363154.7,,
422368.88,363154.7,,
422578.72,363154.7,,
422788.6,363154.7,,
422998.47,363154.7,,
423208.3,363154.7,,
423418.2,363154.7,128.0,56.0
423628.06,363154.7,128.0,56.0
423837.9,363154.7,128.0,56.0
424047.78,363154.7,128.0,56.0
424257.62,363154.7,128.0,56.0
424467.5,363154.7,128.0,56.0
424677.38,363154.7,128.0,56.0
424887.22,363154.7,128.0,56.0
425097.1,363154.7,128.0,56.0
425306.94,363154.7,128.0,56.0
425516.8,363154.7,128.0,56.0
425726.7,363154.7,128.0,56.0
425936.53,363154.7,128.0,56.0
426146.4,363154.7,128.0,56.0
426356.28,363154.7,128.0,56.0
426566.12,363154.7,128.0,56.0
426776.0,363154.7,140.0,56.0
426985.84,363154.7,140.0,56.0
427195.72,363154.7,140.0,56.0
427405.6,363154.7,140.0,56.0
427615.44,363154.7,140.0,56.0
427825.3,363154.7,,
428035.16,363154.7,,
428245.03,363154.7,,
428454.9,363154.7,,
428664.75,363154.7,,
428874.62,363154.7,,
429084.5,363154.7,,
429294.34,363154.7,,
429504.22,363154.7,,
429714.06,363154.7,,
429923.94,363154.7,,
430133.8,363154.7,,
430343.66,363154.7,,
430553.53,363154.7,,
430763.38,363154.7,,
430973.25,363154.7,,
431183.12,363154.7,,
431392.97,363154.7,,
431602.84,363154.7,,
431812.72,363154.7,,
432022.56,363154.7,,
432232.44,363154.7,,
432442.28,363154.7,,
432652.16,363154.7,,
432862.03,363154.7,,
433071.88,363154.7,,
433281.75,363154.7,,
433491.6,363154.7,,
433701.47,363154.7,,
433911.34,363154.7,,
434121.2,363154.7,,
434331.06,363154.7,,
434540.94,363154.7,,
434750.78,363154.7,,
434960.66,363154.7,,
435170.5,363154.7,,
435380.38,363154.7,,
435590.25,363154.7,,
435800.1,363154.7,,
436009.97,363154.7,,
436219.8,363154.7,,
436429.7,363154.7,,
436639.56,363154.7,,
436849.4,363154.7,,
437059.28,363154.7,,
437269.16,363154.7,,
437479.0,363154.7,,
437688.88,363154.7,,
437898.72,363154.7,,
438108.6,363154.7,,
438318.47,363154.7,,
438528.3,363154.7,,
438738.2,363154.7,,
438948.03,363154.7,,
439157.9,363154.7,,
439367.78,363154.7,,
439577.62,363154.7,,
439787.5,363154.7,,
439997.38,363154.7,,
440207.22,363154.7,,
440417.1,363154.7,,
440626.94,363154.7,,
440836.8,363154.7,,
441046.7,363154.7,,
441256.53,363154.7,,
441466.4,363154.7,164.0,-292.0
441676.25,363154.7,176.0,-292.0
441886.12,363154.7,176.0,-292.0
442096.0,363154.7,176.0,-292.0
442305.84,363154.7,176.0,-292.0
442515.72,363154.7,176.0,-280.0
442725.6,363154.7,176.0,-280.0
442935.44,363154.7,176.0,-280.0
443145.3,363154.7,176.0,-292.0
443355.16,363154.7,176.0,-292.0
443565.03,363154.7,176.0,-292.0
443774.9,363154.7,176.0,-292.0
443984.75,363154.7,176.0,-292.0
444194.62,363154.7,176.0,-292.0
444404.47,363154.7,176.0,-292.0
444614.34,363154.7,176.0,-292.0
444824.22,363154.7,176.0,-292.0
445034.06,363154.7,176.0,-292.0
445243.94,363154.7,176.0,-364.0
445453.8,363154.7,176.0,-364.0
445663.66,363154.7,176.0,-364.0
445873.53,363154.7,176.0,-364.0
446083.38,363154.7,176.0,-364.0
446293.25,363154.7,176.0,-364.0
446503.12,363154.7,140.0,-400.0
446712.97,363154.7,140.0,-400.0
446922.84,363154.7,140.0,-400.0
447132.7,363154.7,140.0,-400.0
447342.56,363154.7,140.0,-400.0
447552.44,363154.7,140.0,-400.0
447762.28,363154.7,140.0,-400.0
447972.16,363154.7,140.0,-400.0
448182.03,363154.7,140.0,-400.0
448391.88,363154.7,140.0,-400.0
448601.75,363154.7,140.0,-400.0
448811.6,363154.7,140.0,-556.0
449021.47,363154.7,104.0,-556.0
449231.34,363154.7,164.0,-508.0
449441.2,363154.7,164.0,-508.0
449651.06,363154.7,164.0,-508.0
449860.9,363154.7,164.0,-508.0
450070.78,363154.7,164.0,-508.0
450280.66,363154.7,164.0,-508.0
450490.5,363154.7,164.0,-496.0
450700.38,363154.7,104.0,-592.0
450910.25,363154.7,104.0,-580.0
451120.1,363154.7,104.0,-580.0
451329.97,363154.7,104.0,-580.0
451539.8,363154.7,92.0,-592.0
451749.7,363154.7,92.0,-592.0
451959.56,363154.7,92.0,-592.0
452169.4,363154.7,92.0,-580.0
452379.28,363154.7,92.0,-580.0
452589.12,363154.7,92.0,-580.0
452799.0,363154.7,92.0,-580.0
453008.88,363154.7,92.0,-580.0
453218.72,363154.7,80.0,-580.0
453428.6,363154.7,80.0,-580.0
453638.47,363154.7,80.0,-592.0
453848.3,363154.7,212.0,-688.0
454058.2,363154.7,212.0,-688.0
454268.03,363154.7,212.0,-688.0
454477.9,363154.7,212.0,-688.0
454687.78,363154.7,200.0,-688.0
454897.62,363154.7,200.0,-700.0
455107.5,363154.7,200.0,-700.0
455317.34,363154.7,200.0,-700.0
455527.22,363154.7,200.0,-700.0
455737.1,363154.7,200.0,-700.0
455946.94,363154.7,200.0,-700.0
456156.8,363154.7,200.0,-700.0
456366.7,363154.7,200.0,-700.0
456576.53,363154.7,188.0,-700.0
456786.4,363154.7,188.0,-700.0
456996.25,363154.7,188.0,-700.0
457206.12,363154.7,188.0,-700.0
457416.0,363154.7,188.0,-700.0
457625.84,363154.7,188.0,-700.0
457835.72,363154.7,188.0,-700.0
458045.6,363154.7,188.0,-700.0
458255.44,363154.7,188.0,-700.0
458465.3,363154.7,188.0,-700.0
458675.16,363154.7,176.0,-700.0
458885.03,363154.7,176.0,-700.0
459094.9,363154.7,176.0,-700.0
459304.75,363154.7,176.0,-712.0
459514.62,363154.7,176.0,-712.0
459724.47,363154.7,176.0,-712.0
459934.34,363154.7,176.0,-712.0
460144.22,363154.7,176.0,-712.0
418381.47,363357.3,,
418591.34,363357.3,,
418801.2,363357.3,,
419011.06,363357.3,,
419220.94,363357.3,,
419430.78,363357.3,,
419640.66,363357.3,,
419850.5,363357.3,,
420060.38,363357.3,,
420270.25,363357.3,,
420480.1,363357.3,,
420689.97,363357.3,,
420899.84,363357.3,,
421109.7,363357.3,,
421319.56,363357.3,,
421529.4,363357.3,,
421739.28,363357.3,,
421949.16,363357.3,,
422159.0,363357.3,,
422368.88,363357.3,,
422578.72,363357.3,,
422788.6,363357.3,,
422998.47,363357.3,,
423208.3,363357.3,128.0,56.0
423418.2,363357.3,128.0,56.0
423628.06,363357.3,128.0,56.0
423837.9,363357.3,128.0,68.0
424047.78,363357.3,128.0,56.0
424257.62,363357.3,128.0,56.0
424467.5,363357.3,128.0,56.0
424677.38,363357.3,128.0,56.0
424887.22,363357.3,128.0,56.0
425097.1,363357.3,128.0,56.0
425306.94,363357.3,128.0,56.0
425516.8,363357.3,128.0,56.0
425726.7,363357.3,128.0,56.0
425936.53,363357.3,128.0,56.0
426146.4,363357.3,128.0,56.0
426356.28,363357.3,128.0,56.0
426566.12,363357.3,128.0,56.0
426776.0,363357.3,140.0,56.0
426985.84,363357.3,140.0,56.0
427195.72,363357.3,140.0,56.0
427405.6,363357.3,140.0,56.0
427615.44,363357.3,,
427825.3,363357.3,,
428035.16,363357.3,,
428245.03,363357.3,,
428454.9,363357.3,,
428664.75,363357.3,,
428874.62,363357.3,,
429084.5,363357.3,,
429294.34,363357.3,,
429504.22,363357.3,,
429714.06,363357.3,,
429923.94,363357.3,,
430133.8,363357.3,,
430343.66,363357.3,,
430553.53,363357.3,,
430763.38,363357.3,,
430973.25,363357.3,,
431183.12,363357.3,,
431392.97,363357.3,,
431602.84,363357.3,,
431812.72,363357.3,,
432022.56,363357.3,,
432232.44,363357.3,,
432442.28,363357.3,,
432652.16,363357.3,,
432862.03,363357.3,,
433071.88,363357.3,,
433281.75,363357.3,,
433491.6,363357.3,,
433701.47,363357.3,,
433911.34,363357.3,,
434121.2,363357.3,,
434331.06,363357.3,,
434540.94,363357.3,,
434750.78,363357.3,,
434960.66,363357.3,,
435170.5,363357.3,,
435380.38,363357.3,,
435590.25,363357.3,,
435800.1,363357.3,,
436009.97,363357.3,,
436219.8,363357.3,,
436429.7,363357.3,,
436639.56,363357.3,,
436849.4,363357.3,,
437059.28,363357.3,,
437269.16,363357.3,,
437479.0,363357.3,,
437688.88,363357.3,,
437898.72,363357.3,,
438108.6,363357.3,,
438318.47,363357.3,,
438528.3,363357.3,,
438738.2,363357.3,,
438948.03,363357.3,,
439157.9,363357.3,,
439367.78,363357.3,,
439577.62,363357.3,,
439787.5,363357.3,,
439997.38,363357.3,,
440207.22,363357.3,,
440417.1,363357.3,,
440626.94,363357.3,,
440836.8,363357.3,,
441046.7,363357.3,,
441256.53,363357.3,,
441466.4,363357.3,,
441676.25,363357.3,,
441886.12,363357.3,,
442096.0,363357.3,164.0,-292.0
442305.84,363357.3,164.0,-292.0
442515.72,363357.3,176.0,-292.0
442725.6,363357.3,176.0,-292.0
442935.44,363357.3,176.0,-292.0
443145.3,363357.3,176.0,-292.0
443355.16,363357.3,176.0,-292.0
443565.03,363357.3,176.0,-292.0
443774.9,363357.3,176.0,-292.0
443984.75,363357.3,176.0,-292.0
444194.62,363357.3,176.0,-292.0
444404.47,363357.3,176.0,-292.0
444614.34,363357.3,176.0,-292.0
444824.22,363357.3,176.0,-292.0
445034.06,363357.3,176.0,-292.0
445243.94,363357.3,176.0,-364.0
445453.8,363357.3,176.0,-364.0
445663.66,363357.3,176.0,-364.0
445873.53,363357.3,176.0,-364.0
446083.38,363357.3,176.0,-364.0
446293.25,363357.3,140.0,-400.0
446503.12,363357.3,140.0,-400.0
446712.97,363357.3,140.0,-400.0
446922.84,363357.3,140.0,-400.0
447132.7,363357.3,140.0,-400.0
447342.56,363357.3,140.0,-400.0
447552.44,363357.3,140.0,-400.0
447762.28,363357.3,140.0,-400.0
447972.16,363357.3,140.0,-400.0
448182.03,363357.3,140.0,-400.0
448391.88,363357.3,140.0,-400.0
448601.75,363357.3,140.0,-400.0
448811.6,363357.3,104.0,-556.0
449021.47,363357.3,104.0,-556.0
449231.34,363357.3,104.0,-556.0
449441.2,363357.3,104.0,-556.0
449651.06,363357.3,164.0,-508.0
449860.9,363357.3,164.0,-508.0
450070.78,363357.3,164.0,-508.0
450280.66,363357.3,164.0,-508.0
450490.5,363357.3,164.0,-508.0
450700.38,363357.3,104.0,-592.0
450910.25,363357.3,104.0,-592.0
451120.1,363357.3,104.0,-592.0
451329.97,363357.3,104.0,-592.0
451539.8,363357.3,104.0,-592.0
451749.7,363357.3,92.0,-592.0
451959.56,363357.3,92.0,-592.0
452169.4,363357.3,92.0,-592.0
452379.28,363357.3,92.0,-592.0
452589.12,363357.3,92.0,-592.0
452799.0,363357.3,92.0,-592.0
453008.88,363357.3,92.0,-592.0
453218.72,363357.3,92.0,-592.0
453428.6,363357.3,80.0,-592.0
453638.47,363357.3,80.0,-592.0
453848.3,363357.3,80.0,-592.0
454058.2,363357.3,212.0,-688.0
454268.03,363357.3,212.0,-688.0
454477.9,363357.3,200.0,-688.0
454687.78,363357.3,200.0,-700.0
454897.62,363357.3,200.0,-700.0
455107.5,363357.3,200.0,-700.0
455317.34,363357.3,200.0,-700.0
455527.22,363357.3,200.0,-700.0
455737.1,363357.3,200.0,-700.0
455946.94,363357.3,200.0,-700.0
456156.8,363357.3,200.0,-700.0
456366.7,363357.3,200.0,-700.0
456576.53,363357.3,200.0,-700.0
456786.4,363357.3,188.0,-700.0
456996.25,363357.3,188.0,-700.0
457206.12,363357.3,188.0,-700.0
457416.0,363357.3,188.0,-700.0
457625.84,363357.3,188.0,-700.0
457835.72,363357.3,188.0,-700.0
458045.6,363357.3,188.0,-700.0
458255.44,363357.3,188.0,-700.0
458465.3,363357.3,188.0,-700.0
458675.16,363357.3,176.0,-712.0
458885.03,363357.3,176.0,-712.0
459094.9,363357.3,176.0,-712.0
459304.75,363357.3,176.0,-712.0
459514.62,363357.3,176.0,-712.0
459724.47,363357.3,176.0,-712.0
459934.34,363357.3,176.0,-712.0
460144.22,363357.3,176.0,-712.0
418381.47,363559.94,,
418591.34,363559.94,,
418801.2,363559.94,,
419011.06,363559.94,,
419220.94,363559.94,,
419430.78,363559.94,,
419640.66,363559.94,,
419850.5,363559.94,,
420060.38,363559.94,,
420270.25,363559.94,,
420480.1,363559.94,,
420689.97,363559.94,,
420899.84,363559.94,,
421109.7,363559.94,,
421319.56,363559.94,,
421529.4,363559.94,,
421739.28,363559.94,,
421949.16,363559.94,,
422159.0,363559.94,,
422368.88,363559.94,,
422578.72,363559.94,,
422788.6,363559.94,,
422998.47,363559.94,128.0,68.0
423208.3,363559.94,128.0,68.0
423418.2,363559.94,128.0,68.0
423628.06,363559.94,128.0,68.0
423837.9,363559.94,128.0,68.0
424047.78,363559.94,128.0,56.0
424257.62,363559.94,128.0,56.0
424467.5,363559.94,128.0,56.0
424677.38,363559.94,128.0,56.0
424887.22,363559.94,128.0,56.0
425097.1,363559.94,128.0,56.0
425306.94,363559.94,128.0,56.0
425516.8,363559.94,128.0,56.0
425726.7,363559.94,128.0,56.0
425936.53,363559.94,128.0,56.0
426146.4,363559.94,128.0,56.0
426356.28,363559.94,128.0,56.0
426566.12,363559.94,128.0,56.0
426776.0,363559.94,128.0,56.0
426985.84,363559.94,140.0,56.0
427195.72,363559.94,140.0,56.0
427405.6,363559.94,,
427615.44,363559.94,,
427825.3,363559.94,,
428035.16,363559.94,,
428245.03,363559.94,,
428454.9,363559.94,,
428664.75,363559.94,,
428874.62,363559.94,,
429084.5,363559.94,,
429294.34,363559.94,,
429504.22,363559.94,,
429714.06,363559.94,,
429923.94,363559.94,,
430133.8,363559.94,,
430343.66,363559.94,,
430553.53,363559.94,,
430763.38,363559.94,,
430973.25,363559.94,,
431183.12,363559.94,,
431392.97,363559.94,,
431602.84,363559.94,,
431812.72,363559.94,,
432022.56,363559.94,,
432232.44,363559.94,,
432442.28,363559.94,,
432652.16,363559.94,,
432862.03,363559.94,,
433071.88,363559.94,,
433281.75,363559.94,,
433491.6,363559.94,,
433701.47,363559.94,,
433911.34,363559.94,,
434121.2,363559.94,,
434331.06,363559.94,,
434540.94,363559.94,,
434750.78,363559.94,,
434960.66,363559.94,,
435170.5,363559.94,,
435380.38,363559.94,,
435590.25,363559.94,,
435800.1,363559.94,,
436009.97,363559.94,,
436219.8,363559.94,,
436429.7,363559.94,,
436639.56,363559.94,,
436849.4,363559.94,,
437059.28,363559.94,,
437269.16,363559.94,,
437479.0,363559.94,,
437688.88,363559.94,,
437898.72,363559.94,,
438108.6,363559.94,,
438318.47,363559.94,,
438528.3,363559.94,,
438738.2,363559.94,,
438948.03,363559.94,,
439157.9,363559.94,,
439367.78,363559.94,,
439577.62,363559.94,,
439787.5,363559.94,,
439997.38,363559.94,,
440207.22,363559.94,,
440417.1,363559.94,,
440626.94,363559.94,,
440836.8,363559.94,,
441046.7,363559.94,,
441256.53,363559.94,,
441466.4,363559.94,,
441676.25,363559.94,,
441886.12,363559.94,,
442096.0,363559.94,,
442305.84,363559.94,,
442515.72,363559.94,,
442725.6,363559.94,,
442935.44,363559.94,164.0,-292.0
443145.3,363559.94,164.0,-292.0
443355.16,363559.94,164.0,-292.0
443565.03,363559.94,164.0,-292.0
443774.9,363559.94,164.0,-292.0
443984.75,363559.94,164.0,-292.0
444194.62,363559.94,164.0,-292.0
444404.47,363559.94,164.0,-292.0
444614.34,363559.94,164.0,-292.0
444824.22,363559.94,176.0,-292.0
445034.06,363559.94,176.0,-292.0
445243.94,363559.94,164.0,-364.0
445453.8,363559.94,164.0,-364.0
445663.66,363559.94,164.0,-364.0
445873.53,363559.94,164.0,-364.0
446083.38,363559.94,164.0,-364.0
446293.25,363559.94,140.0,-400.0
446503.12,363559.94,140.0,-400.0
446712.97,363559.94,140.0,-400.0
446922.84,363559.94,140.0,-400.0
447132.7,363559.94,140.0,-400.0
447342.56,363559.94,140.0,-400.0
447552.44,363559.94,140.0,-400.0
447762.28,363559.94,140.0,-400.0
447972.16,363559.94,140.0,-400.0
448182.03,363559.94,140.0,-400.0
448391.88,363559.94,140.0,-400.0
448601.75,363559.94,104.0,-556.0
448811.6,363559.94,104.0,-556.0
449021.47,363559.94,104.0,-556.0
449231.34,363559.94,104.0,-556.0
449441.2,363559.94,104.0,-556.0
449651.06,363559.94,104.0,-556.0
449860.9,363559.94,104.0,-556.0
450070.78,363559.94,152.0,-508.0
450280.66,363559.94,152.0,-508.0
450490.5,363559.94,152.0,-508.0
450700.38,363559.94,104.0,-592.0
450910.25,363559.94,104.0,-592.0
451120.1,363559.94,104.0,-592.0
451329.97,363559.94,104.0,-592.0
451539.8,363559.94,104.0,-592.0
451749.7,363559.94,92.0,-592.0
451959.56,363559.94,92.0,-592.0
452169.4,363559.94,92.0,-592.0
452379.28,363559.94,92.0,-592.0
452589.12,363559.94,92.0,-592.0
452799.0,363559.94,92.0,-592.0
453008.88,363559.94,92.0,-592.0
453218.72,363559.94,92.0,-592.0
453428.6,363559.94,80.0,-592.0
453638.47,363559.94,92.0,-688.0
453848.3,363559.94,80.0,-688.0
454058.2,363559.94,80.0,-688.0
454268.03,363559.94,80.0,-688.0
454477.9,363559.94,80.0,-688.0
454687.78,363559.94,80.0,-688.0
454897.62,363559.94,200.0,-700.0
455107.5,363559.94,200.0,-700.0
455317.34,363559.94,200.0,-700.0
455527.22,363559.94,200.0,-700.0
455737.1,363559.94,200.0,-700.0
455946.94,363559.94,200.0,-700.0
456156.8,363559.94,200.0,-700.0
456366.7,363559.94,200.0,-700.0
456576.53,363559.94,200.0,-700.0
456786.4,363559.94,188.0,-700.0
456996.25,363559.94,188.0,-700.0
457206.12,363559.94,188.0,-700.0
457416.0,363559.94,188.0,-700.0
457625.84,363559.94,188.0,-700.0
457835.72,363559.94,188.0,-700.0
458045.6,363559.94,188.0,-712.0
458255.44,363559.94,188.0,-712.0
458465.3,363559.94,188.0,-712.0
458675.16,363559.94,176.0,-712.0
458885.03,363559.94,176.0,-712.0
459094.9,363559.94,176.0,-712.0
459304.75,363559.94,176.0,-712.0
459514.62,363559.94,176.0,-712.0
459724.47,363559.94,176.0,-712.0
459934.34,363559.94,176.0,-712.0
460144.22,363559.94,176.0,-712.0
418381.47,363762.56,,
418591.34,363762.56,,
418801.2,363762.56,,
419011.06,363762.56,,
419220.94,363762.56,,
419430.78,363762.56,,
419640.66,363762.56,,
419850.5,363762.56,,
420060.38,363762.56,,
420270.25,363762.56,,
420480.1,363762.56,,
420689.97,363762.56,,
420899.84,363762.56,,
421109.7,363762.56,,
421319.56,363762.56,,
421529.4,363762.56,,
421739.28,363762.56,,
421949.16,363762.56,,
422159.0,363762.56,,
422368.88,363762.56,,
422578.72,363762.56,,
422788.6,363762.56,,
422998.47,363762.56,128.0,68.0
423208.3,363762.56,128.0,68.0
423418.2,363762.56,128.0,68.0
423628.06,363762.56,128.0,68.0
423837.9,363762.56,128.0,56.0
424047.78,363762.56,128.0,56.0
424257.62,363762.56,128.0,56.0
424467.5,363762.56,128.0,56.0
424677.38,363762.56,128.0,56.0
424887.22,363762.56,128.0,56.0
425097.1,363762.56,128.0,56.0
425306.94,363762.56,128.0,56.0
425516.8,363762.56,128.0,56.0
425726.7,363762.56,128.0,56.0
425936.53,363762.56,128.0,56.0
426146.4,363762.56,128.0,56.0
426356.28,363762.56,128.0,56.0
426566.12,363762.56,128.0,56.0
426776.0,363762.56,128.0,56.0
426985.84,363762.56,140.0,56.0
427195.72,363762.56,,
427405.6,363762.56,,
427615.44,363762.56,,
427825.3,363762.56,,
428035.16,363762.56,,
428245.03,363762.56,,
428454.9,363762.56,,
428664.75,363762.56,,
428874.62,363762.56,,
429084.5,363762.56,,
429294.34,363762.56,,
429504.22,363762.56,,
429714.06,363762.56,,
429923.94,363762.56,,
430133.8,363762.56,,
430343.66,363762.56,,
430553.53,363762.56,,
430763.38,363762.56,,
430973.25,363762.56,,
431183.12,363762.56,,
431392.97,363762.56,,
431602.84,363762.56,,
431812.72,363762.56,,
432022.56,363762.56,,
432232.44,363762.56,,
432442.28,363762.56,,
432652.16,363762.56,,
432862.03,363762.56,,
433071.88,363762.56,,
433281.75,363762.56,,
433491.6,363762.56,,
433701.47,363762.56,,
433911.34,363762.56,,
434121.2,363762.56,,
434331.06,363762.56,,
434540.94,363762.56,,
434750.78,363762.56,,
434960.66,363762.56,,
435170.5,363762.56,,
435380.38,363762.56,,
435590.25,363762.56,,
435800.1,363762.56,,
436009.97,363762.56,,
436219.8,363762.56,,
436429.7,363762.56,,
436639.56,363762.56,,
436849.4,363762.56,,
437059.28,363762.56,,
437269.16,363762.56,,
437479.0,363762.56,,
437688.88,363762.56,,
437898.72,363762.56,,
438108.6,363762.56,,
438318.47,363762.56,,
438528.3,363762.56,,
438738.2,363762.56,,
438948.03,363762.56,,
439157.9,363762.56,,
439367.78,363762.56,,
439577.62,363762.56,,
439787.5,363762.56,,
439997.38,363762.56,,
440207.22,363762.56,,
440417.1,363762.56,,
440626.94,363762.56,,
440836.8,363762.56,,
441046.7,363762.56,,
441256.53,363762.56,,
441466.4,363762.56,,
441676.25,363762.56,,
441886.12,363762.56,,
442096.0,363762.56,,
442305.84,363762.56,,
442515.72,363762.56,,
442725.6,363762.56,,
442935.44,363762.56,,
443145.3,363762.56,,
443355.16,363762.56,,
443565.03,363762.56,164.0,-292.0
443774.9,363762.56,164.0,-292.0
443984.75,363762.56,164.0,-292.0
444194.62,363762.56,164.0,-292.0
444404.47,363762.56,164.0,-292.0
444614.34,363762.56,164.0,-292.0
444824.22,363762.56,164.0,-292.0
445034.06,363762.56,164.0,-292.0
445243.94,363762.56,164.0,-364.0
445453.8,363762.56,164.0,-364.0
445663.66,363762.56,164.0,-364.0
445873.53,363762.56,164.0,-364.0
446083.38,363762.56,140.0,-400.0
446293.25,363762.56,140.0,-400.0
446503.12,363762.56,140.0,-400.0
446712.97,363762.56,140.0,-400.0
446922.84,363762.56,140.0,-400.0
447132.7,363762.56,140.0,-400.0
447342.56,363762.56,140.0,-400.0
447552.44,363762.56,140.0,-400.0
447762.28,363762.56,140.0,-400.0
447972.16,363762.56,140.0,-400.0
448182.03,363762.56,140.0,-400.0
448391.88,363762.56,104.0,-568.0
448601.75,363762.56,104.0,-556.0
448811.6,363762.56,104.0,-556.0
449021.47,363762.56,104.0,-556.0
449231.34,363762.56,104.0,-556.0
449441.2,363762.56,104.0,-556.0
449651.06,363762.56,104.0,-556.0
449860.9,363762.56,104.0,-556.0
450070.78,363762.56,104.0,-556.0
450280.66,363762.56,104.0,-556.0
450490.5,363762.56,152.0,-508.0
450700.38,363762.56,104.0,-592.0
450910.25,363762.56,104.0,-592.0
451120.1,363762.56,104.0,-592.0
451329.97,363762.56,104.0,-592.0
451539.8,363762.56,104.0,-592.0
451749.7,363762.56,92.0,-592.0
451959.56,363762.56,92.0,-592.0
452169.4,363762.56,92.0,-592.0
452379.28,363762.56,92.0,-592.0
452589.12,363762.56,92.0,-592.0
452799.0,363762.56,92.0,-592.0
453008.88,363762.56,92.0,-592.0
453218.72,363762.56,92.0,-592.0
453428.6,363762.56,92.0,-688.0
453638.47,363762.56,92.0,-688.0
453848.3,363762.56,80.0,-688.0
454058.2,363762.56,80.0,-688.0
454268.03,363762.56,80.0,-688.0
454477.9,363762.56,80.0,-688.0
454687.78,363762.56,80.0,-688.0
454897.62,363762.56,80.0,-688.0
455107.5,363762.56,80.0,-688.0
455317.34,363762.56,80.0,-688.0
455527.22,363762.56,80.0,-688.0
455737.1,363762.56,80.0,-688.0
455946.94,363762.56,200.0,-700.0
456156.8,363762.56,200.0,-700.0
456366.7,363762.56,200.0,-700.0
456576.53,363762.56,200.0,-700.0
456786.4,363762.56,188.0,-700.0
456996.25,363762.56,188.0,-712.0
457206.12,363762.56,188.0,-712.0
457416.0,363762.56,188.0,-712.0
457625.84,363762.56,188.0,-712.0
457835.72,363762.56,188.0,-712.0
458045.6,363762.56,188.0,-712.0
458255.44,363762.56,188.0,-712.0
458465.3,363762.56,188.0,-712.0
458675.16,363762.56,176.0,-712.0
458885.03,363762.56,176.0,-712.0
459094.9,363762.56,176.0,-712.0
459304.75,363762.56,176.0,-712.0
459514.62,363762.56,176.0,-712.0
459724.47,363762.56,176.0,-712.0
459934.34,363762.56,176.0,-712.0
460144.22,363762.56,176.0,-712.0
418381.47,363965.16,,
418591.34,363965.16,,
418801.2,363965.16,,
419011.06,363965.16,,
419220.94,363965.16,,
419430.78,363965.16,,
419640.66,363965.16,,
419850.5,363965.16,,
420060.38,363965.16,,
420270.25,363965.16,,
420480.1,363965.16,,
420689.97,363965.16,,
420899.84,363965.16,,
421109.7,363965.16,,
421319.56,363965.16,,
421529.4,363965.16,,
421739.28,363965.16,,
421949.16,363965.16,,
422159.0,363965.16,,
422368.88,363965.16,,
422578.72,363965.16,,
422788.6,363965.16,128.0,68.0
422998.47,363965.16,128.0,68.0
423208.3,363965.16,128.0,68.0
423418.2,363965.16,128.0,68.0
423628.06,363965.16,128.0,56.0
423837.9,363965.16,128.0,56.0
424047.78,363965.16,128.0,56.0
424257.62,363965.16,128.0,56.0
424467.5,363965.16,128.0,56.0
424677.38,363965.16,128.0,56.0
424887.22,363965.16,128.0,56.0
425097.1,363965.16,128.0,56.0
425306.94,363965.16,128.0,56.0
425516.8,363965.16,128.0,56.0
425726.7,363965.16,128.0,56.0
425936.53,363965.16,128.0,56.0
426146.4,363965.16,128.0,56.0
426356.28,363965.16,128.0,56.0
426566.12,363965.16,128.0,56.0
426776.0,363965.16,128.0,56.0
426985.84,363965.16,,
427195.72,363965.16,,
427405.6,363965.16,,
427615.44,363965.16,,
427825.3,363965.16,,
428035.16,363965.16,,
428245.03,363965.16,,
428454.9,363965.16,,
428664.75,363965.16,,
428874.62,363965.16,,
429084.5,363965.16,,
429294.34,363965.16,,
429504.22,363965.16,,
429714.06,363965.16,,
429923.94,363965.16,,
430133.8,363965.16,,
430343.66,363965.16,,
430553.53,363965.16,,
430763.38,363965.16,,
430973.25,363965.16,,
431183.12,363965.16,,
431392.97,363965.16,,
431602.84,363965.16,,
431812.72,363965.16,,
432022.56,363965.16,,
432232.44,363965.16,,
432442.28,363965.16,,
432652.16,363965.16,,
432862.03,363965.16,,
433071.88,363965.16,,
433281.75,363965.16,,
433491.6,363965.16,,
433701.47,363965.16,,
433911.34,363965.16,,
434121.2,363965.16,,
434331.06,363965.16,,
434540.94,363965.16,,
434750.78,363965.16,,
434960.66,363965.16,,
435170.5,363965.16,,
435380.38,363965.16,,
435590.25,363965.16,,
435800.1,363965.16,,
436009.97,363965.16,,
436219.8,363965.16,,
436429.7,363965.16,,
436639.56,363965.16,,
436849.4,363965.16,,
437059.28,363965.16,,
437269.16,363965.16,,
437479.0,363965.16,,
437688.88,363965.16,,
437898.72,363965.16,,
438108.6,363965.16,,
438318.47,363965.16,,
438528.3,363965.16,,
438738.2,363965.16,,
438948.03,363965.16,,
439157.9,363965.16,,
439367.78,363965.16,,
439577.62,363965.16,,
439787.5,363965.16,,
439997.38,363965.16,,
440207.22,363965.16,,
440417.1,363965.16,,
440626.94,363965.16,,
440836.8,363965.16,,
441046.7,363965.16,,
441256.53,363965.16,,
441466.4,363965.16,,
441676.25,363965.16,,
441886.12,363965.16,,
442096.0,363965.16,,
442305.84,363965.16,,
442515.72,363965.16,,
442725.6,363965.16,,
442935.44,363965.16,,
443145.3,363965.16,,
443355.16,363965.16,,
443565.03,363965.16,,
443774.9,363965.16,,
443984.75,363965.16,,
444194.62,363965.16,,
444404.47,363965.16,164.0,-292.0
444614.34,363965.16,164.0,-292.0
444824.22,363965.16,164.0,-292.0
445034.06,363965.16,164.0,-292.0
445243.94,363965.16,164.0,-364.0
445453.8,363965.16,164.0,-364.0
445663.66,363965.16,164.0,-364.0
445873.53,363965.16,164.0,-364.0
446083.38,363965.16,140.0,-400.0
446293.25,363965.16,140.0,-400.0
446503.12,363965.16,140.0,-400.0
446712.97,363965.16,140.0,-400.0
446922.84,363965.16,140.0,-400.0
447132.7,363965.16,140.0,-400.0
447342.56,363965.16,140.0,-400.0
447552.44,363965.16,140.0,-400.0
447762.28,363965.16,140.0,-400.0
447972.16,363965.16,140.0,-400.0
448182.03,363965.16,104.0,-568.0
448391.88,363965.16,104.0,-568.0
448601.75,363965.16,104.0,-568.0
448811.6,363965.16,104.0,-568.0
449021.47,363965.16,104.0,-556.0
449231.34,363965.16,104.0,-556.0
449441.2,363965.16,104.0,-556.0
449651.06,363965.16,104.0,-556.0
449860.9,363965.16,104.0,-556.0
450070.78,363965.16,104.0,-556.0
450280.66,363965.16,104.0,-556.0
450490.5,363965.16,104.0,-556.0
450700.38,363965.16,104.0,-592.0
450910.25,363965.16,104.0,-592.0
451120.1,363965.16,104.0,-592.0
451329.97,363965.16,104.0,-592.0
451539.8,363965.16,104.0,-592.0
451749.7,363965.16,104.0,-592.0
451959.56,363965.16,92.0,-592.0
452169.4,363965.16,92.0,-592.0
452379.28,363965.16,92.0,-592.0
452589.12,363965.16,92.0,-592.0
452799.0,363965.16,92.0,-592.0
453008.88,363965.16,92.0,-592.0
453218.72,363965.16,92.0,-688.0
453428.6,363965.16,92.0,-688.0
453638.47,363965.16,92.0,-688.0
453848.3,363965.16,80.0,-688.0
454058.2,363965.16,80.0,-688.0
454268.03,363965.16,80.0,-688.0
454477.9,363965.16,80.0,-688.0
454687.78,363965.16,80.0,-688.0
454897.62,363965.16,80.0,-688.0
455107.5,363965.16,80.0,-688.0
455317.34,363965.16,80.0,-688.0
455527.22,363965.16,80.0,-688.0
455737.1,363965.16,80.0,-688.0
455946.94,363965.16,80.0,-688.0
456156.8,363965.16,80.0,-700.0
456366.7,363965.16,80.0,-700.0
456576.53,363965.16,80.0,-700.0
456786.4,363965.16,188.0,-712.0
456996.25,363965.16,188.0,-712.0
457206.12,363965.16,188.0,-712.0
457416.0,363965.16,188.0,-712.0
457625.84,363965.16,188.0,-712.0
457835.72,363965.16,188.0,-712.0
458045.6,363965.16,188.0,-712.0
458255.44,363965.16,188.0,-712.0
458465.3,363965.16,188.0,-712.0
458675.16,363965.16,176.0,-712.0
458885.03,363965.16,176.0,-712.0
459094.9,363965.16,176.0,-712.0
459304.75,363965.16,176.0,-712.0
459514.62,363965.16,176.0,-712.0
459724.47,363965.16,176.0,-712.0
459934.34,363965.16,176.0,-712.0
460144.22,363965.16,176.0,-712.0
418381.47,364167.78,,
418591.34,364167.78,,
418801.2,364167.78,,
419011.06,364167.78,,
419220.94,364167.78,,
419430.78,364167.78,,
419640.66,364167.78,,
419850.5,364167.78,,
420060.38,364167.78,,
420270.25,364167.78,,
420480.1,364167.78,,
420689.97,364167.78,,
420899.84,364167.78,,
421109.7,364167.78,,
421319.56,364167.78,,
421529.4,364167.78,,
421739.28,364167.78,,
421949.16,364167.78,,
422159.0,364167.78,,
422368.88,364167.78,,
422578.72,364167.78,,
422788.6,364167.78,128.0,68.0
422998.47,364167.78,128.0,56.0
423208.3,364167.78,128.0,56.0
423418.2,364167.78,128.0,56.0
423628.06,364167.78,128.0,56.0
423837.9,364167.78,128.0,56.0
424047.78,364167.78,128.0,56.0
424257.62,364167.78,128.0,56.0
424467.5,364167.78,128.0,56.0
424677.38,364167.78,128.0,56.0
424887.22,364167.78,128.0,56.0
425097.1,364167.78,128.0,56.0
425306.94,364167.78,128.0,56.0
425516.8,364167.78,128.0,56.0
425726.7,364167.78,128.0,56.0
425936.53,364167.78,128.0,56.0
426146.4,364167.78,128.0,56.0
426356.28,364167.78,128.0,56.0
426566.12,364167.78,128.0,56.0
426776.0,364167.78,,
426985.84,364167.78,,
427195.72,364167.78,,
427405.6,364167.78,,
427615.44,364167.78,,
427825.3,364167.78,,
428035.16,364167.78,,
428245.03,364167.78,,
428454.9,364167.78,,
428664.75,364167.78,,
428874.62,364167.78,,
429084.5,364167.78,,
429294.34,364167.78,,
429504.22,364167.78,,
429714.06,364167.78,,
429923.94,364167.78,,
430133.8,364167.78,,
430343.66,364167.78,,
430553.53,364167.78,,
430763.38,364167.78,,
430973.25,364167.78,,
431183.12,364167.78,,
431392.97,364167.78,,
431602.84,364167.78,,
431812.72,364167.78,,
432022.56,364167.78,,
432232.44,364167.78,,
432442.28,364167.78,,
432652.16,364167.78,,
432862.03,364167.78,,
433071.88,364167.78,,
433281.75,364167.78,,
433491.6,364167.78,,
433701.47,364167.78,,
433911.34,364167.78,,
434121.2,364167.78,,
434331.06,364167.78,,
434540.94,364167.78,,
434750.78,364167.78,,
434960.66,364167.78,,
435170.5,364167.78,,
435380.38,364167.78,,
435590.25,364167.78,,
435800.1,364167.78,,
436009.97,364167.78,,
436219.8,364167.78,,
436429.7,364167.78,,
436639.56,364167.78,,
436849.4,364167.78,,
437059.28,364167.78,,
437269.16,364167.78,,
437479.0,364167.78,,
437688.88,364167.78,,
437898.72,364167.78,,
438108.6,364167.78,,
438318.47,364167.78,,
438528.3,364167.78,,
438738.2,364167.78,,
438948.03,364167.78,,
439157.9,364167.78,,
439367.78,364167.78,,
439577.62,364167.78,,
439787.5,364167.78,,
439997.38,364167.78,,
440207.22,364167.78,,
440417.1,364167.78,,
440626.94,364167.78,,
440836.8,364167.78,,
441046.7,364167.78,,
441256.53,364167.78,,
441466.4,364167.78,,
441676.25,364167.78,,
441886.12,364167.78,,
442096.0,364167.78,,
442305.84,364167.78,,
442515.72,364167.78,,
442725.6,364167.78,,
442935.44,364167.78,,
443145.3,364167.78,,
443355.16,364167.78,,
443565.03,364167.78,,
443774.9,364167.78,,
443984.75,364167.78,,
444194.62,364167.78,,
444404.47,364167.78,,
444614.34,364167.78,,
444824.22,364167.78,,
445034.06,364167.78,164.0,-292.0
445243.94,364167.78,164.0,-364.0
445453.8,364167.78,164.0,-364.0
445663.66,364167.78,164.0,-364.0
445873.53,364167.78,140.0,-400.0
446083.38,364167.78,140.0,-400.0
446293.25,364167.78,140.0,-400.0
446503.12,364167.78,140.0,-400.0
446712.97,364167.78,140.0,-400.0
446922.84,364167.78,140.0,-400.0
447132.7,364167.78,140.0,-400.0
447342.56,364167.78,140.0,-400.0
447552.44,364167.78,140.0,-400.0
447762.28,364167.78,140.0,-400.0
447972.16,364167.78,140.0,-400.0
448182.03,364167.78,104.0,-568.0
448391.88,364167.78,104.0,-568.0
448601.75,364167.78,104.0,-568.0
448811.6,364167.78,104.0,-568.0
449021.47,364167.78,104.0,-568.0
449231.34,364167.78,104.0,-568.0
449441.2,364167.78,104.0,-556.0
449651.06,364167.78,104.0,-556.0
449860.9,364167.78,104.0,-556.0
450070.78,364167.78,104.0,-556.0
450280.66,364167.78,104.0,-556.0
450490.5,364167.78,104.0,-556.0
450700.38,364167.78,104.0,-592.0
450910.25,364167.78,104.0,-592.0
451120.1,364167.78,104.0,-592.0
451329.97,364167.78,104.0,-592.0
451539.8,364167.78,104.0,-592.0
451749.7,364167.78,104.0,-592.0
451959.56,364167.78,92.0,-592.0
452169.4,364167.78,92.0,-592.0
452379.28,364167.78,92.0,-592.0
452589.12,364167.78,92.0,-592.0
452799.0,364167.78,92.0,-592.0
453008.88,364167.78,92.0,-688.0
453218.72,364167.78,92.0,-688.0
453428.6,364167.78,92.0,-688.0
453638.47,364167.78,92.0,-688.0
453848.3,364167.78,92.0,-688.0
454058.2,364167.78,80.0,-688.0
454268.03,364167.78,80.0,-688.0
454477.9,364167.78,80.0,-688.0
454687.78,364167.78,80.0,-688.0
454897.62,364167.78,80.0,-688.0
455107.5,364167.78,80.0,-688.0
455317.34,364167.78,80.0,-688.0
455527.22,364167.78,80.0,-700.0
455737.1,364167.78,80.0,-700.0
455946.94,364167.78,80.0,-700.0
456156.8,364167.78,80.0,-700.0
456366.7,364167.78,80.0,-700.0
456576.53,364167.78,80.0,-700.0
456786.4,364167.78,80.0,-700.0
456996.25,364167.78,80.0,-700.0
457206.12,364167.78,80.0,-700.0
457416.0,364167.78,68.0,-700.0
457625.84,364167.78,188.0,-712.0
457835.72,364167.78,188.0,-712.0
458045.6,364167.78,188.0,-712.0
458255.44,364167.78,188.0,-712.0
458465.3,364167.78,188.0,-712.0
458675.16,364167.78,176.0,-712.0
458885.03,364167.78,176.0,-712.0
459094.9,364167.78,176.0,-712.0
459304.75,364167.78,176.0,-712.0
459514.62,364167.78,176.0,-712.0
459724.47,364167.78,176.0,-712.0
459934.34,364167.78,176.0,-712.0
460144.22,364167.78,176.0,-712.0
418381.47,364370.4,,
418591.34,364370.4,,
418801.2,364370.4,,
419011.06,364370.4,,
419220.94,364370.4,,
419430.78,364370.4,,
419640.66,364370.4,,
419850.5,364370.4,,
420060.38,364370.4,,
420270.25,364370.4,,
420480.1,364370.4,,
420689.97,364370.4,,
420899.84,364370.4,,
421109.7,364370.4,,
421319.56,364370.4,,
421529.4,364370.4,,
421739.28,364370.4,,
421949.16,364370.4,,
422159.0,364370.4,,
422368.88,364370.4,,
422578.72,364370.4,128.0,56.0
422788.6,364370.4,128.0,56.0
422998.47,364370.4,128.0,56.0
423208.3,364370.4,128.0,56.0
423418.2,364370.4,128.0,56.0
423628.06,364370.4,128.0,56.0
423837.9,364370.4,128.0,56.0
424047.78,364370.4,128.0,56.0
424257.62,364370.4,128.0,56.0
424467.5,364370.4,128.0,56.0
424677.38,364370.4,128.0,56.0
424887.22,364370.4,128.0,56.0
425097.1,364370.4,128.0,56.0
425306.94,364370.4,128.0,56.0
425516.8,364370.4,128.0,56.0
425726.7,364370.4,128.0,56.0
425936.53,364370.4,128.0,56.0
426146.4,364370.4,128.0,56.0
426356.28,364370.4,128.0,56.0
426566.12,364370.4,,
426776.0,364370.4,,
426985.84,364370.4,,
427195.72,364370.4,,
427405.6,364370.4,,
427615.44,364370.4,,
427825.3,364370.4,,
428035.16,364370.4,,
428245.03,364370.4,,
428454.9,364370.4,,
428664.75,364370.4,,
428874.62,364370.4,,
429084.5,364370.4,,
429294.34,364370.4,,
429504.22,364370.4,,
429714.06,364370.4,,
429923.94,364370.4,,
430133.8,364370.4,,
430343.66,364370.4,,
430553.53,364370.4,,
430763.38,364370.4,,
430973.25,364370.4,,
431183.12,364370.4,,
431392.97,364370.4,,
431602.84,364370.4,,
431812.72,364370.4,,
432022.56,364370.4,,
432232.44,364370.4,,
432442.28,364370.4,,
432652.16,364370.4,,
432862.03,364370.4,,
433071.88,364370.4,,
433281.75,364370.4,,
433491.6,364370.4,,
433701.47,364370.4,,
433911.34,364370.4,,
434121.2,364370.4,,
434331.06,364370.4,,
434540.94,364370.4,,
434750.78,364370.4,,
434960.66,364370.4,,
435170.5,364370.4,,
435380.38,364370.4,,
435590.25,364370.4,,
435800.1,364370.4,,
436009.97,364370.4,,
436219.8,364370.4,,
436429.7,364370.4,,
436639.56,364370.4,,
436849.4,364370.4,,
437059.28,364370.4,,
437269.16,364370.4,,
437479.0,364370.4,,
437688.88,364370.4,,
437898.72,364370.4,,
438108.6,364370.4,,
438318.47,364370.4,,
438528.3,364370.4,,
438738.2,364370.4,,
438948.03,364370.4,,
439157.9,364370.4,,
439367.78,364370.4,,
439577.62,364370.4,,
439787.5,364370.4,,
439997.38,364370.4,,
440207.22,364370.4,,
440417.1,364370.4,,
440626.94,364370.4,,
440836.8,364370.4,,
441046.7,364370.4,,
441256.53,364370.4,,
441466.4,364370.4,,
441676.25,364370.4,,
441886.12,364370.4,,
442096.0,364370.4,,
442305.84,364370.4,,
442515.72,364370.4,,
442725.6,364370.4,,
442935.44,364370.4,,
443145.3,364370.4,,
443355.16,364370.4,,
443565.03,364370.4,,
443774.9,364370.4,,
443984.75,364370.4,,
444194.62,364370.4,,
444404.47,364370.4,,
444614.34,364370.4,,
444824.22,364370.4,,
445034.06,364370.4,,
445243.94,364370.4,,
445453.8,364370.4,164.0,-364.0
445663.66,364370.4,128.0,-400.0
445873.53,364370.4,128.0,-400.0
446083.38,364370.4,128.0,-400.0
446293.25,364370.4,128.0,-400.0
446503.12,364370.4,128.0,-400.0
446712.97,364370.4,128.0,-400.0
446922.84,364370.4,128.0,-400.0
447132.7,364370.4,128.0,-400.0
447342.56,364370.4,128.0,-400.0
447552.44,364370.4,128.0,-400.0
447762.28,364370.4,92.0,-412.0
447972.16,364370.4,104.0,-568.0
448182.03,364370.4,104.0,-568.0
448391.88,364370.4,104.0,-568.0
448601.75,364370.4,104.0,-568.0
448811.6,364370.4,104.0,-568.0
449021.47,364370.4,104.0,-568.0
449231.34,364370.4,104.0,-568.0
449441.2,364370.4,104.0,-568.0
449651.06,364370.4,104.0,-568.0
449860.9,364370.4,104.0,-568.0
450070.78,364370.4,104.0,-556.0
450280.66,364370.4,104.0,-556.0
450490.5,364370.4,104.0,-556.0
450700.38,364370.4,104.0,-556.0
450910.25,364370.4,104.0,-604.0
451120.1,364370.4,104.0,-592.0
451329.97,364370.4,104.0,-592.0
451539.8,364370.4,104.0,-592.0
451749.7,364370.4,104.0,-592.0
451959.56,364370.4,104.0,-592.0
452169.4,364370.4,92.0,-604.0
452379.28,364370.4,92.0,-604.0
452589.12,364370.4,92.0,-604.0
452799.0,364370.4,92.0,-688.0
453008.88,364370.4,92.0,-688.0
453218.72,364370.4,92.0,-688.0
453428.6,364370.4,92.0,-688.0
453638.47,364370.4,92.0,-688.0
453848.3,364370.4,92.0,-688.0
454058.2,364370.4,80.0,-688.0
454268.03,364370.4,80.0,-688.0
454477.9,364370.4,80.0,-688.0
454687.78,364370.4,80.0,-688.0
454897.62,364370.4,80.0,-688.0
455107.5,364370.4,80.0,-700.0
455317.34,364370.4,80.0,-700.0
455527.22,364370.4,80.0,-700.0
455737.1,364370.4,80.0,-700.0
455946.94,364370.4,80.0,-700.0
456156.8,364370.4,80.0,-700.0
456366.7,364370.4,80.0,-700.0
456576.53,364370.4,80.0,-700.0
456786.4,364370.4,80.0,-700.0
456996.25,364370.4,80.0,-700.0
457206.12,364370.4,80.0,-700.0
457416.0,364370.4,68.0,-700.0
457625.84,364370.4,68.0,-700.0
457835.72,364370.4,68.0,-700.0
458045.6,364370.4,68.0,-700.0
458255.44,364370.4,68.0,-700.0
458465.3,364370.4,188.0,-712.0
458675.16,364370.4,188.0,-712.0
458885.03,364370.4,176.0,-712.0
459094.9,364370.4,176.0,-712.0
459304.75,364370.4,176.0,-712.0
459514.62,364370.4,176.0,-712.0
459724.47,364370.4,176.0,-712.0
459934.34,364370.4,176.0,-712.0
460144.22,364370.4,176.0,-712.0
418381.47,364573.03,,
418591.34,364573.03,,
418801.2,364573.03,,
419011.06,364573.03,,
419220.94,364573.03,,
419430.78,364573.03,,
419640.66,364573.03,,
419850.5,364573.03,,
420060.38,364573.03,,
420270.25,364573.03,,
420480.1,364573.03,,
420689.97,364573.03,,
420899.84,364573.03,,
421109.7,364573.03,,
421319.56,364573.03,,
421529.4,364573.03,,
421739.28,364573.03,,
421949.16,364573.03,,
422159.0,364573.03,,
422368.88,364573.03,128.0,56.0
422578.72,364573.03,128.0,56.0
422788.6,364573.03,128.0,56.0
422998.47,364573.03,128.0,56.0
423208.3,364573.03,128.0,56.0
423418.2,364573.03,128.0,56.0
423628.06,364573.03,128.0,56.0
423837.9,364573.03,128.0,56.0
424047.78,364573.03,128.0,56.0
424257.62,364573.03,128.0,56.0
424467.5,364573.03,128.0,56.0
424677.38,364573.03,128.0,56.0
424887.22,364573.03,128.0,56.0
425097.1,364573.03,128.0,56.0
425306.94,364573.03,128.0,56.0
425516.8,364573.03,128.0,56.0
425726.7,364573.03,128.0,56.0
425936.53,364573.03,128.0,56.0
426146.4,364573.03,128.0,56.0
426356.28,364573.03,,
426566.12,364573.03,,
426776.0,364573.03,,
426985.84,364573.03,,
427195.72,364573.03,,
427405.6,364573.03,,
427615.44,364573.03,,
427825.3,364573.03,,
428035.16,364573.03,,
428245.03,364573.03,,
428454.9,364573.03,,
428664.75,364573.03,,
428874.62,364573.03,,
429084.5,364573.03,,
429294.34,364573.03,,
429504.22,364573.03,,
429714.06,364573.03,,
429923.94,364573.03,,
430133.8,364573.03,,
430343.66,364573.03,,
430553.53,364573.03,,
430763.38,364573.03,,
430973.25,364573.03,,
431183.12,364573.03,,
431392.97,364573.03,,
431602.84,364573.03,,
431812.72,364573.03,,
432022.56,364573.03,,
432232.44,364573.03,,
432442.28,364573.03,,
432652.16,364573.03,,
432862.03,364573.03,,
433071.88,364573.03,,
433281.75,364573.03,,
433491.6,364573.03,,
433701.47,364573.03,,
433911.34,364573.03,,
434121.2,364573.03,,
434331.06,364573.03,,
434540.94,364573.03,,
434750.78,364573.03,,
434960.66,364573.03,,
435170.5,364573.03,,
435380.38,364573.03,,
435590.25,364573.03,,
435800.1,364573.03,,
436009.97,364573.03,,
436219.8,364573.03,,
436429.7,364573.03,,
436639.56,364573.03,,
436849.4,364573.03,,
437059.28,364573.03,,
437269.16,364573.03,,
437479.0,364573.03,,
437688.88,364573.03,,
437898.72,364573.03,,
438108.6,364573.03,,
438318.47,364573.03,,
438528.3,364573.03,,
438738.2,364573.03,,
438948.03,364573.03,,
439157.9,364573.03,,
439367.78,364573.03,,
439577.62,364573.03,,
439787.5,364573.03,,
439997.38,364573.03,,
440207.22,364573.03,,
440417.1,364573.03,,
440626.94,364573.03,,
440836.8,364573.03,,
441046.7,364573.03,,
441256.53,364573.03,,
441466.4,364573.03,,
441676.25,364573.03,,
441886.12,364573.03,,
442096.0,364573.03,,
442305.84,364573.03,,
442515.72,364573.03,,
442725.6,364573.03,,
442935.44,364573.03,,
443145.3,364573.03,,
443355.16,364573.03,,
443565.03,364573.03,,
443774.9,364573.03,,
443984.75,364573.03,,
444194.62,364573.03,,
444404.47,364573.03,,
444614.34,364573.03,,
444824.22,364573.03,,
445034.06,364573.03,,
445243.94,364573.03,,
445453.8,364573.03,,
445663.66,364573.03,128.0,-400.0
445873.53,364573.03,128.0,-400.0
446083.38,364573.03,128.0,-412.0
446293.25,364573.03,128.0,-412.0
446503.12,364573.03,80.0,-424.0
446712.97,364573.03,80.0,-424.0
446922.84,364573.03,80.0,-424.0
447132.7,364573.03,80.0,-424.0
447342.56,364573.03,80.0,-424.0
447552.44,364573.03,80.0,-424.0
447762.28,364573.03,80.0,-412.0
447972.16,364573.03,80.0,-412.0
448182.03,364573.03,80.0,-412.0
448391.88,364573.03,104.0,-568.0
448601.75,364573.03,104.0,-568.0
448811.6,364573.03,104.0,-568.0
449021.47,364573.03,104.0,-568.0
449231.34,364573.03,104.0,-568.0
449441.2,364573.03,104.0,-568.0
449651.06,364573.03,104.0,-568.0
449860.9,364573.03,104.0,-568.0
450070.78,364573.03,104.0,-568.0
450280.66,364573.03,104.0,-568.0
450490.5,364573.03,104.0,-568.0
450700.38,364573.03,104.0,-556.0
450910.25,364573.03,104.0,-556.0
451120.1,364573.03,104.0,-604.0
451329.97,364573.03,104.0,-604.0
451539.8,364573.03,104.0,-604.0
451749.7,364573.03,104.0,-604.0
451959.56,364573.03,104.0,-604.0
452169.4,364573.03,92.0,-604.0
452379.28,364573.03,92.0,-604.0
452589.12,364573.03,92.0,-688.0
452799.0,364573.03,92.0,-688.0
453008.88,364573.03,92.0,-688.0
453218.72,364573.03,92.0,-688.0
453428.6,364573.03,92.0,-688.0
453638.47,364573.03,92.0,-688.0
453848.3,364573.03,92.0,-688.0
454058.2,364573.03,80.0,-688.0
454268.03,364573.03,80.0,-688.0
454477.9,364573.03,80.0,-688.0
454687.78,364573.03,80.0,-700.0
454897.62,364573.03,80.0,-700.0
455107.5,364573.03,80.0,-700.0
455317.34,364573.03,80.0,-700.0
455527.22,364573.03,80.0,-700.0
455737.1,364573.03,80.0,-700.0
455946.94,364573.03,80.0,-700.0
456156.8,364573.03,80.0,-700.0
456366.7,364573.03,80.0,-700.0
456576.53,364573.03,80.0,-700.0
456786.4,364573.03,80.0,-700.0
456996.25,364573.03,80.0,-700.0
457206.12,364573.03,80.0,-700.0
457416.0,364573.03,68.0,-700.0
457625.84,364573.03,68.0,-700.0
457835.72,364573.03,68.0,-700.0
458045.6,364573.03,68.0,-700.0
458255.44,364573.03,68.0,-700.0
458465.3,364573.03,68.0,-700.0
458675.16,364573.03,68.0,-700.0
458885.03,364573.03,68.0,-700.0
459094.9,364573.03,68.0,-700.0
459304.75,364573.03,68.0,-700.0
459514.62,364573.03,176.0,-712.0
459724.47,364573.03,176.0,-712.0
459934.34,364573.03,176.0,-712.0
460144.22,364573.03,176.0,-712.0
418381.47,364775.66,,
418591.34,364775.66,,
418801.2,364775.66,,
419011.06,364775.66,,
419220.94,364775.66,,
419430.78,364775.66,,
419640.66,364775.66,,
419850.5,364775.66,,
420060.38,364775.66,,
420270.25,364775.66,,
420480.1,364775.66,,
420689.97,364775.66,,
420899.84,364775.66,,
421109.7,364775.66,,
421319.56,364775.66,,
421529.4,364775.66,,
421739.28,364775.66,,
421949.16,364775.66,,
422159.0,364775.66,,
422368.88,364775.66,128.0,56.0
422578.72,364775.66,128.0,56.0
422788.6,364775.66,128.0,56.0
422998.47,364775.66,128.0,56.0
423208.3,364775.66,128.0,56.0
423418.2,364775.66,128.0,56.0
423628.06,364775.66,128.0,56.0
423837.9,364775.66,128.0,56.0
424047.78,364775.66,128.0,56.0
424257.62,364775.66,128.0,56.0
424467.5,364775.66,128.0,56.0
424677.38,364775.66,128.0,56.0
424887.22,364775.66,128.0,56.0
425097.1,364775.66,128.0,56.0
425306.94,364775.66,128.0,56.0
425516.8,364775.66,128.0,56.0
425726.7,364775.66,128.0,56.0
425936.53,364775.66,128.0,56.0
426146.4,364775.66,,
426356.28,364775.66,,
426566.12,364775.66,,
426776.0,364775.66,,
426985.84,364775.66,,
427195.72,364775.66,,
427405.6,364775.66,,
427615.44,364775.66,,
427825.3,364775.66,,
428035.16,364775.66,,
428245.03,364775.66,,
428454.9,364775.66,,
428664.75,364775.66,,
428874.62,364775.66,,
429084.5,364775.66,,
429294.34,364775.66,,
429504.22,364775.66,,
429714.06,364775.66,,
429923.94,364775.66,,
430133.8,364775.66,,
430343.66,364775.66,,
430553.53,364775.66,,
430763.38,364775.66,,
430973.25,364775.66,,
431183.12,364775.66,,
431392.97,364775.66,,
431602.84,364775.66,,
431812.72,364775.66,,
432022.56,364775.66,,
432232.44,364775.66,,
432442.28,364775.66,,
432652.16,364775.66,,
432862.03,364775.66,,
433071.88,364775.66,,
433281.75,364775.66,,
433491.6,364775.66,,
433701.47,364775.66,,
433911.34,364775.66,,
434121.2,364775.66,,
434331.06,364775.66,,
434540.94,364775.66,,
434750.78,364775.66,,
434960.66,364775.66,,
435170.5,364775.66,,
435380.38,364775.66,,
435590.25,364775.66,,
435800.1,364775.66,,
436009.97,364775.66,,
436219.8,364775.66,,
436429.7,364775.66,,
436639.56,364775.66,,
436849.4,364775.66,,
437059.28,364775.66,,
437269.16,364775.66,,
437479.0,364775.66,,
437688.88,364775.66,,
437898.72,364775.66,,
438108.6,364775.66,,
438318.47,364775.66,,
438528.3,364775.66,,
438738.2,364775.66,,
438948.03,364775.66,,
439157.9,364775.66,,
439367.78,364775.66,,
439577.62,364775.66,,
439787.5,364775.66,,
439997.38,364775.66,,
440207.22,364775.66,,
440417.1,364775.66,,
440626.94,364775.66,,
440836.8,364775.66,,
441046.7,364775.66,,
441256.53,364775.66,,
441466.4,364775.66,,
441676.25,364775.66,,
441886.12,364775.66,,
442096.0,364775.66,,
442305.84,364775.66,,
442515.72,364775.66,,
442725.6,364775.66,,
442935.44,364775.66,,
443145.3,364775.66,,
443355.16,364775.66,,
443565.03,364775.66,,
443774.9,364775.66,,
443984.75,364775.66,,
444194.62,364775.66,,
444404.47,364775.66,,
444614.34,364775.66,,
444824.22,364775.66,,
445034.06,364775.66,,
445243.94,364775.66,,
445453.8,364775.66,,
445663.66,364775.66,80.0,-424.0
445873.53,364775.66,80.0,-424.0
446083.38,364775.66,80.0,-424.0
446293.25,364775.66,80.0,-424.0
446503.12,364775.66,80.0,-424.0
446712.97,364775.66,80.0,-424.0
446922.84,364775.66,80.0,-424.0
447132.7,364775.66,80.0,-424.0
447342.56,364775.66,80.0,-424.0
447552.44,364775.66,80.0,-424.0
447762.28,364775.66,80.0,-424.0
447972.16,364775.66,80.0,-424.0
448182.03,364775.66,80.0,-412.0
448391.88,364775.66,80.0,-412.0
448601.75,364775.66,92.0,-568.0
448811.6,364775.66,92.0,-568.0
449021.47,364775.66,92.0,-568.0
449231.34,364775.66,92.0,-568.0
449441.2,364775.66,92.0,-568.0
449651.06,364775.66,92.0,-568.0
449860.9,364775.66,92.0,-568.0
450070.78,364775.66,92.0,-568.0
450280.66,364775.66,92.0,-568.0
450490.5,364775.66,92.0,-568.0
450700.38,364775.66,92.0,-568.0
450910.25,364775.66,92.0,-568.0
451120.1,364775.66,104.0,-604.0
451329.97,364775.66,104.0,-604.0
451539.8,364775.66,104.0,-604.0
451749.7,364775.66,104.0,-604.0
451959.56,364775.66,104.0,-604.0
452169.4,364775.66,92.0,-604.0
452379.28,364775.66,92.0,-700.0
452589.12,364775.66,92.0,-700.0
452799.0,364775.66,92.0,-700.0
453008.88,364775.66,92.0,-700.0
453218.72,364775.66,92.0,-700.0
453428.6,364775.66,92.0,-700.0
453638.47,364775.66,92.0,-700.0
453848.3,364775.66,80.0,-688.0
454058.2,364775.66,80.0,-688.0
454268.03,364775.66,80.0,-700.0
454477.9,364775.66,80.0,-700.0
454687.78,364775.66,80.0,-700.0
454897.62,364775.66,80.0,-700.0
455107.5,364775.66,80.0,-700.0
455317.34,364775.66,80.0,-700.0
455527.22,364775.66,80.0,-700.0
455737.1,364775.66,80.0,-700.0
455946.94,364775.66,80.0,-700.0
456156.8,364775.66,80.0,-700.0
456366.7,364775.66,80.0,-700.0
456576.53,364775.66,80.0,-700.0
456786.4,364775.66,80.0,-700.0
456996.25,364775.66,80.0,-700.0
457206.12,364775.66,80.0,-700.0
457416.0,364775.66,68.0,-700.0
457625.84,364775.66,68.0,-700.0
457835.72,364775.66,68.0,-700.0
458045.6,364775.66,68.0,-700.0
458255.44,364775.66,68.0,-700.0
458465.3,364775.66,68.0,-700.0
458675.16,364775.66,68.0,-700.0
458885.03,364775.66,68.0,-700.0
459094.9,364775.66,68.0,-700.0
459304.75,364775.66,68.0,-700.0
459514.62,364775.66,68.0,-700.0
459724.47,364775.66,68.0,-700.0
459934.34,364775.66,68.0,-700.0
460144.22,364775.66,68.0,-700.0
418381.47,364978.25,,
418591.34,364978.25,,
418801.2,364978.25,,
419011.06,364978.25,,
419220.94,364978.25,,
419430.78,364978.25,,
419640.66,364978.25,,
419850.5,364978.25,,
420060.38,364978.25,,
420270.25,364978.25,,
420480.1,364978.25,,
420689.97,364978.25,,
420899.84,364978.25,,
421109.7,364978.25,,
421319.56,364978.25,,
421529.4,364978.25,,
421739.28,364978.25,,
421949.16,364978.25,,
422159.0,364978.25,128.0,56.0
422368.88,364978.25,128.0,56.0
422578.72,364978.25,128.0,56.0
422788.6,364978.25,128.0,56.0
422998.47,364978.25,128.0,56.0
423208.3,364978.25,128.0,56.0
423418.2,364978.25,128.0,56.0
423628.06,364978.25,128.0,56.0
423837.9,364978.25,128.0,56.0
424047.78,364978.25,128.0,56.0
424257.62,364978.25,128.0,56.0
424467.5,364978.25,128.0,56.0
424677.38,364978.25,128.0,56.0
424887.22,364978.25,128.0,56.0
425097.1,364978.25,128.0,56.0
425306.94,364978.25,128.0,56.0
425516.8,364978.25,128.0,56.0
425726.7,364978.25,128.0,56.0
425936.53,364978.25,,
426146.4,364978.25,,
426356.28,364978.25,,
426566.12,364978.25,,
426776.0,364978.25,,
426985.84,364978.25,,
427195.72,364978.25,,
427405.6,364978.25,,
427615.44,364978.25,,
427825.3,364978.25,,
428035.16,364978.25,,
428245.03,364978.25,,
428454.9,364978.25,,
428664.75,364978.25,,
428874.62,364978.25,,
429084.5,364978.25,,
429294.34,364978.25,,
429504.22,364978.25,,
429714.06,364978.25,,
429923.94,364978.25,,
430133.8,364978.25,,
430343.66,364978.25,,
430553.53,364978.25,,
430763.38,364978.25,,
430973.25,364978.25,,
431183.12,364978.25,,
431392.97,364978.25,,
431602.84,364978.25,,
431812.72,364978.25,,
432022.56,364978.25,,
432232.44,364978.25,,
432442.28,364978.25,,
432652.16,364978.25,,
432862.03,364978.25,,
433071.88,364978.25,,
433281.75,364978.25,,
433491.6,364978.25,,
433701.47,364978.25,,
433911.34,364978.25,,
434121.2,364978.25,,
434331.06,364978.25,,
434540.94,364978.25,,
434750.78,364978.25,,
434960.66,364978.25,,
435170.5,364978.25,,
435380.38,364978.25,,
435590.25,364978.25,,
435800.1,364978.25,,
436009.97,364978.25,,
436219.8,364978.25,,
436429.7,364978.25,,
436639.56,364978.25,,
436849.4,364978.25,,
437059.28,364978.25,,
437269.16,364978.25,,
437479.0,364978.25,,
437688.88,364978.25,,
437898.72,364978.25,,
438108.6,364978.25,,
438318.47,364978.25,,
438528.3,364978.25,,
438738.2,364978.25,,
438948.03,364978.25,,
439157.9,364978.25,,
439367.78,364978.25,,
439577.62,364978.25,,
439787.5,364978.25,,
439997.38,364978.25,,
440207.22,364978.25,,
440417.1,364978.25,,
440626.94,364978.25,,
440836.8,364978.25,,
441046.7,364978.25,,
441256.53,364978.25,,
441466.4,364978.25,,
441676.25,364978.25,,
441886.12,364978.25,,
442096.0,364978.25,,
442305.84,364978.25,,
442515.72,364978.25,,
442725.6,364978.25,,
442935.44,364978.25,,
443145.3,364978.25,,
443355.16,364978.25,,
443565.03,364978.25,,
443774.9,364978.25,,
443984.75,364978.25,,
444194.62,364978.25,,
444404.47,364978.25,,
444614.34,364978.25,,
444824.22,364978.25,,
445034.06,364978.25,,
445243.94,364978.25,,
445453.8,364978.25,,
445663.66,364978.25,80.0,-424.0
445873.53,364978.25,80.0,-424.0
446083.38,364978.25,80.0,-424.0
446293.25,364978.25,80.0,-424.0
446503.12,364978.25,80.0,-424.0
446712.97,364978.25,80.0,-424.0
446922.84,364978.25,80.0,-424.0
447132.7,364978.25,80.0,-424.0
447342.56,364978.25,80.0,-424.0
447552.44,364978.25,80.0,-424.0
447762.28,364978.25,80.0,-424.0
447972.16,364978.25,80.0,-424.0
448182.03,364978.25,80.0,-424.0
448391.88,364978.25,80.0,-412.0
448601.75,364978.25,80.0,-412.0
448811.6,364978.25,80.0,-412.0
449021.47,364978.25,92.0,-568.0
449231.34,364978.25,92.0,-568.0
449441.2,364978.25,92.0,-568.0
449651.06,364978.25,92.0,-568.0
449860.9,364978.25,92.0,-568.0
450070.78,364978.25,92.0,-568.0
450280.66,364978.25,92.0,-568.0
450490.5,364978.25,92.0,-568.0
450700.38,364978.25,92.0,-568.0
450910.25,364978.25,92.0,-568.0
451120.1,364978.25,92.0,-568.0
451329.97,364978.25,104.0,-604.0
451539.8,364978.25,104.0,-604.0
451749.7,364978.25,104.0,-604.0
451959.56,364978.25,104.0,-604.0
452169.4,364978.25,92.0,-700.0
452379.28,364978.25,92.0,-700.0
452589.12,364978.25,92.0,-700.0
452799.0,364978.25,92.0,-700.0
453008.88,364978.25,92.0,-700.0
453218.72,364978.25,92.0,-700.0
453428.6,364978.25,92.0,-700.0
453638.47,364978.25,92.0,-700.0
453848.3,364978.25,80.0,-700.0
454058.2,364978.25,80.0,-700.0
454268.03,364978.25,80.0,-700.0
454477.9,364978.25,80.0,-700.0
454687.78,364978.25,80.0,-700.0
454897.62,364978.25,80.0,-700.0
455107.5,364978.25,80.0,-700.0
455317.34,364978.25,80.0,-700.0
455527.22,364978.25,80.0,-700.0
455737.1,364978.25,80.0,-700.0
455946.94,364978.25,80.0,-700.0
456156.8,364978.25,80.0,-700.0
456366.7,364978.25,80.0,-700.0
456576.53,364978.25,80.0,-700.0
456786.4,364978.25,80.0,-700.0
456996.25,364978.25,80.0,-700.0
457206.12,364978.25,80.0,-700.0
457416.0,364978.25,68.0,-700.0
457625.84,364978.25,68.0,-700.0
457835.72,364978.25,68.0,-700.0
458045.6,364978.25,68.0,-700.0
458255.44,364978.25,68.0,-700.0
458465.3,364978.25,68.0,-700.0
458675.16,364978.25,68.0,-700.0
458885.03,364978.25,68.0,-700.0
459094.9,364978.25,68.0,-700.0
459304.75,364978.25,68.0,-700.0
459514.62,364978.25,68.0,-700.0
459724.47,364978.25,68.0,-700.0
459934.34,364978.25,68.0,-712.0
460144.22,364978.25,68.0,-712.0
418381.47,365180.88,,
418591.34,365180.88,,
418801.2,365180.88,,
419011.06,365180.88,,
419220.94,365180.88,,
419430.78,365180.88,,
419640.66,365180.88,,
419850.5,365180.88,,
420060.38,365180.88,,
420270.25,365180.88,,
420480.1,365180.88,,
420689.97,365180.88,,
420899.84,365180.88,,
421109.7,365180.88,,
421319.56,365180.88,,
421529.4,365180.88,,
421739.28,365180.88,,
421949.16,365180.88,128.0,56.0
422159.0,365180.88,128.0,56.0
422368.88,365180.88,128.0,56.0
422578.72,365180.88,128.0,56.0
422788.6,365180.88,128.0,56.0
422998.47,365180.88,128.0,56.0
423208.3,365180.88,128.0,56.0
423418.2,365180.88,128.0,56.0
423628.06,365180.88,128.0,56.0
423837.9,365180.88,128.0,56.0
424047.78,365180.88,128.0,56.0
424257.62,365180.88,128.0,56.0
424467.5,365180.88,128.0,56.0
424677.38,365180.88,128.0,56.0
424887.22,365180.88,128.0,56.0
425097.1,365180.88,128.0,56.0
425306.94,365180.88,128.0,56.0
425516.8,365180.88,128.0,56.0
425726.7,365180.88,,
425936.53,365180.88,,
426146.4,365180.88,,
426356.28,365180.88,,
426566.12,365180.88,,
426776.0,365180.88,,
426985.84,365180.88,,
427195.72,365180.88,,
427405.6,365180.88,,
427615.44,365180.88,,
427825.3,365180.88,,
428035.16,365180.88,,
428245.03,365180.88,,
428454.9,365180.88,,
428664.75,365180.88,,
428874.62,365180.88,,
429084.5,365180.88,,
429294.34,365180.88,,
429504.22,365180.88,,
429714.06,365180.88,,
429923.94,365180.88,,
430133.8,365180.88,,
430343.66,365180.88,,
430553.53,365180.88,,
430763.38,365180.88,,
430973.25,365180.88,,
431183.12,365180.88,,
431392.97,365180.88,,
431602.84,365180.88,,
431812.72,365180.88,,
432022.56,365180.88,,
432232.44,365180.88,,
432442.28,365180.88,,
432652.16,365180.88,,
432862.03,365180.88,,
433071.88,365180.88,,
433281.75,365180.88,,
433491.6,365180.88,,
433701.47,365180.88,,
433911.34,365180.88,,
434121.2,365180.88,,
434331.06,365180.88,,
434540.94,365180.88,,
434750.78,365180.88,,
434960.66,365180.88,,
435170.5,365180.88,,
435380.38,365180.88,,
435590.25,365180.88,,
435800.1,365180.88,,
436009.97,365180.88,,
436219.8,365180.88,,
436429.7,365180.88,,
436639.56,365180.88,,
436849.4,365180.88,,
437059.28,365180.88,,
437269.16,365180.88,,
437479.0,365180.88,,
437688.88,365180.88,,
437898.72,365180.88,,
438108.6,365180.88,,
438318.47,365180.88,,
438528.3,365180.88,,
438738.2,365180.88,,
438948.03,365180.88,,
439157.9,365180.88,,
439367.78,365180.88,,
439577.62,365180.88,,
439787.5,365180.88,,
439997.38,365180.88,,
440207.22,365180.88,,
440417.1,365180.88,,
440626.94,365180.88,,
440836.8,365180.88,,
441046.7,365180.88,,
441256.53,365180.88,,
441466.4,365180.88,,
441676.25,365180.88,,
441886.12,365180.88,,
442096.0,365180.88,,
442305.84,365180.88,,
442515.72,365180.88,,
442725.6,365180.88,,
442935.44,365180.88,,
443145.3,365180.88,,
443355.16,365180.88,,
443565.03,365180.88,,
443774.9,365180.88,,
443984.75,365180.88,,
444194.62,365180.88,,
444404.47,365180.88,,
444614.34,365180.88,,
444824.22,365180.88,,
445034.06,365180.88,,
445243.94,365180.88,,
445453.8,365180.88,,
445663.66,365180.88,68.0,-424.0
445873.53,365180.88,80.0,-424.0
446083.38,365180.88,80.0,-424.0
446293.25,365180.88,80.0,-424.0
446503.12,365180.88,80.0,-424.0
446712.97,365180.88,80.0,-424.0
446922.84,365180.88,80.0,-424.0
447132.7,365180.88,80.0,-424.0
447342.56,365180.88,80.0,-424.0
447552.44,365180.88,80.0,-424.0
447762.28,365180.88,80.0,-424.0
447972.16,365180.88,80.0,-424.0
448182.03,365180.88,80.0,-424.0
448391.88,365180.88,80.0,-424.0
448601.75,365180.88,80.0,-412.0
448811.6,365180.88,80.0,-412.0
449021.47,365180.88,80.0,-412.0
449231.34,365180.88,92.0,-580.0
449441.2,365180.88,92.0,-568.0
449651.06,365180.88,92.0,-568.0
449860.9,365180.88,92.0,-568.0
450070.78,365180.88,92.0,-568.0
450280.66,365180.88,92.0,-568.0
450490.5,365180.88,92.0,-568.0
450700.38,365180.88,92.0,-568.0
450910.25,365180.88,92.0,-568.0
451120.1,365180.88,92.0,-568.0
451329.97,365180.88,104.0,-604.0
451539.8,365180.88,104.0,-604.0
451749.7,365180.88,104.0,-604.0
451959.56,365180.88,92.0,-700.0
452169.4,365180.88,92.0,-700.0
452379.28,365180.88,92.0,-700.0
452589.12,365180.88,92.0,-700.0
452799.0,365180.88,92.0,-700.0
453008.88,365180.88,92.0,-700.0
453218.72,365180.88,92.0,-700.0
453428.6,365180.88,92.0,-700.0
453638.47,365180.88,80.0,-700.0
453848.3,365180.88,80.0,-700.0
454058.2,365180.88,80.0,-700.0
454268.03,365180.88,80.0,-700.0
454477.9,365180.88,80.0,-700.0
454687.78,365180.88,80.0,-700.0
454897.62,365180.88,80.0,-700.0
455107.5,365180.88,80.0,-700.0
455317.34,365180.88,80.0,-700.0
455527.22,365180.88,80.0,-700.0
455737.1,365180.88,80.0,-700.0
455946.94,365180.88,80.0,-700.0
456156.8,365180.88,80.0,-700.0
456366.7,365180.88,80.0,-700.0
456576.53,365180.88,80.0,-700.0
456786.4,365180.88,80.0,-700.0
456996.25,365180.88,80.0,-700.0
457206.12,365180.88,80.0,-700.0
457416.0,365180.88,80.0,-700.0
457625.84,365180.88,68.0,-700.0
457835.72,365180.88,68.0,-700.0
458045.6,365180.88,68.0,-700.0
458255.44,365180.88,68.0,-700.0
458465.3,365180.88,68.0,-700.0
458675.16,365180.88,68.0,-700.0
458885.03,365180.88,68.0,-712.0
459094.9,365180.88,68.0,-712.0
459304.75,365180.88,68.0,-712.0
459514.62,365180.88,68.0,-712.0
459724.47,365180.88,68.0,-712.0
459934.34,365180.88,68.0,-712.0
460144.22,365180.88,68.0,-712.0
418381.47,365383.5,,
418591.34,365383.5,,
418801.2,365383.5,,
419011.06,365383.5,,
419220.94,365383.5,,
419430.78,365383.5,,
419640.66,365383.5,,
419850.5,365383.5,,
420060.38,365383.5,,
420270.25,365383.5,,
420480.1,365383.5,,
420689.97,365383.5,,
420899.84,365383.5,,
421109.7,365383.5,,
421319.56,365383.5,,
421529.4,365383.5,,
421739.28,365383.5,,
421949.16,365383.5,128.0,56.0
422159.0,365383.5,128.0,56.0
422368.88,365383.5,128.0,56.0
422578.72,365383.5,128.0,56.0
422788.6,365383.5,128.0,56.0
422998.47,365383.5,128.0,56.0
423208.3,365383.5,128.0,56.0
423418.2,365383.5,128.0,56.0
423628.06,365383.5,128.0,56.0
423837.9,365383.5,128.0,56.0
424047.78,365383.5,128.0,56.0
424257.62,365383.5,128.0,56.0
424467.5,365383.5,128.0,56.0
424677.38,365383.5,128.0,56.0
424887.22,365383.5,128.0,56.0
425097.1,365383.5,128.0,56.0
425306.94,365383.5,128.0,56.0
425516.8,365383.5,,
425726.7,365383.5,,
425936.53,365383.5,,
426146.4,365383.5,,
426356.28,365383.5,,
426566.12,365383.5,,
426776.0,365383.5,,
426985.84,365383.5,,
427195.72,365383.5,,
427405.6,365383.5,,
427615.44,365383.5,,
427825.3,365383.5,,
428035.16,365383.5,,
428245.03,365383.5,,
428454.9,365383.5,,
428664.75,365383.5,,
428874.62,365383.5,,
429084.5,365383.5,,
429294.34,365383.5,,
429504.22,365383.5,,
429714.06,365383.5,,
429923.94,365383.5,,
430133.8,365383.5,,
430343.66,365383.5,,
430553.53,365383.5,,
430763.38,365383.5,,
430973.25,365383.5,,
431183.12,365383.5,,
431392.97,365383.5,,
431602.84,365383.5,,
431812.72,365383.5,,
432022.56,365383.5,,
432232.44,365383.5,,
432442.28,365383.5,,
432652.16,365383.5,,
432862.03,365383.5,,
433071.88,365383.5,,
433281.75,365383.5,,
433491.6,365383.5,,
433701.47,365383.5,,
433911.34,365383.5,,
434121.2,365383.5,,
434331.06,365383.5,,
434540.94,365383.5,,
434750.78,365383.5,,
434960.66,365383.5,,
435170.5,365383.5,,
435380.38,365383.5,,
435590.25,365383.5,,
435800.1,365383.5,,
436009.97,365383.5,,
436219.8,365383.5,,
436429.7,365383.5,,
436639.56,365383.5,,
436849.4,365383.5,,
437059.28,365383.5,,
437269.16,365383.5,,
437479.0,365383.5,,
437688.88,365383.5,,
437898.72,365383.5,,
438108.6,365383.5,,
438318.47,365383.5,,
438528.3,365383.5,,
438738.2,365383.5,,
438948.03,365383.5,,
439157.9,365383.5,,
439367.78,365383.5,,
439577.62,365383.5,,
439787.5,365383.5,,
439997.38,365383.5,,
440207.22,365383.5,,
440417.1,365383.5,,
440626.94,365383.5,,
440836.8,365383.5,,
441046.7,365383.5,,
441256.53,365383.5,,
441466.4,365383.5,,
441676.25,365383.5,,
441886.12,365383.5,,
442096.0,365383.5,,
442305.84,365383.5,,
442515.72,365383.5,,
442725.6,365383.5,,
442935.44,365383.5,,
443145.3,365383.5,,
443355.16,365383.5,,
443565.03,365383.5,,
443774.9,365383.5,,
443984.75,365383.5,,
444194.62,365383.5,,
444404.47,365383.5,,
444614.34,365383.5,,
444824.22,365383.5,,
445034.06,365383.5,,
445243.94,365383.5,,
445453.8,365383.5,,
445663.66,365383.5,68.0,-424.0
445873.53,365383.5,68.0,-424.0
446083.38,365383.5,68.0,-424.0
446293.25,365383.5,80.0,-424.0
446503.12,365383.5,80.0,-424.0
446712.97,365383.5,80.0,-424.0
446922.84,365383.5,80.0,-424.0
447132.7,365383.5,80.0,-424.0
447342.56,365383.5,80.0,-424.0
447552.44,365383.5,80.0,-424.0
447762.28,365383.5,80.0,-424.0
447972.16,365383.5,80.0,-424.0
448182.03,365383.5,80.0,-424.0
448391.88,365383.5,80.0,-424.0
448601.75,365383.5,80.0,-424.0
448811.6,365383.5,80.0,-424.0
449021.47,365383.5,80.0,-412.0
449231.34,365383.5,80.0,-412.0
449441.2,365383.5,80.0,-412.0
449651.06,365383.5,92.0,-580.0
449860.9,365383.5,92.0,-580.0
450070.78,365383.5,92.0,-580.0
450280.66,365383.5,92.0,-568.0
450490.5,365383.5,92.0,-568.0
450700.38,365383.5,44.0,-580.0
450910.25,365383.5,44.0,-580.0
451120.1,365383.5,44.0,-580.0
451329.97,365383.5,44.0,-580.0
451539.8,365383.5,44.0,-580.0
451749.7,365383.5,92.0,-700.0
451959.56,365383.5,92.0,-700.0
452169.4,365383.5,92.0,-700.0
452379.28,365383.5,92.0,-700.0
452589.12,365383.5,80.0,-700.0
452799.0,365383.5,80.0,-700.0
453008.88,365383.5,80.0,-700.0
453218.72,365383.5,80.0,-700.0
453428.6,365383.5,80.0,-700.0
453638.47,365383.5,80.0,-700.0
453848.3,365383.5,80.0,-700.0
454058.2,365383.5,80.0,-700.0
454268.03,365383.5,80.0,-700.0
454477.9,365383.5,80.0,-700.0
454687.78,365383.5,80.0,-700.0
454897.62,365383.5,80.0,-700.0
455107.5,365383.5,80.0,-700.0
455317.34,365383.5,80.0,-700.0
455527.22,365383.5,80.0,-700.0
455737.1,365383.5,80.0,-700.0
455946.94,365383.5,80.0,-700.0
456156.8,365383.5,80.0,-700.0
456366.7,365383.5,80.0,-700.0
456576.53,365383.5,80.0,-700.0
456786.4,365383.5,80.0,-700.0
456996.25,365383.5,80.0,-700.0
457206.12,365383.5,80.0,-700.0
457416.0,365383.5,80.0,-700.0
457625.84,365383.5,68.0,-700.0
457835.72,365383.5,68.0,-700.0
458045.6,365383.5,68.0,-700.0
458255.44,365383.5,68.0,-700.0
458465.3,365383.5,68.0,-712.0
458675.16,365383.5,68.0,-712.0
458885.03,365383.5,68.0,-712.0
459094.9,365383.5,68.0,-712.0
459304.75,365383.5,68.0,-712.0
459514.62,365383.5,68.0,-712.0
459724.47,365383.5,68.0,-712.0
459934.34,365383.5,68.0,-712.0
460144.22,365383.5,68.0,-712.0
418381.47,365586.12,,
418591.34,365586.12,,
418801.2,365586.12,,
419011.06,365586.12,,
419220.94,365586.12,,
419430.78,365586.12,,
419640.66,365586.12,,
419850.5,365586.12,,
420060.38,365586.12,,
420270.25,365586.12,,
420480.1,365586.12,,
420689.97,365586.12,,
420899.84,365586.12,,
421109.7,365586.12,,
421319.56,365586.12,,
421529.4,365586.12,,
421739.28,365586.12,128.0,56.0
421949.16,365586.12,128.0,56.0
422159.0,365586.12,128.0,56.0
422368.88,365586.12,128.0,56.0
422578.72,365586.12,128.0,56.0
422788.6,365586.12,128.0,56.0
422998.47,365586.12,128.0,56.0
423208.3,365586.12,128.0,56.0
423418.2,365586.12,128.0,56.0
423628.06,365586.12,128.0,56.0
423837.9,365586.12,128.0,56.0
424047.78,365586.12,128.0,56.0
424257.62,365586.12,128.0,56.0
424467.5,365586.12,128.0,56.0
424677.38,365586.12,128.0,56.0
424887.22,365586.12,128.0,56.0
425097.1,365586.12,128.0,56.0
425306.94,365586.12,,
425516.8,365586.12,,
425726.7,365586.12,,
425936.53,365586.12,,
426146.4,365586.12,,
426356.28,365586.12,,
426566.12,365586.12,,
426776.0,365586.12,,
426985.84,365586.12,,
427195.72,365586.12,,
427405.6,365586.12,,
427615.44,365586.12,,
427825.3,365586.12,,
428035.16,365586.12,,
428245.03,365586.12,,
428454.9,365586.12,,
428664.75,365586.12,,
428874.62,365586.12,,
429084.5,365586.12,,
429294.34,365586.12,,
429504.22,365586.12,,
429714.06,365586.12,,
429923.94,365586.12,,
430133.8,365586.12,,
430343.66,365586.12,,
430553.53,365586.12,,
430763.38,365586.12,,
430973.25,365586.12,,
431183.12,365586.12,,
431392.97,365586.12,,
431602.84,365586.12,,
431812.72,365586.12,,
432022.56,365586.12,,
432232.44,365586.12,,
432442.28,365586.12,,
432652.16,365586.12,,
432862.03,365586.12,,
433071.88,365586.12,,
433281.75,365586.12,,
433491.6,365586.12,,
433701.47,365586.12,,
433911.34,365586.12,,
434121.2,365586.12,,
434331.06,365586.12,,
434540.94,365586.12,,
434750.78,365586.12,,
434960.66,365586.12,,
435170.5,365586.12,,
435380.38,365586.12,,
435590.25,365586.12,,
435800.1,365586.12,,
436009.97,365586.12,,
436219.8,365586.12,,
436429.7,365586.12,,
436639.56,365586.12,,
436849.4,365586.12,,
437059.28,365586.12,,
437269.16,365586.12,,
437479.0,365586.12,,
437688.88,365586.12,,
437898.72,365586.12,,
438108.6,365586.12,,
438318.47,365586.12,,
438528.3,365586.12,,
438738.2,365586.12,,
438948.03,365586.12,,
439157.9,365586.12,,
439367.78,365586.12,,
439577.62,365586.12,,
439787.5,365586.12,,
439997.38,365586.12,,
440207.22,365586.12,,
440417.1,365586.12,,
440626.94,365586.12,,
440836.8,365586.12,,
441046.7,365586.12,,
441256.53,365586.12,,
441466.4,365586.12,,
441676.25,365586.12,,
441886.12,365586.12,,
442096.0,365586.12,,
442305.84,365586.12,,
442515.72,365586.12,,
442725.6,365586.12,,
442935.44,365586.12,,
443145.3,365586.12,,
443355.16,365586.12,,
443565.03,365586.12,,
443774.9,365586.12,,
443984.75,365586.12,,
444194.62,365586.12,,
444404.47,365586.12,,
444614.34,365586.12,,
444824.22,365586.12,,
445034.06,365586.12,,
445243.94,365586.12,,
445453.8,365586.12,,
445663.66,365586.12,68.0,-424.0
445873.53,365586.12,68.0,-424.0
446083.38,365586.12,68.0,-424.0
446293.25,365586.12,68.0,-424.0
446503.12,365586.12,68.0,-424.0
446712.97,365586.12,68.0,-424.0
446922.84,365586.12,68.0,-424.0
447132.7,365586.12,80.0,-424.0
447342.56,365586.12,80.0,-424.0
447552.44,365586.12,80.0,-424.0
447762.28,365586.12,80.0,-424.0
447972.16,365586.12,80.0,-424.0
448182.03,365586.12,80.0,-424.0
448391.88,365586.12,80.0,-424.0
448601.75,365586.12,80.0,-424.0
448811.6,365586.12,80.0,-424.0
449021.47,365586.12,80.0,-424.0
449231.34,365586.12,80.0,-424.0
449441.2,365586.12,80.0,-424.0
449651.06,365586.12,80.0,-424.0
449860.9,365586.12,92.0,-580.0
450070.78,365586.12,44.0,-580.0
450280.66,365586.12,44.0,-580.0
450490.5,365586.12,44.0,-580.0
450700.38,365586.12,44.0,-580.0
450910.25,365586.12,44.0,-580.0
451120.1,365586.12,44.0,-580.0
451329.97,365586.12,44.0,-580.0
451539.8,365586.12,44.0,-580.0
451749.7,365586.12,80.0,-700.0
451959.56,365586.12,80.0,-700.0
452169.4,365586.12,80.0,-700.0
452379.28,365586.12,80.0,-700.0
452589.12,365586.12,80.0,-700.0
452799.0,365586.12,80.0,-700.0
453008.88,365586.12,80.0,-700.0
453218.72,365586.12,80.0,-700.0
453428.6,365586.12,80.0,-700.0
453638.47,365586.12,80.0,-700.0
453848.3,365586.12,80.0,-700.0
454058.2,365586.12,80.0,-700.0
454268.03,365586.12,80.0,-700.0
454477.9,365586.12,80.0,-700.0
454687.78,365586.12,80.0,-700.0
454897.62,365586.12,80.0,-700.0
455107.5,365586.12,80.0,-700.0
455317.34,365586.12,80.0,-700.0
455527.22,365586.12,80.0,-700.0
455737.1,365586.12,80.0,-700.0
455946.94,365586.12,80.0,-700.0
456156.8,365586.12,80.0,-700.0
456366.7,365586.12,80.0,-700.0
456576.53,365586.12,80.0,-700.0
456786.4,365586.12,80.0,-700.0
456996.25,365586.12,80.0,-700.0
457206.12,365586.12,80.0,-700.0
457416.0,365586.12,80.0,-700.0
457625.84,365586.12,80.0,-712.0
457835.72,365586.12,68.0,-712.0
458045.6,365586.12,68.0,-712.0
458255.44,365586.12,68.0,-712.0
458465.3,365586.12,68.0,-712.0
458675.16,365586.12,68.0,-712.0
458885.03,365586.12,68.0,-712.0
459094.9,365586.12,68.0,-712.0
459304.75,365586.12,68.0,-712.0
459514.62,365586.12,68.0,-712.0
459724.47,365586.12,68.0,-712.0
459934.34,365586.12,68.0,-712.0
460144.22,365586.12,68.0,-712.0
418381.47,365788.75,,
418591.34,365788.75,,
418801.2,365788.75,,
419011.06,365788.75,,
419220.94,365788.75,,
419430.78,365788.75,,
419640.66,365788.75,,
419850.5,365788.75,,
420060.38,365788.75,,
420270.25,365788.75,,
420480.1,365788.75,,
420689.97,365788.75,,
420899.84,365788.75,,
421109.7,365788.75,,
421319.56,365788.75,,
421529.4,365788.75,128.0,56.0
421739.28,365788.75,128.0,56.0
421949.16,365788.75,128.0,56.0
422159.0,365788.75,128.0,56.0
422368.88,365788.75,128.0,56.0
422578.72,365788.75,128.0,56.0
422788.6,365788.75,128.0,56.0
422998.47,365788.75,128.0,56.0
423208.3,365788.75,128.0,56.0
423418.2,365788.75,128.0,56.0
423628.06,365788.75,128.0,56.0
423837.9,365788.75,128.0,56.0
424047.78,365788.75,128.0,56.0
424257.62,365788.75,128.0,56.0
424467.5,365788.75,128.0,56.0
424677.38,365788.75,128.0,56.0
424887.22,365788.75,128.0,56.0
425097.1,365788.75,,
425306.94,365788.75,,
425516.8,365788.75,,
425726.7,365788.75,,
425936.53,365788.75,,
426146.4,365788.75,,
426356.28,365788.75,,
426566.12,365788.75,,
426776.0,365788.75,,
426985.84,365788.75,,
427195.72,365788.75,,
427405.6,365788.75,,
427615.44,365788.75,,
427825.3,365788.75,,
428035.16,365788.75,,
428245.03,365788.75,,
428454.9,365788.75,,
428664.75,365788.75,,
428874.62,365788.75,,
429084.5,365788.75,,
429294.34,365788.75,,
429504.22,365788.75,,
429714.06,365788.75,,
429923.94,365788.75,,
430133.8,365788.75,,
430343.66,365788.75,,
430553.53,365788.75,,
430763.38,365788.75,,
430973.25,365788.75,,
431183.12,365788.75,,
431392.97,365788.75,,
431602.84,365788.75,,
431812.72,365788.75,,
432022.56,365788.75,,
432232.44,365788.75,,
432442.28,365788.75,,
432652.16,365788.75,,
432862.03,365788.75,,
433071.88,365788.75,,
433281.75,365788.75,,
433491.6,365788.75,,
433701.47,365788.75,,
433911.34,365788.75,,
434121.2,365788.75,,
434331.06,365788.75,,
434540.94,365788.75,,
434750.78,365788.75,,
434960.66,365788.75,,
435170.5,365788.75,,
435380.38,365788.75,,
435590.25,365788.75,,
435800.1,365788.75,,
436009.97,365788.75,,
436219.8,365788.75,,
436429.7,365788.75,,
436639.56,365788.75,,
436849.4,365788.75,,
437059.28,365788.75,,
437269.16,365788.75,,
437479.0,365788.75,,
437688.88,365788.75,,
437898.72,365788.75,,
438108.6,365788.75,,
438318.47,365788.75,,
438528.3,365788.75,,
438738.2,365788.75,,
438948.03,365788.75,,
439157.9,365788.75,,
439367.78,365788.75,,
439577.62,365788.75,,
439787.5,365788.75,,
439997.38,365788.75,,
440207.22,365788.75,,
440417.1,365788.75,,
440626.94,365788.75,,
440836.8,365788.75,,
441046.7,365788.75,,
441256.53,365788.75,,
441466.4,365788.75,,
441676.25,365788.75,,
441886.12,365788.75,,
442096.0,365788.75,,
442305.84,365788.75,,
442515.72,365788.75,,
442725.6,365788.75,,
442935.44,365788.75,,
443145.3,365788.75,,
443355.16,365788.75,,
443565.03,365788.75,,
443774.9,365788.75,,
443984.75,365788.75,,
444194.62,365788.75,,
444404.47,365788.75,,
444614.34,365788.75,,
444824.22,365788.75,,
445034.06,365788.75,,
445243.94,365788.75,,
445453.8,365788.75,,
445663.66,365788.75,68.0,-424.0
445873.53,365788.75,68.0,-424.0
446083.38,365788.75,68.0,-424.0
446293.25,365788.75,68.0,-424.0
446503.12,365788.75,68.0,-424.0
446712.97,365788.75,68.0,-424.0
446922.84,365788.75,68.0,-424.0
447132.7,365788.75,68.0,-424.0
447342.56,365788.75,68.0,-424.0
447552.44,365788.75,68.0,-424.0
447762.28,365788.75,80.0,-424.0
447972.16,365788.75,80.0,-424.0
448182.03,365788.75,80.0,-424.0
448391.88,365788.75,80.0,-424.0
448601.75,365788.75,80.0,-424.0
448811.6,365788.75,80.0,-424.0
449021.47,365788.75,80.0,-424.0
449231.34,365788.75,80.0,-424.0
449441.2,365788.75,80.0,-424.0
449651.06,365788.75,80.0,-424.0
449860.9,365788.75,32.0,-580.0
450070.78,365788.75,32.0,-580.0
450280.66,365788.75,32.0,-580.0
450490.5,365788.75,44.0,-580.0
450700.38,365788.75,44.0,-580.0
450910.25,365788.75,44.0,-580.0
451120.1,365788.75,44.0,-580.0
451329.97,365788.75,44.0,-580.0
451539.8,365788.75,44.0,-580.0
451749.7,365788.75,44.0,-580.0
451959.56,365788.75,80.0,-712.0
452169.4,365788.75,80.0,-712.0
452379.28,365788.75,80.0,-712.0
452589.12,365788.75,80.0,-712.0
452799.0,365788.75,80.0,-700.0
453008.88,365788.75,80.0,-700.0
453218.72,365788.75,80.0,-700.0
453428.6,365788.75,80.0,-700.0
453638.47,365788.75,80.0,-700.0
453848.3,365788.75,80.0,-700.0
454058.2,365788.75,80.0,-700.0
454268.03,365788.75,80.0,-700.0
454477.9,365788.75,80.0,-700.0
454687.78,365788.75,80.0,-700.0
454897.62,365788.75,80.0,-700.0
455107.5,365788.75,80.0,-700.0
455317.34,365788.75,80.0,-700.0
455527.22,365788.75,80.0,-700.0
455737.1,365788.75,80.0,-700.0
455946.94,365788.75,80.0,-700.0
456156.8,365788.75,80.0,-700.0
456366.7,365788.75,80.0,-700.0
456576.53,365788.75,80.0,-700.0
456786.4,365788.75,80.0,-700.0
456996.25,365788.75,80.0,-712.0
457206.12,365788.75,80.0,-712.0
457416.0,365788.75,80.0,-712.0
457625.84,365788.75,80.0,-712.0
457835.72,365788.75,68.0,-712.0
458045.6,365788.75,68.0,-712.0
458255.44,365788.75,68.0,-712.0
458465.3,365788.75,68.0,-712.0
458675.16,365788.75,68.0,-712.0
458885.03,365788.75,68.0,-712.0
459094.9,365788.75,68.0,-712.0
459304.75,365788.75,68.0,-712.0
459514.62,365788.75,68.0,-712.0
459724.47,365788.75,68.0,-712.0
459934.34,365788.75,68.0,-712.0
460144.22,365788.75,68.0,-712.0
418381.47,365991.34,,
418591.34,365991.34,,
418801.2,365991.34,,
419011.06,365991.34,,
419220.94,365991.34,,
419430.78,365991.34,,
419640.66,365991.34,,
419850.5,365991.34,,
420060.38,365991.34,,
420270.25,365991.34,,
420480.1,365991.34,,
420689.97,365991.34,,
420899.84,365991.34,,
421109.7,365991.34,,
421319.56,365991.34,,
421529.4,365991.34,128.0,56.0
421739.28,365991.34,128.0,56.0
421949.16,365991.34,128.0,56.0
422159.0,365991.34,128.0,56.0
422368.88,365991.34,128.0,56.0
422578.72,365991.34,128.0,56.0
422788.6,365991.34,128.0,56.0
422998.47,365991.34,128.0,56.0
423208.3,365991.34,128.0,56.0
423418.2,365991.34,128.0,56.0
423628.06,365991.34,128.0,56.0
423837.9,365991.34,128.0,56.0
424047.78,365991.34,128.0,56.0
424257.62,365991.34,128.0,56.0
424467.5,365991.34,128.0,56.0
424677.38,365991.34,140.0,56.0
424887.22,365991.34,,
425097.1,365991.34,,
425306.94,365991.34,,
425516.8,365991.34,,
425726.7,365991.34,,
425936.53,365991.34,,
426146.4,365991.34,,
426356.28,365991.34,,
426566.12,365991.34,,
426776.0,365991.34,,
426985.84,365991.34,,
427195.72,365991.34,,
427405.6,365991.34,,
427615.44,365991.34,,
427825.3,365991.34,,
428035.16,365991.34,,
428245.03,365991.34,,
428454.9,365991.34,,
428664.75,365991.34,,
428874.62,365991.34,,
429084.5,365991.34,,
429294.34,365991.34,,
429504.22,365991.34,,
429714.06,365991.34,,
429923.94,365991.34,,
430133.8,365991.34,,
430343.66,365991.34,,
430553.53,365991.34,,
430763.38,365991.34,,
430973.25,365991.34,,
431183.12,365991.34,,
431392.97,365991.34,,
431602.84,365991.34,,
431812.72,365991.34,,
432022.56,365991.34,,
432232.44,365991.34,,
432442.28,365991.34,,
432652.16,365991.34,,
432862.03,365991.34,,
433071.88,365991.34,,
433281.75,365991.34,,
433491.6,365991.34,,
433701.47,365991.34,,
433911.34,365991.34,,
434121.2,365991.34,,
434331.06,365991.34,,
434540.94,365991.34,,
434750.78,365991.34,,
434960.66,365991.34,,
435170.5,365991.34,,
435380.38,365991.34,,
435590.25,365991.34,,
435800.1,365991.34,,
436009.97,365991.34,,
436219.8,365991.34,,
436429.7,365991.34,,
436639.56,365991.34,,
436849.4,365991.34,,
437059.28,365991.34,,
437269.16,365991.34,,
437479.0,365991.34,,
437688.88,365991.34,,
437898.72,365991.34,,
438108.6,365991.34,,
438318.47,365991.34,,
438528.3,365991.34,,
438738.2,365991.34,,
438948.03,365991.34,,
439157.9,365991.34,,
439367.78,365991.34,,
439577.62,365991.34,,
439787.5,365991.34,,
439997.38,365991.34,,
440207.22,365991.34,,
440417.1,365991.34,,
440626.94,365991.34,,
440836.8,365991.34,,
441046.7,365991.34,,
441256.53,365991.34,,
441466.4,365991.34,,
441676.25,365991.34,,
441886.12,365991.34,,
442096.0,365991.34,,
442305.84,365991.34,,
442515.72,365991.34,,
442725.6,365991.34,,
442935.44,365991.34,,
443145.3,365991.34,,
443355.16,365991.34,,
443565.03,365991.34,,
443774.9,365991.34,,
443984.75,365991.34,,
444194.62,365991.34,,
444404.47,365991.34,,
444614.34,365991.34,,
444824.22,365991.34,,
445034.06,365991.34,,
445243.94,365991.34,,
445453.8,365991.34,,
445663.66,365991.34,56.0,-424.0
445873.53,365991.34,56.0,-424.0
446083.38,365991.34,68.0,-424.0
446293.25,365991.34,68.0,-424.0
446503.12,365991.34,68.0,-424.0
446712.97,365991.34,68.0,-424.0
446922.84,365991.34,68.0,-424.0
447132.7,365991.34,68.0,-424.0
447342.56,365991.34,68.0,-424.0
447552.44,365991.34,68.0,-424.0
447762.28,365991.34,68.0,-424.0
447972.16,365991.34,68.0,-424.0
448182.03,365991.34,68.0,-424.0
448391.88,365991.34,68.0,-424.0
448601.75,365991.34,68.0,-424.0
448811.6,365991.34,68.0,-424.0
449021.47,365991.34,80.0,-424.0
449231.34,365991.34,80.0,-424.0
449441.2,365991.34,80.0,-424.0
449651.06,365991.34,32.0,-580.0
449860.9,365991.34,32.0,-580.0
450070.78,365991.34,32.0,-580.0
450280.66,365991.34,32.0,-580.0
450490.5,365991.34,32.0,-580.0
450700.38,365991.34,32.0,-580.0
450910.25,365991.34,32.0,-580.0
451120.1,365991.34,32.0,-580.0
451329.97,365991.34,44.0,-580.0
451539.8,365991.34,44.0,-580.0
451749.7,365991.34,32.0,-580.0
451959.56,365991.34,80.0,-712.0
452169.4,365991.34,80.0,-712.0
452379.28,365991.34,80.0,-712.0
452589.12,365991.34,80.0,-712.0
452799.0,365991.34,80.0,-712.0
453008.88,365991.34,80.0,-712.0
453218.72,365991.34,80.0,-712.0
453428.6,365991.34,80.0,-712.0
453638.47,365991.34,80.0,-712.0
453848.3,365991.34,80.0,-712.0
454058.2,365991.34,80.0,-712.0
454268.03,365991.34,80.0,-712.0
454477.9,365991.34,80.0,-712.0
454687.78,365991.34,80.0,-712.0
454897.62,365991.34,80.0,-712.0
455107.5,365991.34,80.0,-712.0
455317.34,365991.34,80.0,-712.0
455527.22,365991.34,80.0,-700.0
455737.1,365991.34,80.0,-700.0
455946.94,365991.34,80.0,-700.0
456156.8,365991.34,80.0,-700.0
456366.7,365991.34,80.0,-712.0
456576.53,365991.34,80.0,-712.0
456786.4,365991.34,80.0,-712.0
456996.25,365991.34,80.0,-712.0
457206.12,365991.34,80.0,-712.0
457416.0,365991.34,80.0,-712.0
457625.84,365991.34,80.0,-712.0
457835.72,365991.34,68.0,-712.0
458045.6,365991.34,68.0,-712.0
458255.44,365991.34,68.0,-712.0
458465.3,365991.34,68.0,-712.0
458675.16,365991.34,68.0,-712.0
458885.03,365991.34,68.0,-712.0
459094.9,365991.34,68.0,-712.0
459304.75,365991.34,68.0,-712.0
459514.62,365991.34,68.0,-712.0
459724.47,365991.34,68.0,-712.0
459934.34,365991.34,68.0,-712.0
460144.22,365991.34,68.0,-712.0
418381.47,366193.97,,
418591.34,366193.97,,
418801.2,366193.97,,
419011.06,366193.97,,
419220.94,366193.97,,
419430.78,366193.97,,
419640.66,366193.97,,
419850.5,366193.97,,
420060.38,366193.97,,
420270.25,366193.97,,
420480.1,366193.97,,
420689.97,366193.97,,
420899.84,366193.97,,
421109.7,366193.97,,
421319.56,366193.97,128.0,56.0
421529.4,366193.97,128.0,56.0
421739.28,366193.97,128.0,56.0
421949.16,366193.97,128.0,56.0
422159.0,366193.97,128.0,56.0
422368.88,366193.97,128.0,56.0
422578.72,366193.97,128.0,56.0
422788.6,366193.97,128.0,56.0
422998.47,366193.97,128.0,56.0
423208.3,366193.97,128.0,56.0
423418.2,366193.97,128.0,56.0
423628.06,366193.97,128.0,56.0
423837.9,366193.97,128.0,56.0
424047.78,366193.97,140.0,56.0
424257.62,366193.97,140.0,56.0
424467.5,366193.97,140.0,56.0
424677.38,366193.97,,
424887.22,366193.97,,
425097.1,366193.97,,
425306.94,366193.97,,
425516.8,366193.97,,
425726.7,366193.97,,
425936.53,366193.97,,
426146.4,366193.97,,
426356.28,366193.97,,
426566.12,366193.97,,
426776.0,366193.97,,
426985.84,366193.97,,
427195.72,366193.97,,
427405.6,366193.97,,
427615.44,366193.97,,
427825.3,366193.97,,
428035.16,366193.97,,
428245.03,366193.97,,
428454.9,366193.97,,
428664.75,366193.97,,
428874.62,366193.97,,
429084.5,366193.97,,
429294.34,366193.97,,
429504.22,366193.97,,
429714.06,366193.97,,
429923.94,366193.97,,
430133.8,366193.97,,
430343.66,366193.97,,
430553.53,366193.97,,
430763.38,366193.97,,
430973.25,366193.97,,
431183.12,366193.97,,
431392.97,366193.97,,
431602.84,366193.97,,
431812.72,366193.97,,
432022.56,366193.97,,
432232.44,366193.97,,
432442.28,366193.97,,
432652.16,366193.97,,
432862.03,366193.97,,
433071.88,366193.97,,
433281.75,366193.97,,
433491.6,366193.97,,
433701.47,366193.97,,
433911.34,366193.97,,
434121.2,366193.97,,
434331.06,366193.97,,
434540.94,366193.97,,
434750.78,366193.97,,
434960.66,366193.97,,
435170.5,366193.97,,
435380.38,366193.97,,
435590.25,366193.97,,
435800.1,366193.97,,
436009.97,366193.97,,
436219.8,366193.97,,
436429.7,366193.97,,
436639.56,366193.97,,
436849.4,366193.97,,
437059.28,366193.97,,
437269.16,366193.97,,
437479.0,366193.97,,
437688.88,366193.97,,
437898.72,366193.97,,
438108.6,366193.97,,
438318.47,366193.97,,
438528.3,366193.97,,
438738.2,366193.97,,
438948.03,366193.97,,
439157.9,366193.97,,
439367.78,366193.97,,
439577.62,366193.97,,
439787.5,366193.97,,
439997.38,366193.97,,
440207.22,366193.97,,
440417.1,366193.97,,
440626.94,366193.97,,
440836.8,366193.97,,
441046.7,366193.97,,
441256.53,366193.97,,
441466.4,366193.97,,
441676.25,366193.97,,
441886.12,366193.97,,
442096.0,366193.97,,
442305.84,366193.97,,
442515.72,366193.97,,
442725.6,366193.97,,
442935.44,366193.97,,
443145.3,366193.97,,
443355.16,366193.97,,
443565.03,366193.97,,
443774.9,366193.97,,
443984.75,366193.97,,
444194.62,366193.97,,
444404.47,366193.97,,
444614.34,366193.97,,
444824.22,366193.97,,
445034.06,366193.97,,
445243.94,366193.97,,
445453.8,366193.97,,
445663.66,366193.97,56.0,-424.0
445873.53,366193.97,56.0,-424.0
446083.38,366193.97,56.0,-424.0
446293.25,366193.97,56.0,-424.0
446503.12,366193.97,68.0,-424.0
446712.97,366193.97,68.0,-424.0
446922.84,366193.97,68.0,-424.0
447132.7,366193.97,68.0,-424.0
447342.56,366193.97,68.0,-424.0
447552.44,366193.97,68.0,-424.0
447762.28,366193.97,68.0,-424.0
447972.16,366193.97,68.0,-424.0
448182.03,366193.97,68.0,-424.0
448391.88,366193.97,68.0,-424.0
448601.75,366193.97,68.0,-424.0
448811.6,366193.97,68.0,-424.0
449021.47,366193.97,68.0,-424.0
449231.34,366193.97,68.0,-424.0
449441.2,366193.97,32.0,-580.0
449651.06,366193.97,32.0,-580.0
449860.9,366193.97,32.0,-580.0
450070.78,366193.97,32.0,-580.0
450280.66,366193.97,32.0,-580.0
450490.5,366193.97,32.0,-580.0
450700.38,366193.97,32.0,-580.0
450910.25,366193.97,32.0,-580.0
451120.1,366193.97,32.0,-580.0
451329.97,366193.97,32.0,-580.0
451539.8,366193.97,32.0,-580.0
451749.7,366193.97,32.0,-580.0
451959.56,366193.97,80.0,-712.0
452169.4,366193.97,80.0,-712.0
452379.28,366193.97,80.0,-712.0
452589.12,366193.97,80.0,-712.0
452799.0,366193.97,80.0,-712.0
453008.88,366193.97,80.0,-712.0
453218.72,366193.97,80.0,-712.0
453428.6,366193.97,80.0,-712.0
453638.47,366193.97,80.0,-712.0
453848.3,366193.97,80.0,-712.0
454058.2,366193.97,80.0,-712.0
454268.03,366193.97,80.0,-712.0
454477.9,366193.97,80.0,-712.0
454687.78,366193.97,80.0,-712.0
454897.62,366193.97,80.0,-712.0
455107.5,366193.97,80.0,-712.0
455317.34,366193.97,80.0,-712.0
455527.22,366193.97,80.0,-712.0
455737.1,366193.97,80.0,-712.0
455946.94,366193.97,80.0,-712.0
456156.8,366193.97,80.0,-712.0
456366.7,366193.97,80.0,-712.0
456576.53,366193.97,80.0,-712.0
456786.4,366193.97,80.0,-712.0
456996.25,366193.97,80.0,-712.0
457206.12,366193.97,80.0,-712.0
457416.0,366193.97,80.0,-712.0
457625.84,366193.97,80.0,-712.0
457835.72,366193.97,80.0,-712.0
458045.6,366193.97,68.0,-712.0
458255.44,366193.97,68.0,-712.0
458465.3,366193.97,68.0,-712.0
458675.16,366193.97,68.0,-712.0
458885.03,366193.97,68.0,-712.0
459094.9,366193.97,68.0,-712.0
459304.75,366193.97,68.0,-712.0
459514.62,366193.97,68.0,-712.0
459724.47,366193.97,68.0,-712.0
459934.34,366193.97,68.0,-712.0
460144.22,366193.97,68.0,-712.0
418381.47,366396.6,,
418591.34,366396.6,,
418801.2,366396.6,,
419011.06,366396.6,,
419220.94,366396.6,,
419430.78,366396.6,,
419640.66,366396.6,,
419850.5,366396.6,,
420060.38,366396.6,,
420270.25,366396.6,,
420480.1,366396.6,,
420689.97,366396.6,,
420899.84,366396.6,,
421109.7,366396.6,,
421319.56,366396.6,128.0,56.0
421529.4,366396.6,128.0,56.0
421739.28,366396.6,128.0,56.0
421949.16,366396.6,128.0,56.0
422159.0,366396.6,128.0,56.0
422368.88,366396.6,128.0,56.0
422578.72,366396.6,128.0,56.0
422788.6,366396.6,128.0,56.0
422998.47,366396.6,140.0,56.0
423208.3,366396.6,140.0,56.0
423418.2,366396.6,140.0,56.0
423628.06,366396.6,140.0,56.0
423837.9,366396.6,140.0,56.0
424047.78,366396.6,140.0,56.0
424257.62,366396.6,140.0,56.0
424467.5,366396.6,,
424677.38,366396.6,,
424887.22,366396.6,,
425097.1,366396.6,,
425306.94,366396.6,,
425516.8,366396.6,,
425726.7,366396.6,,
425936.53,366396.6,,
426146.4,366396.6,,
426356.28,366396.6,,
426566.12,366396.6,,
426776.0,366396.6,,
426985.84,366396.6,,
427195.72,366396.6,,
427405.6,366396.6,,
427615.44,366396.6,,
427825.3,366396.6,,
428035.16,366396.6,,
428245.03,366396.6,,
428454.9,366396.6,,
428664.75,366396.6,,
428874.62,366396.6,,
429084.5,366396.6,,
429294.34,366396.6,,
429504.22,366396.6,,
429714.06,366396.6,,
429923.94,366396.6,,
430133.8,366396.6,,
430343.66,366396.6,,
430553.53,366396.6,,
430763.38,366396.6,,
430973.25,366396.6,,
431183.12,366396.6,,
431392.97,366396.6,,
431602.84,366396.6,,
431812.72,366396.6,,
432022.56,366396.6,,
432232.44,366396.6,,
432442.28,366396.6,,
432652.16,366396.6,,
432862.03,366396.6,,
433071.88,366396.6,,
433281.75,366396.6,,
433491.6,366396.6,,
433701.47,366396.6,,
433911.34,366396.6,,
434121.2,366396.6,,
434331.06,366396.6,,
434540.94,366396.6,,
434750.78,366396.6,,
434960.66,366396.6,,
435170.5,366396.6,,
435380.38,366396.6,,
435590.25,366396.6,,
435800.1,366396.6,,
436009.97,366396.6,,
436219.8,366396.6,,
436429.7,366396.6,,
436639.56,366396.6,,
436849.4,366396.6,,
437059.28,366396.6,,
437269.16,366396.6,,
437479.0,366396.6,,
437688.88,366396.6,,
437898.72,366396.6,,
438108.6,366396.6,,
438318.47,366396.6,,
438528.3,366396.6,,
438738.2,366396.6,,
438948.03,366396.6,,
439157.9,366396.6,,
439367.78,366396.6,,
439577.62,366396.6,,
439787.5,366396.6,,
439997.38,366396.6,,
440207.22,366396.6,,
440417.1,366396.6,,
440626.94,366396.6,,
440836.8,366396.6,,
441046.7,366396.6,,
441256.53,366396.6,,
441466.4,366396.6,,
441676.25,366396.6,,
441886.12,366396.6,,
442096.0,366396.6,,
442305.84,366396.6,,
442515.72,366396.6,,
442725.6,366396.6,,
442935.44,366396.6,,
443145.3,366396.6,,
443355.16,366396.6,,
443565.03,366396.6,,
443774.9,366396.6,,
443984.75,366396.6,,
444194.62,366396.6,,
444404.47,366396.6,,
444614.34,366396.6,,
444824.22,366396.6,,
445034.06,366396.6,,
445243.94,366396.6,,
445453.8,366396.6,,
445663.66,366396.6,56.0,-424.0
445873.53,366396.6,56.0,-424.0
446083.38,366396.6,56.0,-424.0
446293.25,366396.6,56.0,-424.0
446503.12,366396.6,56.0,-424.0
446712.97,366396.6,68.0,-424.0
446922.84,366396.6,68.0,-424.0
447132.7,366396.6,68.0,-424.0
447342.56,366396.6,68.0,-424.0
447552.44,366396.6,68.0,-424.0
447762.28,366396.6,68.0,-424.0
447972.16,366396.6,68.0,-424.0
448182.03,366396.6,68.0,-424.0
448391.88,366396.6,68.0,-424.0
448601.75,366396.6,68.0,-424.0
448811.6,366396.6,68.0,-424.0
449021.47,366396.6,68.0,-424.0
449231.34,366396.6,32.0,-592.0
449441.2,366396.6,32.0,-592.0
449651.06,366396.6,32.0,-592.0
449860.9,366396.6,32.0,-592.0
450070.78,366396.6,32.0,-592.0
450280.66,366396.6,32.0,-592.0
450490.5,366396.6,32.0,-592.0
450700.38,366396.6,32.0,-592.0
450910.25,366396.6,32.0,-592.0
451120.1,366396.6,32.0,-592.0
451329.97,366396.6,32.0,-592.0
451539.8,366396.6,32.0,-592.0
451749.7,366396.6,32.0,-580.0
451959.56,366396.6,32.0,-580.0
452169.4,366396.6,80.0,-712.0
452379.28,366396.6,80.0,-712.0
452589.12,366396.6,80.0,-712.0
452799.0,366396.6,80.0,-712.0
453008.88,366396.6,80.0,-712.0
453218.72,366396.6,80.0,-712.0
453428.6,366396.6,80.0,-712.0
453638.47,366396.6,80.0,-712.0
453848.3,366396.6,80.0,-712.0
454058.2,366396.6,80.0,-712.0
454268.03,366396.6,80.0,-712.0
454477.9,366396.6,80.0,-712.0
454687.78,366396.6,80.0,-712.0
454897.62,366396.6,80.0,-712.0
455107.5,366396.6,80.0,-712.0
455317.34,366396.6,80.0,-712.0
455527.22,366396.6,80.0,-712.0
455737.1,366396.6,80.0,-712.0
455946.94,366396.6,80.0,-712.0
456156.8,366396.6,80.0,-712.0
456366.7,366396.6,80.0,-712.0
456576.53,366396.6,80.0,-712.0
456786.4,366396.6,80.0,-712.0
456996.25,366396.6,80.0,-712.0
457206.12,366396.6,80.0,-712.0
457416.0,366396.6,80.0,-712.0
457625.84,366396.6,80.0,-712.0
457835.72,366396.6,68.0,-712.0
458045.6,366396.6,68.0,-712.0
458255.44,366396.6,68.0,-712.0
458465.3,366396.6,68.0,-712.0
458675.16,366396.6,68.0,-712.0
458885.03,366396.6,68.0,-712.0
459094.9,366396.6,68.0,-712.0
459304.75,366396.6,68.0,-712.0
459514.62,366396.6,68.0,-712.0
459724.47,366396.6,68.0,-712.0
459934.34,366396.6,68.0,-712.0
460144.22,366396.6,68.0,-712.0
418381.47,366599.22,,
418591.34,366599.22,,
418801.2,366599.22,,
419011.06,366599.22,,
419220.94,366599.22,,
419430.78,366599.22,,
419640.66,366599.22,,
419850.5,366599.22,,
420060.38,366599.22,,
420270.25,366599.22,,
420480.1,366599.22,,
420689.97,366599.22,,
420899.84,366599.22,,
421109.7,366599.22,140.0,56.0
421319.56,366599.22,140.0,56.0
421529.4,366599.22,140.0,56.0
421739.28,366599.22,140.0,56.0
421949.16,366599.22,140.0,56.0
422159.0,366599.22,140.0,56.0
422368.88,366599.22,140.0,56.0
422578.72,366599.22,140.0,56.0
422788.6,366599.22,140.0,56.0
422998.47,366599.22,140.0,56.0
423208.3,366599.22,140.0,56.0
423418.2,366599.22,140.0,56.0
423628.06,366599.22,140.0,56.0
423837.9,366599.22,140.0,56.0
424047.78,366599.22,140.0,56.0
424257.62,366599.22,,
424467.5,366599.22,,
424677.38,366599.22,,
424887.22,366599.22,,
425097.1,366599.22,,
425306.94,366599.22,,
425516.8,366599.22,,
425726.7,366599.22,,
425936.53,366599.22,,
426146.4,366599.22,,
426356.28,366599.22,,
426566.12,366599.22,,
426776.0,366599.22,,
426985.84,366599.22,,
427195.72,366599.22,,
427405.6,366599.22,,
427615.44,366599.22,,
427825.3,366599.22,,
428035.16,366599.22,,
428245.03,366599.22,,
428454.9,366599.22,,
428664.75,366599.22,,
428874.62,366599.22,,
429084.5,366599.22,,
429294.34,366599.22,,
429504.22,366599.22,,
429714.06,366599.22,,
429923.94,366599.22,,
430133.8,366599.22,,
430343.66,366599.22,,
430553.53,366599.22,,
430763.38,366599.22,,
430973.25,366599.22,,
431183.12,366599.22,,
431392.97,366599.22,,
431602.84,366599.22,,
431812.72,366599.22,,
432022.56,366599.22,,
432232.44,366599.22,,
432442.28,366599.22,,
432652.16,366599.22,,
432862.03,366599.22,,
433071.88,366599.22,,
433281.75,366599.22,,
433491.6,366599.22,,
433701.47,366599.22,,
433911.34,366599.22,,
434121.2,366599.22,,
434331.06,366599.22,,
434540.94,366599.22,,
434750.78,366599.22,,
434960.66,366599.22,,
435170.5,366599.22,,
435380.38,366599.22,,
435590.25,366599.22,,
435800.1,366599.22,,
436009.97,366599.22,,
436219.8,366599.22,,
436429.7,366599.22,,
436639.56,366599.22,,
436849.4,366599.22,,
437059.28,366599.22,,
437269.16,366599.22,,
437479.0,366599.22,,
437688.88,366599.22,,
437898.72,366599.22,,
438108.6,366599.22,,
438318.47,366599.22,,
438528.3,366599.22,,
438738.2,366599.22,,
438948.03,366599.22,,
439157.9,366599.22,,
439367.78,366599.22,,
439577.62,366599.22,,
439787.5,366599.22,,
439997.38,366599.22,,
440207.22,366599.22,,
440417.1,366599.22,,
440626.94,366599.22,,
440836.8,366599.22,,
441046.7,366599.22,,
441256.53,366599.22,,
441466.4,366599.22,,
441676.25,366599.22,,
441886.12,366599.22,,
442096.0,366599.22,,
442305.84,366599.22,,
442515.72,366599.22,,
442725.6,366599.22,,
442935.44,366599.22,,
443145.3,366599.22,,
443355.16,366599.22,,
443565.03,366599.22,,
443774.9,366599.22,,
443984.75,366599.22,,
444194.62,366599.22,,
444404.47,366599.22,,
444614.34,366599.22,,
444824.22,366599.22,,
445034.06,366599.22,,
445243.94,366599.22,,
445453.8,366599.22,,
445663.66,366599.22,56.0,-424.0
445873.53,366599.22,56.0,-424.0
446083.38,366599.22,56.0,-424.0
446293.25,366599.22,56.0,-424.0
446503.12,366599.22,56.0,-436.0
446712.97,366599.22,56.0,-436.0
446922.84,366599.22,56.0,-436.0
447132.7,366599.22,68.0,-436.0
447342.56,366599.22,68.0,-436.0
447552.44,366599.22,68.0,-424.0
447762.28,366599.22,68.0,-424.0
447972.16,366599.22,68.0,-436.0
448182.03,366599.22,68.0,-424.0
448391.88,366599.22,68.0,-424.0
448601.75,366599.22,68.0,-424.0
448811.6,366599.22,68.0,-424.0
449021.47,366599.22,68.0,-592.0
449231.34,366599.22,32.0,-592.0
449441.2,366599.22,32.0,-592.0
449651.06,366599.22,32.0,-592.0
449860.9,366599.22,32.0,-592.0
450070.78,366599.22,32.0,-592.0
450280.66,366599.22,32.0,-592.0
450490.5,366599.22,32.0,-592.0
450700.38,366599.22,32.0,-592.0
450910.25,366599.22,32.0,-592.0
451120.1,366599.22,32.0,-592.0
451329.97,366599.22,32.0,-592.0
451539.8,366599.22,32.0,-592.0
451749.7,366599.22,32.0,-592.0
451959.56,366599.22,32.0,-592.0
452169.4,366599.22,80.0,-724.0
452379.28,366599.22,80.0,-724.0
452589.12,366599.22,80.0,-724.0
452799.0,366599.22,80.0,-724.0
453008.88,366599.22,80.0,-712.0
453218.72,366599.22,80.0,-712.0
453428.6,366599.22,80.0,-712.0
453638.47,366599.22,80.0,-712.0
453848.3,366599.22,80.0,-712.0
454058.2,366599.22,80.0,-712.0
454268.03,366599.22,80.0,-712.0
454477.9,366599.22,80.0,-712.0
454687.78,366599.22,80.0,-712.0
454897.62,366599.22,80.0,-712.0
455107.5,366599.22,80.0,-712.0
455317.34,366599.22,80.0,-712.0
455527.22,366599.22,80.0,-712.0
455737.1,366599.22,80.0,-712.0
455946.94,366599.22,80.0,-712.0
456156.8,366599.22,80.0,-712.0
456366.7,366599.22,80.0,-712.0
456576.53,366599.22,80.0,-712.0
456786.4,366599.22,80.0,-712.0
456996.25,366599.22,80.0,-712.0
457206.12,366599.22,80.0,-712.0
457416.0,366599.22,80.0,-712.0
457625.84,366599.22,80.0,-712.0
457835.72,366599.22,68.0,-712.0
458045.6,366599.22,68.0,-712.0
458255.44,366599.22,68.0,-712.0
458465.3,366599.22,68.0,-712.0
458675.16,366599.22,68.0,-712.0
458885.03,366599.22,68.0,-712.0
459094.9,366599.22,68.0,-712.0
459304.75,366599.22,68.0,-712.0
459514.62,366599.22,68.0,-712.0
459724.47,366599.22,68.0,-712.0
459934.34,366599.22,68.0,-712.0
460144.22,366599.22,68.0,-712.0
418381.47,366801.8,,
418591.34,366801.8,,
418801.2,366801.8,,
419011.06,366801.8,,
419220.94,366801.8,,
419430.78,366801.8,,
419640.66,366801.8,,
419850.5,366801.8,,
420060.38,366801.8,,
420270.25,366801.8,,
420480.1,366801.8,,
420689.97,366801.8,,
420899.84,366801.8,140.0,56.0
421109.7,366801.8,140.0,56.0
421319.56,366801.8,140.0,56.0
421529.4,366801.8,140.0,56.0
421739.28,366801.8,140.0,56.0
421949.16,366801.8,140.0,56.0
422159.0,366801.8,140.0,56.0
422368.88,366801.8,140.0,56.0
422578.72,366801.8,140.0,56.0
422788.6,366801.8,140.0,56.0
422998.47,366801.8,140.0,56.0
423208.3,366801.8,140.0,56.0
423418.2,366801.8,140.0,56.0
423628.06,366801.8,140.0,56.0
423837.9,366801.8,140.0,56.0
424047.78,366801.8,,
424257.62,366801.8,,
424467.5,366801.8,,
424677.38,366801.8,,
424887.22,366801.8,,
425097.1,366801.8,,
425306.94,366801.8,,
425516.8,366801.8,,
425726.7,366801.8,,
425936.53,366801.8,,
426146.4,366801.8,,
426356.28,366801.8,,
426566.12,366801.8,,
426776.0,366801.8,,
426985.84,366801.8,,
427195.72,366801.8,,
427405.6,366801.8,,
427615.44,366801.8,,
427825.3,366801.8,,
428035.16,366801.8,,
428245.03,366801.8,,
428454.9,366801.8,,
428664.75,366801.8,,
428874.62,366801.8,,
429084.5,366801.8,,
429294.34,366801.8,,
429504.22,366801.8,,
429714.06,366801.8,,
429923.94,366801.8,,
430133.8,366801.8,,
430343.66,366801.8,,
430553.53,366801.8,,
430763.38,366801.8,,
430973.25,366801.8,,
431183.12,366801.8,,
431392.97,366801.8,,
431602.84,366801.8,,
431812.72,366801.8,,
432022.56,366801.8,,
432232.44,366801.8,,
432442.28,366801.8,,
432652.16,366801.8,,
432862.03,366801.8,,
433071.88,366801.8,,
433281.75,366801.8,,
433491.6,366801.8,,
433701.47,366801.8,,
433911.34,366801.8,,
434121.2,366801.8,,
434331.06,366801.8,,
434540.94,366801.8,,
434750.78,366801.8,,
434960.66,366801.8,,
435170.5,366801.8,,
435380.38,366801.8,,
435590.25,366801.8,,
435800.1,366801.8,,
436009.97,366801.8,,
436219.8,366801.8,,
436429.7,366801.8,,
436639.56,366801.8,,
436849.4,366801.8,,
437059.28,366801.8,,
437269.16,366801.8,,
437479.0,366801.8,,
437688.88,366801.8,,
437898.72,366801.8,,
438108.6,366801.8,,
438318.47,366801.8,,
438528.3,366801.8,,
438738.2,366801.8,,
438948.03,366801.8,,
439157.9,366801.8,,
439367.78,366801.8,,
439577.62,366801.8,,
439787.5,366801.8,,
439997.38,366801.8,,
440207.22,366801.8,,
440417.1,366801.8,,
440626.94,366801.8,,
440836.8,366801.8,,
441046.7,366801.8,,
441256.53,366801.8,,
441466.4,366801.8,,
441676.25,366801.8,,
441886.12,366801.8,,
442096.0,366801.8,,
442305.84,366801.8,,
442515.72,366801.8,,
442725.6,366801.8,,
442935.44,366801.8,,
443145.3,366801.8,,
443355.16,366801.8,,
443565.03,366801.8,,
443774.9,366801.8,,
443984.75,366801.8,,
444194.62,366801.8,,
444404.47,366801.8,,
444614.34,366801.8,,
444824.22,366801.8,,
445034.06,366801.8,,
445243.94,366801.8,,
445453.8,366801.8,,
445663.66,366801.8,56.0,-424.0
445873.53,366801.8,56.0,-424.0
446083.38,366801.8,56.0,-424.0
446293.25,366801.8,56.0,-436.0
446503.12,366801.8,56.0,-436.0
446712.97,366801.8,56.0,-436.0
446922.84,366801.8,56.0,-436.0
447132.7,366801.8,56.0,-436.0
447342.56,366801.8,56.0,-436.0
447552.44,366801.8,68.0,-436.0
447762.28,366801.8,68.0,-436.0
447972.16,366801.8,68.0,-436.0
448182.03,366801.8,68.0,-436.0
448391.88,366801.8,68.0,-436.0
448601.75,366801.8,68.0,-436.0
448811.6,366801.8,68.0,-436.0
449021.47,366801.8,32.0,-592.0
449231.34,366801.8,32.0,-592.0
449441.2,366801.8,32.0,-592.0
449651.06,366801.8,32.0,-592.0
449860.9,366801.8,32.0,-592.0
450070.78,366801.8,32.0,-592.0
450280.66,366801.8,32.0,-592.0
450490.5,366801.8,32.0,-592.0
450700.38,366801.8,32.0,-592.0
450910.25,366801.8,32.0,-592.0
451120.1,366801.8,32.0,-592.0
451329.97,366801.8,32.0,-592.0
451539.8,366801.8,32.0,-592.0
451749.7,366801.8,32.0,-592.0
451959.56,366801.8,32.0,-592.0
452169.4,366801.8,80.0,-724.0
452379.28,366801.8,80.0,-724.0
452589.12,366801.8,80.0,-724.0
452799.0,366801.8,80.0,-724.0
453008.88,366801.8,80.0,-724.0
453218.72,366801.8,80.0,-724.0
453428.6,366801.8,80.0,-724.0
453638.47,366801.8,80.0,-724.0
453848.3,366801.8,80.0,-724.0
454058.2,366801.8,80.0,-724.0
454268.03,366801.8,80.0,-712.0
454477.9,366801.8,80.0,-712.0
454687.78,366801.8,80.0,-712.0
454897.62,366801.8,80.0,-712.0
455107.5,366801.8,80.0,-712.0
455317.34,366801.8,80.0,-712.0
455527.22,366801.8,80.0,-712.0
455737.1,366801.8,80.0,-712.0
455946.94,366801.8,80.0,-712.0
456156.8,366801.8,80.0,-712.0
456366.7,366801.8,80.0,-712.0
456576.53,366801.8,80.0,-712.0
456786.4,366801.8,80.0,-712.0
456996.25,366801.8,80.0,-712.0
457206.12,366801.8,80.0,-712.0
457416.0,366801.8,68.0,-712.0
457625.84,366801.8,68.0,-712.0
457835.72,366801.8,68.0,-712.0
458045.6,366801.8,68.0,-712.0
458255.44,366801.8,68.0,-712.0
458465.3,366801.8,68.0,-712.0
458675.16,366801.8,68.0,-712.0
458885.03,366801.8,68.0,-712.0
459094.9,366801.8,68.0,-712.0
459304.75,366801.8,68.0,-712.0
459514.62,366801.8,68.0,-712.0
459724.47,366801.8,68.0,-712.0
459934.34,366801.8,68.0,-712.0
460144.22,366801.8,68.0,-712.0
418381.47,367004.44,,
418591.34,367004.44,,
418801.2,367004.44,,
419011.06,367004.44,,
419220.94,367004.44,,
419430.78,367004.44,,
419640.66,367004.44,,
419850.5,367004.44,,
420060.38,367004.44,,
420270.25,367004.44,,
420480.1,367004.44,,
420689.97,367004.44,,
420899.84,367004.44,140.0,56.0
421109.7,367004.44,140.0,56.0
421319.56,367004.44,140.0,56.0
421529.4,367004.44,140.0,56.0
421739.28,367004.44,140.0,56.0
421949.16,367004.44,140.0,56.0
422159.0,367004.44,140.0,56.0
422368.88,367004.44,140.0,56.0
422578.72,367004.44,140.0,56.0
422788.6,367004.44,140.0,56.0
422998.47,367004.44,140.0,56.0
423208.3,367004.44,140.0,56.0
423418.2,367004.44,140.0,56.0
423628.06,367004.44,140.0,56.0
423837.9,367004.44,140.0,56.0
424047.78,367004.44,,
424257.62,367004.44,,
424467.5,367004.44,,
424677.38,367004.44,,
424887.22,367004.44,,
425097.1,367004.44,,
425306.94,367004.44,,
425516.8,367004.44,,
425726.7,367004.44,,
425936.53,367004.44,,
426146.4,367004.44,,
426356.28,367004.44,,
426566.12,367004.44,,
426776.0,367004.44,,
426985.84,367004.44,,
427195.72,367004.44,,
427405.6,367004.44,,
427615.44,367004.44,,
427825.3,367004.44,,
428035.16,367004.44,,
428245.03,367004.44,,
428454.9,367004.44,,
428664.75,367004.44,,
428874.62,367004.44,,
429084.5,367004.44,,
429294.34,367004.44,,
429504.22,367004.44,,
429714.06,367004.44,,
429923.94,367004.44,,
430133.8,367004.44,,
430343.66,367004.44,,
430553.53,367004.44,,
430763.38,367004.44,,
430973.25,367004.44,,
431183.12,367004.44,,
431392.97,367004.44,,
431602.84,367004.44,,
431812.72,367004.44,,
432022.56,367004.44,,
432232.44,367004.44,,
432442.28,367004.44,,
432652.16,367004.44,,
432862.03,367004.44,,
433071.88,367004.44,,
433281.75,367004.44,,
433491.6,367004.44,,
433701.47,367004.44,,
433911.34,367004.44,,
434121.2,367004.44,,
434331.06,367004.44,,
434540.94,367004.44,,
434750.78,367004.44,,
434960.66,367004.44,,
435170.5,367004.44,,
435380.38,367004.44,,
435590.25,367004.44,,
435800.1,367004.44,,
436009.97,367004.44,,
436219.8,367004.44,,
436429.7,367004.44,,
436639.56,367004.44,,
436849.4,367004.44,,
437059.28,367004.44,,
437269.16,367004.44,,
437479.0,367004.44,,
437688.88,367004.44,,
437898.72,367004.44,,
438108.6,367004.44,,
438318.47,367004.44,,
438528.3,367004.44,,
438738.2,367004.44,,
438948.03,367004.44,,
439157.9,367004.44,,
439367.78,367004.44,,
439577.62,367004.44,,
439787.5,367004.44,,
439997.38,367004.44,,
440207.22,367004.44,,
440417.1,367004.44,,
440626.94,367004.44,,
440836.8,367004.44,,
441046.7,367004.44,,
441256.53,367004.44,,
441466.4,367004.44,,
441676.25,367004.44,,
441886.12,367004.44,,
442096.0,367004.44,,
442305.84,367004.44,,
442515.72,367004.44,,
442725.6,367004.44,,
442935.44,367004.44,,
443145.3,367004.44,,
443355.16,367004.44,,
443565.03,367004.44,,
443774.9,367004.44,,
443984.75,367004.44,,
444194.62,367004.44,,
444404.47,367004.44,,
444614.34,367004.44,,
444824.22,367004.44,,
445034.06,367004.44,,
445243.94,367004.44,,
445453.8,367004.44,,
445663.66,367004.44,56.0,-436.0
445873.53,367004.44,56.0,-436.0
446083.38,367004.44,56.0,-436.0
446293.25,367004.44,56.0,-436.0
446503.12,367004.44,56.0,-436.0
446712.97,367004.44,56.0,-436.0
446922.84,367004.44,56.0,-436.0
447132.7,367004.44,56.0,-436.0
447342.56,367004.44,56.0,-436.0
447552.44,367004.44,56.0,-436.0
447762.28,367004.44,68.0,-436.0
447972.16,367004.44,68.0,-436.0
448182.03,367004.44,68.0,-436.0
448391.88,367004.44,68.0,-436.0
448601.75,367004.44,68.0,-436.0
448811.6,367004.44,32.0,-592.0
449021.47,367004.44,32.0,-592.0
449231.34,367004.44,32.0,-592.0
449441.2,367004.44,32.0,-592.0
449651.06,367004.44,32.0,-592.0
449860.9,367004.44,32.0,-592.0
450070.78,367004.44,32.0,-592.0
450280.66,367004.44,32.0,-592.0
450490.5,367004.44,32.0,-592.0
450700.38,367004.44,32.0,-592.0
450910.25,367004.44,32.0,-592.0
451120.1,367004.44,32.0,-592.0
451329.97,367004.44,32.0,-592.0
451539.8,367004.44,32.0,-592.0
451749.7,367004.44,32.0,-592.0
451959.56,367004.44,32.0,-592.0
452169.4,367004.44,32.0,-592.0
452379.28,367004.44,80.0,-724.0
452589.12,367004.44,80.0,-724.0
452799.0,367004.44,80.0,-724.0
453008.88,367004.44,80.0,-724.0
453218.72,367004.44,80.0,-724.0
453428.6,367004.44,80.0,-724.0
453638.47,367004.44,80.0,-724.0
453848.3,367004.44,80.0,-724.0
454058.2,367004.44,80.0,-724.0
454268.03,367004.44,80.0,-724.0
454477.9,367004.44,80.0,-724.0
454687.78,367004.44,80.0,-724.0
454897.62,367004.44,80.0,-724.0
455107.5,367004.44,80.0,-724.0
455317.34,367004.44,80.0,-724.0
455527.22,367004.44,80.0,-724.0
455737.1,367004.44,80.0,-712.0
455946.94,367004.44,80.0,-712.0
456156.8,367004.44,80.0,-712.0
456366.7,367004.44,80.0,-712.0
456576.53,367004.44,80.0,-712.0
456786.4,367004.44,80.0,-712.0
456996.25,367004.44,68.0,-712.0
457206.12,367004.44,68.0,-712.0
457416.0,367004.44,68.0,-712.0
457625.84,367004.44,68.0,-712.0
457835.72,367004.44,68.0,-712.0
458045.6,367004.44,68.0,-712.0
458255.44,367004.44,68.0,-712.0
458465.3,367004.44,68.0,-712.0
458675.16,367004.44,68.0,-712.0
458885.03,367004.44,68.0,-712.0
459094.9,367004.44,68.0,-712.0
459304.75,367004.44,68.0,-712.0
459514.62,367004.44,68.0,-712.0
459724.47,367004.44,68.0,-712.0
459934.34,367004.44,68.0,-712.0
460144.22,367004.44,68.0,-712.0
418381.47,367207.06,,
418591.34,367207.06,,
418801.2,367207.06,,
419011.06,367207.06,,
419220.94,367207.06,,
419430.78,367207.06,,
419640.66,367207.06,,
419850.5,367207.06,,
420060.38,367207.06,,
420270.25,367207.06,,
420480.1,367207.06,,
420689.97,367207.06,140.0,56.0
420899.84,367207.06,140.0,56.0
421109.7,367207.06,140.0,56.0
421319.56,367207.06,140.0,56.0
421529.4,367207.06,140.0,56.0
421739.28,367207.06,140.0,56.0
421949.16,367207.06,140.0,56.0
422159.0,367207.06,140.0,56.0
422368.88,367207.06,140.0,56.0
422578.72,367207.06,140.0,56.0
422788.6,367207.06,140.0,56.0
422998.47,367207.06,140.0,56.0
423208.3,367207.06,140.0,56.0
423418.2,367207.06,140.0,56.0
423628.06,367207.06,140.0,56.0
423837.9,367207.06,,
424047.78,367207.06,,
424257.62,367207.06,,
424467.5,367207.06,,
424677.38,367207.06,,
424887.22,367207.06,,
425097.1,367207.06,,
425306.94,367207.06,,
425516.8,367207.06,,
425726.7,367207.06,,
425936.53,367207.06,,
426146.4,367207.06,,
426356.28,367207.06,,
426566.12,367207.06,,
426776.0,367207.06,,
426985.84,367207.06,,
427195.72,367207.06,,
427405.6,367207.06,,
427615.44,367207.06,,
427825.3,367207.06,,
428035.16,367207.06,,
428245.03,367207.06,,
428454.9,367207.06,,
428664.75,367207.06,,
428874.62,367207.06,,
429084.5,367207.06,,
429294.34,367207.06,,
429504.22,367207.06,,
429714.06,367207.06,,
429923.94,367207.06,,
430133.8,367207.06,,
430343.66,367207.06,,
430553.53,367207.06,,
430763.38,367207.06,,
430973.25,367207.06,,
431183.12,367207.06,,
431392.97,367207.06,,
431602.84,367207.06,,
431812.72,367207.06,,
432022.56,367207.06,,
432232.44,367207.06,,
432442.28,367207.06,,
432652.16,367207.06,,
432862.03,367207.06,,
433071.88,367207.06,,
433281.75,367207.06,,
433491.6,367207.06,,
433701.47,367207.06,,
433911.34,367207.06,,
434121.2,367207.06,,
434331.06,367207.06,,
434540.94,367207.06,,
434750.78,367207.06,,
434960.66,367207.06,,
435170.5,367207.06,,
435380.38,367207.06,,
435590.25,367207.06,,
435800.1,367207.06,,
436009.97,367207.06,,
436219.8,367207.06,,
436429.7,367207.06,,
436639.56,367207.06,,
436849.4,367207.06,,
437059.28,367207.06,,
437269.16,367207.06,,
437479.0,367207.06,,
437688.88,367207.06,,
437898.72,367207.06,,
438108.6,367207.06,,
438318.47,367207.06,,
438528.3,367207.06,,
438738.2,367207.06,,
438948.03,367207.06,,
439157.9,367207.06,,
439367.78,367207.06,,
439577.62,367207.06,,
439787.5,367207.06,,
439997.38,367207.06,,
440207.22,367207.06,,
440417.1,367207.06,,
440626.94,367207.06,,
440836.8,367207.06,,
441046.7,367207.06,,
441256.53,367207.06,,
441466.4,367207.06,,
441676.25,367207.06,,
441886.12,367207.06,,
442096.0,367207.06,,
442305.84,367207.06,,
442515.72,367207.06,,
442725.6,367207.06,,
442935.44,367207.06,,
443145.3,367207.06,,
443355.16,367207.06,,
443565.03,367207.06,,
443774.9,367207.06,,
443984.75,367207.06,,
444194.62,367207.06,,
444404.47,367207.06,,
444614.34,367207.06,,
444824.22,367207.06,,
445034.06,367207.06,,
445243.94,367207.06,,
445453.8,367207.06,-340.0,-436.0
445663.66,367207.06,44.0,-436.0
445873.53,367207.06,56.0,-436.0
446083.38,367207.06,56.0,-436.0
446293.25,367207.06,56.0,-436.0
446503.12,367207.06,56.0,-436.0
446712.97,367207.06,56.0,-436.0
446922.84,367207.06,56.0,-436.0
447132.7,367207.06,56.0,-436.0
447342.56,367207.06,56.0,-436.0
447552.44,367207.06,56.0,-436.0
447762.28,367207.06,56.0,-436.0
447972.16,367207.06,56.0,-436.0
448182.03,367207.06,68.0,-436.0
448391.88,367207.06,68.0,-436.0
448601.75,367207.06,32.0,-592.0
448811.6,367207.06,32.0,-592.0
449021.47,367207.06,32.0,-592.0
449231.34,367207.06,32.0,-592.0
449441.2,367207.06,32.0,-592.0
449651.06,367207.06,32.0,-592.0
449860.9,367207.06,32.0,-592.0
450070.78,367207.06,32.0,-592.0
450280.66,367207.06,32.0,-592.0
450490.5,367207.06,32.0,-592.0
450700.38,367207.06,32.0,-592.0
450910.25,367207.06,32.0,-592.0
451120.1,367207.06,32.0,-592.0
451329.97,367207.06,32.0,-592.0
451539.8,367207.06,32.0,-592.0
451749.7,367207.06,32.0,-592.0
451959.56,367207.06,32.0,-592.0
452169.4,367207.06,32.0,-592.0
452379.28,367207.06,80.0,-724.0
452589.12,367207.06,80.0,-724.0
452799.0,367207.06,80.0,-724.0
453008.88,367207.06,80.0,-724.0
453218.72,367207.06,80.0,-724.0
453428.6,367207.06,80.0,-724.0
453638.47,367207.06,80.0,-724.0
453848.3,367207.06,80.0,-724.0
454058.2,367207.06,80.0,-724.0
454268.03,367207.06,80.0,-724.0
454477.9,367207.06,80.0,-724.0
454687.78,367207.06,80.0,-724.0
454897.62,367207.06,80.0,-724.0
455107.5,367207.06,80.0,-724.0
455317.34,367207.06,80.0,-724.0
455527.22,367207.06,80.0,-724.0
455737.1,367207.06,80.0,-724.0
455946.94,367207.06,80.0,-724.0
456156.8,367207.06,80.0,-724.0
456366.7,367207.06,80.0,-724.0
456576.53,367207.06,68.0,-724.0
456786.4,367207.06,68.0,-724.0
456996.25,367207.06,68.0,-724.0
457206.12,367207.06,68.0,-712.0
457416.0,367207.06,68.0,-712.0
457625.84,367207.06,68.0,-712.0
457835.72,367207.06,68.0,-712.0
458045.6,367207.06,68.0,-712.0
458255.44,367207.06,68.0,-712.0
458465.3,367207.06,68.0,-712.0
458675.16,367207.06,68.0,-712.0
458885.03,367207.06,68.0,-712.0
459094.9,367207.06,68.0,-712.0
459304.75,367207.06,68.0,-712.0
459514.62,367207.06,68.0,-712.0
459724.47,367207.06,68.0,-712.0
459934.34,367207.06,68.0,-712.0
460144.22,367207.06,68.0,-712.0
418381.47,367409.7,,
418591.34,367409.7,,
418801.2,367409.7,,
419011.06,367409.7,,
419220.94,367409.7,,
419430.78,367409.7,,
419640.66,367409.7,,
419850.5,367409.7,,
420060.38,367409.7,,
420270.25,367409.7,,
420480.1,367409.7,140.0,56.0
420689.97,367409.7,140.0,56.0
420899.84,367409.7,140.0,56.0
421109.7,367409.7,140.0,56.0
421319.56,367409.7,140.0,56.0
421529.4,367409.7,140.0,56.0
421739.28,367409.7,140.0,56.0
421949.16,367409.7,140.0,56.0
422159.0,367409.7,140.0,56.0
422368.88,367409.7,140.0,56.0
422578.72,367409.7,140.0,56.0
422788.6,367409.7,140.0,56.0
422998.47,367409.7,140.0,56.0
423208.3,367409.7,140.0,56.0
423418.2,367409.7,140.0,56.0
423628.06,367409.7,,
423837.9,367409.7,,
424047.78,367409.7,,
424257.62,367409.7,,
424467.5,367409.7,,
424677.38,367409.7,,
424887.22,367409.7,,
425097.1,367409.7,,
425306.94,367409.7,,
425516.8,367409.7,,
425726.7,367409.7,,
425936.53,367409.7,,
426146.4,367409.7,,
426356.28,367409.7,,
426566.12,367409.7,,
426776.0,367409.7,,
426985.84,367409.7,,
427195.72,367409.7,,
427405.6,367409.7,,
427615.44,367409.7,,
427825.3,367409.7,,
428035.16,367409.7,,
428245.03,367409.7,,
428454.9,367409.7,,
428664.75,367409.7,,
428874.62,367409.7,,
429084.5,367409.7,,
429294.34,367409.7,,
429504.22,367409.7,,
429714.06,367409.7,,
429923.94,367409.7,,
430133.8,367409.7,,
430343.66,367409.7,,
430553.53,367409.7,,
430763.38,367409.7,,
430973.25,367409.7,,
431183.12,367409.7,,
431392.97,367409.7,,
431602.84,367409.7,,
431812.72,367409.7,,
432022.56,367409.7,,
432232.44,367409.7,,
432442.28,367409.7,,
432652.16,367409.7,,
432862.03,367409.7,,
433071.88,367409.7,,
433281.75,367409.7,,
433491.6,367409.7,,
433701.47,367409.7,,
433911.34,367409.7,,
434121.2,367409.7,,
434331.06,367409.7,,
434540.94,367409.7,,
434750.78,367409.7,,
434960.66,367409.7,,
435170.5,367409.7,,
435380.38,367409.7,,
435590.25,367409.7,,
435800.1,367409.7,,
436009.97,367409.7,,
436219.8,367409.7,,
436429.7,367409.7,,
436639.56,367409.7,,
436849.4,367409.7,,
437059.28,367409.7,,
437269.16,367409.7,,
437479.0,367409.7,,
437688.88,367409.7,,
437898.72,367409.7,,
438108.6,367409.7,,
438318.47,367409.7,,
438528.3,367409.7,,
438738.2,367409.7,,
438948.03,367409.7,,
439157.9,367409.7,,
439367.78,367409.7,,
439577.62,367409.7,,
439787.5,367409.7,,
439997.38,367409.7,,
440207.22,367409.7,,
440417.1,367409.7,,
440626.94,367409.7,,
440836.8,367409.7,,
441046.7,367409.7,,
441256.53,367409.7,,
441466.4,367409.7,,
441676.25,367409.7,,
441886.12,367409.7,,
442096.0,367409.7,,
442305.84,367409.7,,
442515.72,367409.7,,
442725.6,367409.7,,
442935.44,367409.7,,
443145.3,367409.7,,
443355.16,367409.7,,
443565.03,367409.7,,
443774.9,367409.7,,
443984.75,367409.7,,
444194.62,367409.7,,
444404.47,367409.7,,
444614.34,367409.7,,
444824.22,367409.7,,
445034.06,367409.7,,
445243.94,367409.7,,
445453.8,367409.7,44.0,-436.0
445663.66,367409.7,44.0,-436.0
445873.53,367409.7,44.0,-436.0
446083.38,367409.7,44.0,-436.0
446293.25,367409.7,56.0,-436.0
446503.12,367409.7,56.0,-436.0
446712.97,367409.7,56.0,-436.0
446922.84,367409.7,56.0,-436.0
447132.7,367409.7,56.0,-436.0
447342.56,367409.7,56.0,-436.0
447552.44,367409.7,56.0,-436.0
447762.28,367409.7,56.0,-436.0
447972.16,367409.7,56.0,-436.0
448182.03,367409.7,56.0,-436.0
448391.88,367409.7,32.0,-592.0
448601.75,367409.7,32.0,-592.0
448811.6,367409.7,32.0,-592.0
449021.47,367409.7,32.0,-592.0
449231.34,367409.7,32.0,-592.0
449441.2,367409.7,32.0,-592.0
449651.06,367409.7,32.0,-592.0
449860.9,367409.7,32.0,-592.0
450070.78,367409.7,32.0,-592.0
450280.66,367409.7,32.0,-592.0
450490.5,367409.7,32.0,-592.0
450700.38,367409.7,32.0,-592.0
450910.25,367409.7,32.0,-604.0
451120.1,367409.7,32.0,-604.0
451329.97,367409.7,32.0,-604.0
451539.8,367409.7,32.0,-592.0
451749.7,367409.7,32.0,-592.0
451959.56,367409.7,32.0,-592.0
452169.4,367409.7,32.0,-592.0
452379.28,367409.7,80.0,-724.0
452589.12,367409.7,80.0,-724.0
452799.0,367409.7,80.0,-724.0
453008.88,367409.7,80.0,-724.0
453218.72,367409.7,80.0,-724.0
453428.6,367409.7,80.0,-724.0
453638.47,367409.7,80.0,-724.0
453848.3,367409.7,80.0,-724.0
454058.2,367409.7,80.0,-724.0
454268.03,367409.7,80.0,-724.0
454477.9,367409.7,80.0,-724.0
454687.78,367409.7,80.0,-724.0
454897.62,367409.7,80.0,-724.0
455107.5,367409.7,80.0,-724.0
455317.34,367409.7,80.0,-724.0
455527.22,367409.7,80.0,-724.0
455737.1,367409.7,80.0,-724.0
455946.94,367409.7,80.0,-724.0
456156.8,367409.7,68.0,-724.0
456366.7,367409.7,68.0,-724.0
456576.53,367409.7,68.0,-724.0
456786.4,367409.7,68.0,-724.0
456996.25,367409.7,68.0,-724.0
457206.12,367409.7,68.0,-724.0
457416.0,367409.7,68.0,-724.0
457625.84,367409.7,68.0,-724.0
457835.72,367409.7,68.0,-724.0
458045.6,367409.7,68.0,-724.0
458255.44,367409.7,68.0,-724.0
458465.3,367409.7,68.0,-724.0
458675.16,367409.7,68.0,-712.0
458885.03,367409.7,68.0,-712.0
459094.9,367409.7,68.0,-724.0
459304.75,367409.7,68.0,-724.0
459514.62,367409.7,68.0,-724.0
459724.47,367409.7,68.0,-724.0
459934.34,367409.7,68.0,-724.0
460144.22,367409.7,68.0,-724.0
418381.47,367612.3,,
418591.34,367612.3,,
418801.2,367612.3,,
419011.06,367612.3,,
419220.94,367612.3,,
419430.78,367612.3,,
419640.66,367612.3,,
419850.5,367612.3,,
420060.38,367612.3,,
420270.25,367612.3,,
420480.1,367612.3,140.0,56.0
420689.97,367612.3,140.0,56.0
420899.84,367612.3,140.0,56.0
421109.7,367612.3,140.0,56.0
421319.56,367612.3,140.0,56.0
421529.4,367612.3,140.0,56.0
421739.28,367612.3,140.0,56.0
421949.16,367612.3,140.0,56.0
422159.0,367612.3,140.0,56.0
422368.88,367612.3,140.0,56.0
422578.72,367612.3,140.0,56.0
422788.6,367612.3,140.0,56.0
422998.47,367612.3,140.0,56.0
423208.3,367612.3,140.0,56.0
423418.2,367612.3,,
423628.06,367612.3,,
423837.9,367612.3,,
424047.78,367612.3,,
424257.62,367612.3,,
424467.5,367612.3,,
424677.38,367612.3,,
424887.22,367612.3,,
425097.1,367612.3,,
425306.94,367612.3,,
425516.8,367612.3,,
425726.7,367612.3,,
425936.53,367612.3,,
426146.4,367612.3,,
426356.28,367612.3,,
426566.12,367612.3,,
426776.0,367612.3,,
426985.84,367612.3,,
427195.72,367612.3,,
427405.6,367612.3,,
427615.44,367612.3,,
427825.3,367612.3,,
428035.16,367612.3,,
428245.03,367612.3,,
428454.9,367612.3,,
428664.75,367612.3,,
428874.62,367612.3,,
429084.5,367612.3,,
429294.34,367612.3,,
429504.22,367612.3,,
429714.06,367612.3,,
429923.94,367612.3,,
430133.8,367612.3,,
430343.66,367612.3,,
430553.53,367612.3,,
430763.38,367612.3,,
430973.25,367612.3,,
431183.12,367612.3,,
431392.97,367612.3,,
431602.84,367612.3,,
431812.72,367612.3,,
432022.56,367612.3,,
432232.44,367612.3,,
432442.28,367612.3,,
432652.16,367612.3,,
432862.03,367612.3,,
433071.88,367612.3,,
433281.75,367612.3,,
433491.6,367612.3,,
433701.47,367612.3,,
433911.34,367612.3,,
434121.2,367612.3,,
434331.06,367612.3,,
434540.94,367612.3,,
434750.78,367612.3,,
434960.66,367612.3,,
435170.5,367612.3,,
435380.38,367612.3,,
435590.25,367612.3,,
435800.1,367612.3,,
436009.97,367612.3,,
436219.8,367612.3,,
436429.7,367612.3,,
436639.56,367612.3,,
436849.4,367612.3,,
437059.28,367612.3,,
437269.16,367612.3,,
437479.0,367612.3,,
437688.88,367612.3,,
437898.72,367612.3,,
438108.6,367612.3,,
438318.47,367612.3,,
438528.3,367612.3,,
438738.2,367612.3,,
438948.03,367612.3,,
439157.9,367612.3,,
439367.78,367612.3,,
439577.62,367612.3,,
439787.5,367612.3,,
439997.38,367612.3,,
440207.22,367612.3,,
440417.1,367612.3,,
440626.94,367612.3,,
440836.8,367612.3,,
441046.7,367612.3,,
441256.53,367612.3,,
441466.4,367612.3,,
441676.25,367612.3,,
441886.12,367612.3,,
442096.0,367612.3,,
442305.84,367612.3,,
442515.72,367612.3,,
442725.6,367612.3,,
442935.44,367612.3,,
443145.3,367612.3,,
443355.16,367612.3,,
443565.03,367612.3,,
443774.9,367612.3,,
443984.75,367612.3,,
444194.62,367612.3,,
444404.47,367612.3,,
444614.34,367612.3,,
444824.22,367612.3,,
445034.06,367612.3,,
445243.94,367612.3,,
445453.8,367612.3,44.0,-436.0
445663.66,367612.3,44.0,-436.0
445873.53,367612.3,44.0,-436.0
446083.38,367612.3,44.0,-436.0
446293.25,367612.3,44.0,-436.0
446503.12,367612.3,44.0,-436.0
446712.97,367612.3,56.0,-436.0
446922.84,367612.3,56.0,-436.0
447132.7,367612.3,56.0,-436.0
447342.56,367612.3,56.0,-436.0
447552.44,367612.3,56.0,-436.0
447762.28,367612.3,56.0,-436.0
447972.16,367612.3,56.0,-436.0
448182.03,367612.3,56.0,-436.0
448391.88,367612.3,20.0,-604.0
448601.75,367612.3,32.0,-604.0
448811.6,367612.3,32.0,-604.0
449021.47,367612.3,32.0,-604.0
449231.34,367612.3,32.0,-604.0
449441.2,367612.3,32.0,-604.0
449651.06,367612.3,32.0,-604.0
449860.9,367612.3,32.0,-604.0
450070.78,367612.3,32.0,-604.0
450280.66,367612.3,32.0,-604.0
450490.5,367612.3,32.0,-604.0
450700.38,367612.3,32.0,-604.0
450910.25,367612.3,32.0,-604.0
451120.1,367612.3,32.0,-604.0
451329.97,367612.3,32.0,-604.0
451539.8,367612.3,32.0,-604.0
451749.7,367612.3,32.0,-604.0
451959.56,367612.3,32.0,-604.0
452169.4,367612.3,32.0,-592.0
452379.28,367612.3,32.0,-592.0
452589.12,367612.3,80.0,-724.0
452799.0,367612.3,80.0,-724.0
453008.88,367612.3,80.0,-724.0
453218.72,367612.3,80.0,-724.0
453428.6,367612.3,80.0,-724.0
453638.47,367612.3,80.0,-724.0
453848.3,367612.3,80.0,-724.0
454058.2,367612.3,80.0,-724.0
454268.03,367612.3,68.0,-724.0
454477.9,367612.3,68.0,-724.0
454687.78,367612.3,68.0,-724.0
454897.62,367612.3,68.0,-724.0
455107.5,367612.3,68.0,-724.0
455317.34,367612.3,68.0,-724.0
455527.22,367612.3,68.0,-724.0
455737.1,367612.3,68.0,-724.0
455946.94,367612.3,68.0,-724.0
456156.8,367612.3,68.0,-724.0
456366.7,367612.3,68.0,-724.0
456576.53,367612.3,68.0,-724.0
456786.4,367612.3,68.0,-724.0
456996.25,367612.3,68.0,-724.0
457206.12,367612.3,68.0,-724.0
457416.0,367612.3,68.0,-724.0
457625.84,367612.3,68.0,-724.0
457835.72,367612.3,68.0,-724.0
458045.6,367612.3,68.0,-724.0
458255.44,367612.3,68.0,-724.0
458465.3,367612.3,68.0,-724.0
458675.16,367612.3,68.0,-724.0
458885.03,367612.3,68.0,-724.0
459094.9,367612.3,68.0,-724.0
459304.75,367612.3,68.0,-724.0
459514.62,367612.3,68.0,-724.0
459724.47,367612.3,68.0,-724.0
459934.34,367612.3,68.0,-724.0
460144.22,367612.3,68.0,-724.0
418381.47,367814.9,,
418591.34,367814.9,,
418801.2,367814.9,,
419011.06,367814.9,,
419220.94,367814.9,,
419430.78,367814.9,,
419640.66,367814.9,,
419850.5,367814.9,,
420060.38,367814.9,,
420270.25,367814.9,140.0,56.0
420480.1,367814.9,140.0,56.0
420689.97,367814.9,140.0,56.0
420899.84,367814.9,140.0,56.0
421109.7,367814.9,140.0,56.0
421319.56,367814.9,140.0,56.0
421529.4,367814.9,140.0,56.0
421739.28,367814.9,140.0,56.0
421949.16,367814.9,140.0,56.0
422159.0,367814.9,140.0,56.0
422368.88,367814.9,140.0,56.0
422578.72,367814.9,140.0,56.0
422788.6,367814.9,140.0,56.0
422998.47,367814.9,140.0,56.0
423208.3,367814.9,,
423418.2,367814.9,,
423628.06,367814.9,,
423837.9,367814.9,,
424047.78,367814.9,,
424257.62,367814.9,,
424467.5,367814.9,,
424677.38,367814.9,,
424887.22,367814.9,,
425097.1,367814.9,,
425306.94,367814.9,,
425516.8,367814.9,,
425726.7,367814.9,,
425936.53,367814.9,,
426146.4,367814.9,,
426356.28,367814.9,,
426566.12,367814.9,,
426776.0,367814.9,,
426985.84,367814.9,,
427195.72,367814.9,,
427405.6,367814.9,,
427615.44,367814.9,,
427825.3,367814.9,,
428035.16,367814.9,,
428245.03,367814.9,,
428454.9,367814.9,,
428664.75,367814.9,,
428874.62,367814.9,,
429084.5,367814.9,,
429294.34,367814.9,,
429504.22,367814.9,,
429714.06,367814.9,,
429923.94,367814.9,,
430133.8,367814.9,,
430343.66,367814.9,,
430553.53,367814.9,,
430763.38,367814.9,,
430973.25,367814.9,,
431183.12,367814.9,,
431392.97,367814.9,,
431602.84,367814.9,,
431812.72,367814.9,,
432022.56,367814.9,,
432232.44,367814.9,,
432442.28,367814.9,,
432652.16,367814.9,,
432862.03,367814.9,,
433071.88,367814.9,,
433281.75,367814.9,,
433491.6,367814.9,,
433701.47,367814.9,,
433911.34,367814.9,,
434121.2,367814.9,,
434331.06,367814.9,,
434540.94,367814.9,,
434750.78,367814.9,,
434960.66,367814.9,,
435170.5,367814.9,,
435380.38,367814.9,,
435590.25,367814.9,,
435800.1,367814.9,,
436009.97,367814.9,,
436219.8,367814.9,,
436429.7,367814.9,,
436639.56,367814.9,,
436849.4,367814.9,,
437059.28,367814.9,,
437269.16,367814.9,,
437479.0,367814.9,,
437688.88,367814.9,,
437898.72,367814.9,,
438108.6,367814.9,,
438318.47,367814.9,,
438528.3,367814.9,,
438738.2,367814.9,,
438948.03,367814.9,,
439157.9,367814.9,,
439367.78,367814.9,,
439577.62,367814.9,,
439787.5,367814.9,,
439997.38,367814.9,,
440207.22,367814.9,,
440417.1,367814.9,,
440626.94,367814.9,,
440836.8,367814.9,,
441046.7,367814.9,,
441256.53,367814.9,,
441466.4,367814.9,,
441676.25,367814.9,,
441886.12,367814.9,,
442096.0,367814.9,,
442305.84,367814.9,,
442515.72,367814.9,,
442725.6,367814.9,,
442935.44,367814.9,,
443145.3,367814.9,,
443355.16,367814.9,,
443565.03,367814.9,,
443774.9,367814.9,,
443984.75,367814.9,,
444194.62,367814.9,,
444404.47,367814.9,,
444614.34,367814.9,,
444824.22,367814.9,,
445034.06,367814.9,,
445243.94,367814.9,,
445453.8,367814.9,44.0,-436.0
445663.66,367814.9,44.0,-436.0
445873.53,367814.9,44.0,-436.0
446083.38,367814.9,44.0,-436.0
446293.25,367814.9,44.0,-436.0
446503.12,367814.9,44.0,-436.0
446712.97,367814.9,44.0,-436.0
446922.84,367814.9,56.0,-436.0
447132.7,367814.9,56.0,-436.0
447342.56,367814.9,56.0,-436.0
447552.44,367814.9,56.0,-436.0
447762.28,367814.9,56.0,-436.0
447972.16,367814.9,56.0,-436.0
448182.03,367814.9,20.0,-604.0
448391.88,367814.9,20.0,-604.0
448601.75,367814.9,20.0,-604.0
448811.6,367814.9,20.0,-604.0
449021.47,367814.9,20.0,-604.0
449231.34,367814.9,20.0,-604.0
449441.2,367814.9,20.0,-604.0
449651.06,367814.9,20.0,-604.0
449860.9,367814.9,20.0,-604.0
450070.78,367814.9,20.0,-604.0
450280.66,367814.9,20.0,-604.0
450490.5,367814.9,20.0,-604.0
450700.38,367814.9,20.0,-604.0
450910.25,367814.9,32.0,-604.0
451120.1,367814.9,32.0,-604.0
451329.97,367814.9,32.0,-604.0
451539.8,367814.9,32.0,-604.0
451749.7,367814.9,32.0,-604.0
451959.56,367814.9,32.0,-604.0
452169.4,367814.9,32.0,-604.0
452379.28,367814.9,32.0,-604.0
452589.12,367814.9,68.0,-736.0
452799.0,367814.9,68.0,-736.0
453008.88,367814.9,68.0,-736.0
453218.72,367814.9,68.0,-736.0
453428.6,367814.9,68.0,-724.0
453638.47,367814.9,68.0,-724.0
453848.3,367814.9,68.0,-724.0
454058.2,367814.9,68.0,-724.0
454268.03,367814.9,68.0,-724.0
454477.9,367814.9,68.0,-724.0
454687.78,367814.9,68.0,-724.0
454897.62,367814.9,68.0,-724.0
455107.5,367814.9,68.0,-724.0
455317.34,367814.9,68.0,-724.0
455527.22,367814.9,68.0,-724.0
455737.1,367814.9,68.0,-724.0
455946.94,367814.9,68.0,-724.0
456156.8,367814.9,68.0,-724.0
456366.7,367814.9,68.0,-724.0
456576.53,367814.9,68.0,-724.0
456786.4,367814.9,68.0,-724.0
456996.25,367814.9,68.0,-724.0
457206.12,367814.9,68.0,-724.0
457416.0,367814.9,68.0,-724.0
457625.84,367814.9,68.0,-724.0
457835.72,367814.9,68.0,-724.0
458045.6,367814.9,68.0,-724.0
458255.44,367814.9,68.0,-724.0
458465.3,367814.9,68.0,-724.0
458675.16,367814.9,68.0,-724.0
458885.03,367814.9,68.0,-724.0
459094.9,367814.9,68.0,-724.0
459304.75,367814.9,68.0,-724.0
459514.62,367814.9,68.0,-724.0
459724.47,367814.9,68.0,-724.0
459934.34,367814.9,68.0,-724.0
460144.22,367814.9,68.0,-724.0
418381.47,368017.53,,
418591.34,368017.53,,
418801.2,368017.53,,
419011.06,368017.53,,
419220.94,368017.53,,
419430.78,368017.53,,
419640.66,368017.53,,
419850.5,368017.53,,
420060.38,368017.53,,
420270.25,368017.53,140.0,56.0
420480.1,368017.53,140.0,56.0
420689.97,368017.53,140.0,56.0
420899.84,368017.53,140.0,56.0
421109.7,368017.53,140.0,56.0
421319.56,368017.53,140.0,56.0
421529.4,368017.53,140.0,56.0
421739.28,368017.53,140.0,56.0
421949.16,368017.53,140.0,56.0
422159.0,368017.53,140.0,56.0
422368.88,368017.53,140.0,56.0
422578.72,368017.53,140.0,56.0
422788.6,368017.53,140.0,56.0
422998.47,368017.53,,
423208.3,368017.53,,
423418.2,368017.53,,
423628.06,368017.53,,
423837.9,368017.53,,
424047.78,368017.53,,
424257.62,368017.53,,
424467.5,368017.53,,
424677.38,368017.53,,
424887.22,368017.53,,
425097.1,368017.53,,
425306.94,368017.53,,
425516.8,368017.53,,
425726.7,368017.53,,
425936.53,368017.53,,
426146.4,368017.53,,
426356.28,368017.53,,
426566.12,368017.53,,
426776.0,368017.53,,
426985.84,368017.53,,
427195.72,368017.53,,
427405.6,368017.53,,
427615.44,368017.53,,
427825.3,368017.53,,
428035.16,368017.53,,
428245.03,368017.53,,
428454.9,368017.53,,
428664.75,368017.53,,
428874.62,368017.53,,
429084.5,368017.53,,
429294.34,368017.53,,
429504.22,368017.53,,
429714.06,368017.53,,
429923.94,368017.53,,
430133.8,368017.53,,
430343.66,368017.53,,
430553.53,368017.53,,
430763.38,368017.53,,
430973.25,368017.53,,
431183.12,368017.53,,
431392.97,368017.53,,
431602.84,368017.53,,
431812.72,368017.53,,
432022.56,368017.53,,
432232.44,368017.53,,
432442.28,368017.53,,
432652.16,368017.53,,
432862.03,368017.53,,
433071.88,368017.53,,
433281.75,368017.53,,
433491.6,368017.53,,
433701.47,368017.53,,
433911.34,368017.53,,
434121.2,368017.53,,
434331.06,368017.53,,
434540.94,368017.53,,
434750.78,368017.53,,
434960.66,368017.53,,
435170.5,368017.53,,
435380.38,368017.53,,
435590.25,368017.53,,
435800.1,368017.53,,
436009.97,368017.53,,
436219.8,368017.53,,
436429.7,368017.53,,
436639.56,368017.53,,
436849.4,368017.53,,
437059.28,368017.53,,
437269.16,368017.53,,
437479.0,368017.53,,
437688.88,368017.53,,
437898.72,368017.53,,
438108.6,368017.53,,
438318.47,368017.53,,
438528.3,368017.53,,
438738.2,368017.53,,
438948.03,368017.53,,
439157.9,368017.53,,
439367.78,368017.53,,
439577.62,368017.53,,
439787.5,368017.53,,
439997.38,368017.53,,
440207.22,368017.53,,
440417.1,368017.53,,
440626.94,368017.53,,
440836.8,368017.53,,
441046.7,368017.53,,
441256.53,368017.53,,
441466.4,368017.53,,
441676.25,368017.53,,
441886.12,368017.53,,
442096.0,368017.53,,
442305.84,368017.53,,
442515.72,368017.53,,
442725.6,368017.53,,
442935.44,368017.53,,
443145.3,368017.53,,
443355.16,368017.53,,
443565.03,368017.53,,
443774.9,368017.53,,
443984.75,368017.53,,
444194.62,368017.53,,
444404.47,368017.53,,
444614.34,368017.53,,
444824.22,368017.53,,
445034.06,368017.53,,
445243.94,368017.53,,
445453.8,368017.53,44.0,-436.0
445663.66,368017.53,44.0,-436.0
445873.53,368017.53,44.0,-436.0
446083.38,368017.53,44.0,-436.0
446293.25,368017.53,44.0,-436.0
446503.12,368017.53,44.0,-436.0
446712.97,368017.53,44.0,-436.0
446922.84,368017.53,44.0,-436.0
447132.7,368017.53,44.0,-436.0
447342.56,368017.53,56.0,-436.0
447552.44,368017.53,56.0,-436.0
447762.28,368017.53,56.0,-436.0
447972.16,368017.53,20.0,-604.0
448182.03,368017.53,20.0,-604.0
448391.88,368017.53,20.0,-604.0
448601.75,368017.53,20.0,-604.0
448811.6,368017.53,20.0,-604.0
449021.47,368017.53,20.0,-604.0
449231.34,368017.53,20.0,-604.0
449441.2,368017.53,20.0,-604.0
449651.06,368017.53,20.0,-604.0
449860.9,368017.53,20.0,-604.0
450070.78,368017.53,20.0,-604.0
450280.66,368017.53,20.0,-604.0
450490.5,368017.53,20.0,-604.0
450700.38,368017.53,20.0,-604.0
450910.25,368017.53,20.0,-604.0
451120.1,368017.53,20.0,-604.0
451329.97,368017.53,20.0,-604.0
451539.8,368017.53,20.0,-604.0
451749.7,368017.53,20.0,-604.0
451959.56,368017.53,20.0,-604.0
452169.4,368017.53,20.0,-604.0
452379.28,368017.53,20.0,-604.0
452589.12,368017.53,20.0,-604.0
452799.0,368017.53,68.0,-736.0
453008.88,368017.53,68.0,-736.0
453218.72,368017.53,68.0,-736.0
453428.6,368017.53,68.0,-736.0
453638.47,368017.53,68.0,-736.0
453848.3,368017.53,68.0,-736.0
454058.2,368017.53,68.0,-736.0
454268.03,368017.53,68.0,-736.0
454477.9,368017.53,68.0,-724.0
454687.78,368017.53,68.0,-724.0
454897.62,368017.53,68.0,-724.0
455107.5,368017.53,68.0,-724.0
455317.34,368017.53,68.0,-724.0
455527.22,368017.53,68.0,-724.0
455737.1,368017.53,68.0,-724.0
455946.94,368017.53,68.0,-724.0
456156.8,368017.53,68.0,-724.0
456366.7,368017.53,68.0,-724.0
456576.53,368017.53,68.0,-724.0
456786.4,368017.53,68.0,-724.0
456996.25,368017.53,68.0,-724.0
457206.12,368017.53,68.0,-724.0
457416.0,368017.53,68.0,-724.0
457625.84,368017.53,68.0,-724.0
457835.72,368017.53,68.0,-724.0
458045.6,368017.53,68.0,-724.0
458255.44,368017.53,68.0,-724.0
458465.3,368017.53,68.0,-724.0
458675.16,368017.53,68.0,-724.0
458885.03,368017.53,68.0,-724.0
459094.9,368017.53,68.0,-724.0
459304.75,368017.53,68.0,-724.0
459514.62,368017.53,68.0,-724.0
459724.47,368017.53,68.0,-724.0
459934.34,368017.53,68.0,-724.0
460144.22,368017.53,68.0,-724.0
418381.47,368220.16,,
418591.34,368220.16,,
418801.2,368220.16,,
419011.06,368220.16,,
419220.94,368220.16,,
419430.78,368220.16,,
419640.66,368220.16,,
419850.5,368220.16,,
420060.38,368220.16,140.0,56.0
420270.25,368220.16,140.0,56.0
420480.1,368220.16,140.0,56.0
420689.97,368220.16,140.0,56.0
420899.84,368220.16,140.0,56.0
421109.7,368220.16,140.0,56.0
421319.56,368220.16,140.0,56.0
421529.4,368220.16,140.0,56.0
421739.28,368220.16,140.0,56.0
421949.16,368220.16,140.0,56.0
422159.0,368220.16,140.0,56.0
422368.88,368220.16,140.0,56.0
422578.72,368220.16,140.0,56.0
422788.6,368220.16,,
422998.47,368220.16,,
423208.3,368220.16,,
423418.2,368220.16,,
423628.06,368220.16,,
423837.9,368220.16,,
424047.78,368220.16,,
424257.62,368220.16,,
424467.5,368220.16,,
424677.38,368220.16,,
424887.22,368220.16,,
425097.1,368220.16,,
425306.94,368220.16,,
425516.8,368220.16,,
425726.7,368220.16,,
425936.53,368220.16,,
426146.4,368220.16,,
426356.28,368220.16,,
426566.12,368220.16,,
426776.0,368220.16,,
426985.84,368220.16,,
427195.72,368220.16,,
427405.6,368220.16,,
427615.44,368220.16,,
427825.3,368220.16,,
428035.16,368220.16,,
428245.03,368220.16,,
428454.9,368220.16,,
428664.75,368220.16,,
428874.62,368220.16,,
429084.5,368220.16,,
429294.34,368220.16,,
429504.22,368220.16,,
429714.06,368220.16,,
429923.94,368220.16,,
430133.8,368220.16,,
430343.66,368220.16,,
430553.53,368220.16,,
430763.38,368220.16,,
430973.25,368220.16,,
431183.12,368220.16,,
431392.97,368220.16,,
431602.84,368220.16,,
431812.72,368220.16,,
432022.56,368220.16,,
432232.44,368220.16,,
432442.28,368220.16,,
432652.16,368220.16,,
432862.03,368220.16,,
433071.88,368220.16,,
433281.75,368220.16,,
433491.6,368220.16,,
433701.47,368220.16,,
433911.34,368220.16,,
434121.2,368220.16,,
434331.06,368220.16,,
434540.94,368220.16,,
434750.78,368220.16,,
434960.66,368220.16,,
435170.5,368220.16,,
435380.38,368220.16,,
435590.25,368220.16,,
435800.1,368220.16,,
436009.97,368220.16,,
436219.8,368220.16,,
436429.7,368220.16,,
436639.56,368220.16,,
436849.4,368220.16,,
437059.28,368220.16,,
437269.16,368220.16,,
437479.0,368220.16,,
437688.88,368220.16,,
437898.72,368220.16,,
438108.6,368220.16,,
438318.47,368220.16,,
438528.3,368220.16,,
438738.2,368220.16,,
438948.03,368220.16,,
439157.9,368220.16,,
439367.78,368220.16,,
439577.62,368220.16,,
439787.5,368220.16,,
439997.38,368220.16,,
440207.22,368220.16,,
440417.1,368220.16,,
440626.94,368220.16,,
440836.8,368220.16,,
441046.7,368220.16,,
441256.53,368220.16,,
441466.4,368220.16,,
441676.25,368220.16,,
441886.12,368220.16,,
442096.0,368220.16,,
442305.84,368220.16,,
442515.72,368220.16,,
442725.6,368220.16,,
442935.44,368220.16,,
443145.3,368220.16,,
443355.16,368220.16,,
443565.03,368220.16,,
443774.9,368220.16,,
443984.75,368220.16,,
444194.62,368220.16,,
444404.47,368220.16,,
444614.34,368220.16,,
444824.22,368220.16,,
445034.06,368220.16,,
445243.94,368220.16,,
445453.8,368220.16,32.0,-436.0
445663.66,368220.16,44.0,-436.0
445873.53,368220.16,44.0,-436.0
446083.38,368220.16,44.0,-436.0
446293.25,368220.16,44.0,-436.0
446503.12,368220.16,44.0,-436.0
446712.97,368220.16,44.0,-436.0
446922.84,368220.16,44.0,-436.0
447132.7,368220.16,44.0,-436.0
447342.56,368220.16,44.0,-436.0
447552.44,368220.16,56.0,-436.0
447762.28,368220.16,8.0,-604.0
447972.16,368220.16,20.0,-604.0
448182.03,368220.16,20.0,-604.0
448391.88,368220.16,20.0,-604.0
448601.75,368220.16,20.0,-604.0
448811.6,368220.16,20.0,-604.0
449021.47,368220.16,20.0,-604.0
449231.34,368220.16,20.0,-604.0
449441.2,368220.16,20.0,-604.0
449651.06,368220.16,20.0,-604.0
449860.9,368220.16,20.0,-604.0
450070.78,368220.16,20.0,-604.0
450280.66,368220.16,20.0,-604.0
450490.5,368220.16,20.0,-604.0
450700.38,368220.16,20.0,-604.0
450910.25,368220.16,20.0,-604.0
451120.1,368220.16,20.0,-604.0
451329.97,368220.16,20.0,-604.0
451539.8,368220.16,20.0,-604.0
451749.7,368220.16,20.0,-604.0
451959.56,368220.16,20.0,-604.0
452169.4,368220.16,20.0,-604.0
452379.28,368220.16,20.0,-604.0
452589.12,368220.16,20.0,-604.0
452799.0,368220.16,68.0,-736.0
453008.88,368220.16,68.0,-736.0
453218.72,368220.16,68.0,-736.0
453428.6,368220.16,68.0,-736.0
453638.47,368220.16,68.0,-736.0
453848.3,368220.16,68.0,-736.0
454058.2,368220.16,68.0,-736.0
454268.03,368220.16,68.0,-736.0
454477.9,368220.16,68.0,-736.0
454687.78,368220.16,68.0,-736.0
454897.62,368220.16,68.0,-736.0
455107.5,368220.16,68.0,-736.0
455317.34,368220.16,68.0,-736.0
455527.22,368220.16,68.0,-724.0
455737.1,368220.16,68.0,-724.0
455946.94,368220.16,68.0,-724.0
456156.8,368220.16,68.0,-724.0
456366.7,368220.16,68.0,-724.0
456576.53,368220.16,68.0,-724.0
456786.4,368220.16,68.0,-724.0
456996.25,368220.16,68.0,-724.0
457206.12,368220.16,68.0,-724.0
457416.0,368220.16,68.0,-724.0
457625.84,368220.16,68.0,-724.0
457835.72,368220.16,68.0,-724.0
458045.6,368220.16,68.0,-724.0
458255.44,368220.16,68.0,-724.0
458465.3,368220.16,68.0,-724.0
458675.16,368220.16,68.0,-724.0
458885.03,368220.16,68.0,-724.0
459094.9,368220.16,68.0,-724.0
459304.75,368220.16,68.0,-724.0
459514.62,368220.16,68.0,-724.0
459724.47,368220.16,68.0,-724.0
459934.34,368220.16,68.0,-724.0
460144.22,368220.16,68.0,-724.0
418381.47,368422.78,,
418591.34,368422.78,,
418801.2,368422.78,,
419011.06,368422.78,,
419220.94,368422.78,,
419430.78,368422.78,,
419640.66,368422.78,,
419850.5,368422.78,140.0,56.0
420060.38,368422.78,140.0,56.0
420270.25,368422.78,140.0,56.0
420480.1,368422.78,140.0,56.0
420689.97,368422.78,140.0,56.0
420899.84,368422.78,140.0,56.0
421109.7,368422.78,140.0,56.0
421319.56,368422.78,140.0,56.0
421529.4,368422.78,140.0,56.0
421739.28,368422.78,140.0,56.0
421949.16,368422.78,140.0,56.0
422159.0,368422.78,140.0,56.0
422368.88,368422.78,140.0,56.0
422578.72,368422.78,,
422788.6,368422.78,,
422998.47,368422.78,,
423208.3,368422.78,,
423418.2,368422.78,,
423628.06,368422.78,,
423837.9,368422.78,,
424047.78,368422.78,,
424257.62,368422.78,,
424467.5,368422.78,,
424677.38,368422.78,,
424887.22,368422.78,,
425097.1,368422.78,,
425306.94,368422.78,,
425516.8,368422.78,,
425726.7,368422.78,,
425936.53,368422.78,,
426146.4,368422.78,,
426356.28,368422.78,,
426566.12,368422.78,,
426776.0,368422.78,,
426985.84,368422.78,,
427195.72,368422.78,,
427405.6,368422.78,,
427615.44,368422.78,,
427825.3,368422.78,,
428035.16,368422.78,,
428245.03,368422.78,,
428454.9,368422.78,,
428664.75,368422.78,,
428874.62,368422.78,,
429084.5,368422.78,,
429294.34,368422.78,,
429504.22,368422.78,,
429714.06,368422.78,,
429923.94,368422.78,,
430133.8,368422.78,,
430343.66,368422.78,,
430553.53,368422.78,,
430763.38,368422.78,,
430973.25,368422.78,,
431183.12,368422.78,,
431392.97,368422.78,,
431602.84,368422.78,,
431812.72,368422.78,,
432022.56,368422.78,,
432232.44,368422.78,,
432442.28,368422.78,,
432652.16,368422.78,,
432862.03,368422.78,,
433071.88,368422.78,,
433281.75,368422.78,,
433491.6,368422.78,,
433701.47,368422.78,,
433911.34,368422.78,,
434121.2,368422.78,,
434331.06,368422.78,,
434540.94,368422.78,,
434750.78,368422.78,,
434960.66,368422.78,,
435170.5,368422.78,,
435380.38,368422.78,,
435590.25,368422.78,,
435800.1,368422.78,,
436009.97,368422.78,,
436219.8,368422.78,,
436429.7,368422.78,,
436639.56,368422.78,,
436849.4,368422.78,,
437059.28,368422.78,,
437269.16,368422.78,,
437479.0,368422.78,,
437688.88,368422.78,,
437898.72,368422.78,,
438108.6,368422.78,,
438318.47,368422.78,,
438528.3,368422.78,,
438738.2,368422.78,,
438948.03,368422.78,,
439157.9,368422.78,,
439367.78,368422.78,,
439577.62,368422.78,,
439787.5,368422.78,,
439997.38,368422.78,,
440207.22,368422.78,,
440417.1,368422.78,,
440626.94,368422.78,,
440836.8,368422.78,,
441046.7,368422.78,,
441256.53,368422.78,,
441466.4,368422.78,,
441676.25,368422.78,,
441886.12,368422.78,,
442096.0,368422.78,,
442305.84,368422.78,,
442515.72,368422.78,,
442725.6,368422.78,,
442935.44,368422.78,,
443145.3,368422.78,,
443355.16,368422.78,,
443565.03,368422.78,,
443774.9,368422.78,,
443984.75,368422.78,,
444194.62,368422.78,,
444404.47,368422.78,,
444614.34,368422.78,,
444824.22,368422.78,,
445034.06,368422.78,,
445243.94,368422.78,,
445453.8,368422.78,32.0,-436.0
445663.66,368422.78,32.0,-436.0
445873.53,368422.78,44.0,-436.0
446083.38,368422.78,44.0,-436.0
446293.25,368422.78,44.0,-436.0
446503.12,368422.78,44.0,-436.0
446712.97,368422.78,44.0,-436.0
446922.84,368422.78,44.0,-436.0
447132.7,368422.78,44.0,-436.0
447342.56,368422.78,44.0,-436.0
447552.44,368422.78,44.0,-436.0
447762.28,368422.78,8.0,-604.0
447972.16,368422.78,8.0,-604.0
448182.03,368422.78,20.0,-604.0
448391.88,368422.78,20.0,-604.0
448601.75,368422.78,20.0,-604.0
448811.6,368422.78,20.0,-604.0
449021.47,368422.78,20.0,-604.0
449231.34,368422.78,20.0,-604.0
449441.2,368422.78,20.0,-604.0
449651.06,368422.78,20.0,-604.0
449860.9,368422.78,20.0,-604.0
450070.78,368422.78,20.0,-604.0
450280.66,368422.78,20.0,-604.0
450490.5,368422.78,20.0,-604.0
450700.38,368422.78,20.0,-604.0
450910.25,368422.78,20.0,-604.0
451120.1,368422.78,20.0,-604.0
451329.97,368422.78,20.0,-604.0
451539.8,368422.78,20.0,-604.0
451749.7,368422.78,20.0,-604.0
451959.56,368422.78,20.0,-604.0
452169.4,368422.78,20.0,-604.0
452379.28,368422.78,20.0,-604.0
452589.12,368422.78,20.0,-604.0
452799.0,368422.78,68.0,-736.0
453008.88,368422.78,68.0,-736.0
453218.72,368422.78,68.0,-736.0
453428.6,368422.78,68.0,-736.0
453638.47,368422.78,68.0,-736.0
453848.3,368422.78,68.0,-736.0
454058.2,368422.78,68.0,-736.0
454268.03,368422.78,68.0,-736.0
454477.9,368422.78,68.0,-736.0
454687.78,368422.78,68.0,-736.0
454897.62,368422.78,68.0,-736.0
455107.5,368422.78,68.0,-736.0
455317.34,368422.78,68.0,-736.0
455527.22,368422.78,68.0,-736.0
455737.1,368422.78,68.0,-736.0
455946.94,368422.78,68.0,-736.0
456156.8,368422.78,68.0,-736.0
456366.7,368422.78,68.0,-736.0
456576.53,368422.78,68.0,-724.0
456786.4,368422.78,68.0,-724.0
456996.25,368422.78,68.0,-724.0
457206.12,368422.78,68.0,-724.0
457416.0,368422.78,68.0,-724.0
457625.84,368422.78,68.0,-724.0
457835.72,368422.78,68.0,-724.0
458045.6,368422.78,68.0,-724.0
458255.44,368422.78,68.0,-724.0
458465.3,368422.78,68.0,-724.0
458675.16,368422.78,68.0,-724.0
458885.03,368422.78,68.0,-724.0
459094.9,368422.78,68.0,-724.0
459304.75,368422.78,68.0,-724.0
459514.62,368422.78,68.0,-724.0
459724.47,368422.78,68.0,-724.0
459934.34,368422.78,68.0,-724.0
460144.22,368422.78,68.0,-724.0
418381.47,368625.4,,
418591.34,368625.4,,
418801.2,368625.4,,
419011.06,368625.4,,
419220.94,368625.4,,
419430.78,368625.4,,
419640.66,368625.4,,
419850.5,368625.4,140.0,56.0
420060.38,368625.4,140.0,56.0
420270.25,368625.4,140.0,56.0
420480.1,368625.4,140.0,56.0
420689.97,368625.4,140.0,56.0
420899.84,368625.4,140.0,56.0
421109.7,368625.4,140.0,56.0
421319.56,368625.4,140.0,56.0
421529.4,368625.4,140.0,56.0
421739.28,368625.4,140.0,56.0
421949.16,368625.4,140.0,56.0
422159.0,368625.4,140.0,68.0
422368.88,368625.4,,
422578.72,368625.4,,
422788.6,368625.4,,
422998.47,368625.4,,
423208.3,368625.4,,
423418.2,368625.4,,
423628.06,368625.4,,
423837.9,368625.4,,
424047.78,368625.4,,
424257.62,368625.4,,
424467.5,368625.4,,
424677.38,368625.4,,
424887.22,368625.4,,
425097.1,368625.4,,
425306.94,368625.4,,
425516.8,368625.4,,
425726.7,368625.4,,
425936.53,368625.4,,
426146.4,368625.4,,
426356.28,368625.4,,
426566.12,368625.4,,
426776.0,368625.4,,
426985.84,368625.4,,
427195.72,368625.4,,
427405.6,368625.4,,
427615.44,368625.4,,
427825.3,368625.4,,
428035.16,368625.4,,
428245.03,368625.4,,
428454.9,368625.4,,
428664.75,368625.4,,
428874.62,368625.4,,
429084.5,368625.4,,
429294.34,368625.4,,
429504.22,368625.4,,
429714.06,368625.4,,
429923.94,368625.4,,
430133.8,368625.4,,
430343.66,368625.4,,
430553.53,368625.4,,
430763.38,368625.4,,
430973.25,368625.4,,
431183.12,368625.4,,
431392.97,368625.4,,
431602.84,368625.4,,
431812.72,368625.4,,
432022.56,368625.4,,
432232.44,368625.4,,
432442.28,368625.4,,
432652.16,368625.4,,
432862.03,368625.4,,
433071.88,368625.4,,
433281.75,368625.4,,
433491.6,368625.4,,
433701.47,368625.4,,
433911.34,368625.4,,
434121.2,368625.4,,
434331.06,368625.4,,
434540.94,368625.4,,
434750.78,368625.4,,
434960.66,368625.4,,
435170.5,368625.4,,
435380.38,368625.4,,
435590.25,368625.4,,
435800.1,368625.4,,
436009.97,368625.4,,
436219.8,368625.4,,
436429.7,368625.4,,
436639.56,368625.4,,
436849.4,368625.4,,
437059.28,368625.4,,
437269.16,368625.4,,
437479.0,368625.4,,
437688.88,368625.4,,
437898.72,368625.4,,
438108.6,368625.4,,
438318.47,368625.4,,
438528.3,368625.4,,
438738.2,368625.4,,
438948.03,368625.4,,
439157.9,368625.4,,
439367.78,368625.4,,
439577.62,368625.4,,
439787.5,368625.4,,
439997.38,368625.4,,
440207.22,368625.4,,
440417.1,368625.4,,
440626.94,368625.4,,
440836.8,368625.4,,
441046.7,368625.4,,
441256.53,368625.4,,
441466.4,368625.4,,
441676.25,368625.4,,
441886.12,368625.4,,
442096.0,368625.4,,
442305.84,368625.4,,
442515.72,368625.4,,
442725.6,368625.4,,
442935.44,368625.4,,
443145.3,368625.4,,
443355.16,368625.4,,
443565.03,368625.4,,
443774.9,368625.4,,
443984.75,368625.4,,
444194.62,368625.4,,
444404.47,368625.4,,
444614.34,368625.4,,
444824.22,368625.4,,
445034.06,368625.4,,
445243.94,368625.4,,
445453.8,368625.4,32.0,-436.0
445663.66,368625.4,32.0,-436.0
445873.53,368625.4,32.0,-436.0
446083.38,368625.4,32.0,-436.0
446293.25,368625.4,44.0,-436.0
446503.12,368625.4,44.0,-436.0
446712.97,368625.4,44.0,-436.0
446922.84,368625.4,44.0,-436.0
447132.7,368625.4,44.0,-436.0
447342.56,368625.4,44.0,-436.0
447552.44,368625.4,8.0,-604.0
447762.28,368625.4,8.0,-604.0
447972.16,368625.4,8.0,-604.0
448182.03,368625.4,8.0,-604.0
448391.88,368625.4,8.0,-604.0
448601.75,368625.4,20.0,-604.0
448811.6,368625.4,20.0,-604.0
449021.47,368625.4,20.0,-604.0
449231.34,368625.4,20.0,-604.0
449441.2,368625.4,20.0,-604.0
449651.06,368625.4,20.0,-604.0
449860.9,368625.4,20.0,-604.0
450070.78,368625.4,20.0,-604.0
450280.66,368625.4,20.0,-604.0
450490.5,368625.4,20.0,-604.0
450700.38,368625.4,20.0,-604.0
450910.25,368625.4,20.0,-604.0
451120.1,368625.4,20.0,-604.0
451329.97,368625.4,20.0,-604.0
451539.8,368625.4,20.0,-604.0
451749.7,368625.4,20.0,-604.0
451959.56,368625.4,20.0,-604.0
452169.4,368625.4,20.0,-604.0
452379.28,368625.4,20.0,-604.0
452589.12,368625.4,20.0,-604.0
452799.0,368625.4,20.0,-604.0
453008.88,368625.4,68.0,-736.0
453218.72,368625.4,68.0,-736.0
453428.6,368625.4,68.0,-736.0
453638.47,368625.4,68.0,-736.0
453848.3,368625.4,68.0,-736.0
454058.2,368625.4,68.0,-736.0
454268.03,368625.4,68.0,-736.0
454477.9,368625.4,68.0,-736.0
454687.78,368625.4,68.0,-736.0
454897.62,368625.4,68.0,-736.0
455107.5,368625.4,68.0,-736.0
455317.34,368625.4,68.0,-736.0
455527.22,368625.4,68.0,-736.0
455737.1,368625.4,68.0,-736.0
455946.94,368625.4,68.0,-736.0
456156.8,368625.4,68.0,-736.0
456366.7,368625.4,68.0,-736.0
456576.53,368625.4,68.0,-736.0
456786.4,368625.4,68.0,-736.0
456996.25,368625.4,68.0,-736.0
457206.12,368625.4,68.0,-736.0
457416.0,368625.4,68.0,-736.0
457625.84,368625.4,68.0,-736.0
457835.72,368625.4,68.0,-724.0
458045.6,368625.4,68.0,-724.0
458255.44,368625.4,68.0,-724.0
458465.3,368625.4,68.0,-724.0
458675.16,368625.4,68.0,-724.0
458885.03,368625.4,68.0,-724.0
459094.9,368625.4,68.0,-724.0
459304.75,368625.4,68.0,-724.0
459514.62,368625.4,68.0,-724.0
459724.47,368625.4,68.0,-724.0
459934.34,368625.4,68.0,-724.0
460144.22,368625.4,68.0,-724.0
418381.47,368828.0,,
418591.34,368828.0,,
418801.2,368828.0,,
419011.06,368828.0,,
419220.94,368828.0,,
419430.78,368828.0,,
419640.66,368828.0,140.0,56.0
419850.5,368828.0,140.0,56.0
420060.38,368828.0,140.0,56.0
420270.25,368828.0,140.0,56.0
420480.1,368828.0,140.0,56.0
420689.97,368828.0,140.0,56.0
420899.84,368828.0,140.0,56.0
421109.7,368828.0,140.0,56.0
421319.56,368828.0,140.0,68.0
421529.4,368828.0,140.0,68.0
421739.28,368828.0,140.0,68.0
421949.16,368828.0,140.0,68.0
422159.0,368828.0,,
422368.88,368828.0,,
422578.72,368828.0,,
422788.6,368828.0,,
422998.47,368828.0,,
423208.3,368828.0,,
423418.2,368828.0,,
423628.06,368828.0,,
423837.9,368828.0,,
424047.78,368828.0,,
424257.62,368828.0,,
424467.5,368828.0,,
424677.38,368828.0,,
424887.22,368828.0,,
425097.1,368828.0,,
425306.94,368828.0,,
425516.8,368828.0,,
425726.7,368828.0,,
425936.53,368828.0,,
426146.4,368828.0,,
426356.28,368828.0,,
426566.12,368828.0,,
426776.0,368828.0,,
426985.84,368828.0,,
427195.72,368828.0,,
427405.6,368828.0,,
427615.44,368828.0,,
427825.3,368828.0,,
428035.16,368828.0,,
428245.03,368828.0,,
428454.9,368828.0,,
428664.75,368828.0,,
428874.62,368828.0,,
429084.5,368828.0,,
429294.34,368828.0,,
429504.22,368828.0,,
429714.06,368828.0,,
429923.94,368828.0,,
430133.8,368828.0,,
430343.66,368828.0,,
430553.53,368828.0,,
430763.38,368828.0,,
430973.25,368828.0,,
431183.12,368828.0,,
431392.97,368828.0,,
431602.84,368828.0,,
431812.72,368828.0,,
432022.56,368828.0,,
432232.44,368828.0,,
432442.28,368828.0,,
432652.16,368828.0,,
432862.03,368828.0,,
433071.88,368828.0,,
433281.75,368828.0,,
433491.6,368828.0,,
433701.47,368828.0,,
433911.34,368828.0,,
434121.2,368828.0,,
434331.06,368828.0,,
434540.94,368828.0,,
434750.78,368828.0,,
434960.66,368828.0,,
435170.5,368828.0,,
435380.38,368828.0,,
435590.25,368828.0,,
435800.1,368828.0,,
436009.97,368828.0,,
436219.8,368828.0,,
436429.7,368828.0,,
436639.56,368828.0,,
436849.4,368828.0,,
437059.28,368828.0,,
437269.16,368828.0,,
437479.0,368828.0,,
437688.88,368828.0,,
437898.72,368828.0,,
438108.6,368828.0,,
438318.47,368828.0,,
438528.3,368828.0,,
438738.2,368828.0,,
438948.03,368828.0,,
439157.9,368828.0,,
439367.78,368828.0,,
439577.62,368828.0,,
439787.5,368828.0,,
439997.38,368828.0,,
440207.22,368828.0,,
440417.1,368828.0,,
440626.94,368828.0,,
440836.8,368828.0,,
441046.7,368828.0,,
441256.53,368828.0,,
441466.4,368828.0,,
441676.25,368828.0,,
441886.12,368828.0,,
442096.0,368828.0,,
442305.84,368828.0,,
442515.72,368828.0,,
442725.6,368828.0,,
442935.44,368828.0,,
443145.3,368828.0,,
443355.16,368828.0,,
443565.03,368828.0,,
443774.9,368828.0,,
443984.75,368828.0,,
444194.62,368828.0,,
444404.47,368828.0,,
444614.34,368828.0,,
444824.22,368828.0,,
445034.06,368828.0,,
445243.94,368828.0,,
445453.8,368828.0,32.0,-436.0
445663.66,368828.0,32.0,-436.0
445873.53,368828.0,32.0,-436.0
446083.38,368828.0,32.0,-436.0
446293.25,368828.0,32.0,-436.0
446503.12,368828.0,44.0,-436.0
446712.97,368828.0,44.0,-436.0
446922.84,368828.0,44.0,-436.0
447132.7,368828.0,44.0,-436.0
447342.56,368828.0,8.0,-604.0
447552.44,368828.0,8.0,-604.0
447762.28,368828.0,8.0,-604.0
447972.16,368828.0,8.0,-604.0
448182.03,368828.0,8.0,-604.0
448391.88,368828.0,8.0,-604.0
448601.75,368828.0,8.0,-604.0
448811.6,368828.0,8.0,-604.0
449021.47,368828.0,20.0,-604.0
449231.34,368828.0,20.0,-604.0
449441.2,368828.0,20.0,-604.0
449651.06,368828.0,20.0,-604.0
449860.9,368828.0,20.0,-604.0
450070.78,368828.0,20.0,-604.0
450280.66,368828.0,20.0,-604.0
450490.5,368828.0,20.0,-604.0
450700.38,368828.0,20.0,-604.0
450910.25,368828.0,20.0,-604.0
451120.1,368828.0,20.0,-604.0
451329.97,368828.0,20.0,-604.0
451539.8,368828.0,20.0,-604.0
451749.7,368828.0,20.0,-604.0
451959.56,368828.0,20.0,-604.0
452169.4,368828.0,20.0,-604.0
452379.28,368828.0,20.0,-604.0
452589.12,368828.0,20.0,-604.0
452799.0,368828.0,20.0,-604.0
453008.88,368828.0,68.0,-748.0
453218.72,368828.0,68.0,-748.0
453428.6,368828.0,68.0,-748.0
453638.47,368828.0,68.0,-736.0
453848.3,368828.0,68.0,-736.0
454058.2,368828.0,68.0,-736.0
454268.03,368828.0,68.0,-736.0
454477.9,368828.0,68.0,-736.0
454687.78,368828.0,68.0,-736.0
454897.62,368828.0,68.0,-736.0
455107.5,368828.0,68.0,-736.0
455317.34,368828.0,68.0,-736.0
455527.22,368828.0,68.0,-736.0
455737.1,368828.0,68.0,-736.0
455946.94,368828.0,68.0,-736.0
456156.8,368828.0,68.0,-736.0
456366.7,368828.0,68.0,-736.0
456576.53,368828.0,68.0,-736.0
456786.4,368828.0,68.0,-736.0
456996.25,368828.0,68.0,-736.0
457206.12,368828.0,68.0,-736.0
457416.0,368828.0,68.0,-736.0
457625.84,368828.0,68.0,-736.0
457835.72,368828.0,68.0,-736.0
458045.6,368828.0,68.0,-736.0
458255.44,368828.0,68.0,-736.0
458465.3,368828.0,68.0,-736.0
458675.16,368828.0,68.0,-736.0
458885.03,368828.0,68.0,-724.0
459094.9,368828.0,68.0,-724.0
459304.75,368828.0,68.0,-724.0
459514.62,368828.0,68.0,-724.0
459724.47,368828.0,68.0,-724.0
459934.34,368828.0,68.0,-724.0
460144.22,368828.0,68.0,-724.0
418381.47,369030.62,,
418591.34,369030.62,,
418801.2,369030.62,,
419011.06,369030.62,,
419220.94,369030.62,,
419430.78,369030.62,140.0,56.0
419640.66,369030.62,140.0,56.0
419850.5,369030.62,140.0,56.0
420060.38,369030.62,140.0,56.0
420270.25,369030.62,140.0,68.0
420480.1,369030.62,140.0,68.0
420689.97,369030.62,140.0,68.0
420899.84,369030.62,140.0,68.0
421109.7,369030.62,140.0,68.0
421319.56,369030.62,140.0,68.0
421529.4,369030.62,140.0,68.0
421739.28,369030.62,140.0,68.0
421949.16,369030.62,,
422159.0,369030.62,,
422368.88,369030.62,,
422578.72,369030.62,,
422788.6,369030.62,,
422998.47,369030.62,,
423208.3,369030.62,,
423418.2,369030.62,,
423628.06,369030.62,,
423837.9,369030.62,,
424047.78,369030.62,,
424257.62,369030.62,,
424467.5,369030.62,,
424677.38,369030.62,,
424887.22,369030.62,,
425097.1,369030.62,,
425306.94,369030.62,,
425516.8,369030.62,,
425726.7,369030.62,,
425936.53,369030.62,,
426146.4,369030.62,,
426356.28,369030.62,,
426566.12,369030.62,,
426776.0,369030.62,,
426985.84,369030.62,,
427195.72,369030.62,,
427405.6,369030.62,,
427615.44,369030.62,,
427825.3,369030.62,,
428035.16,369030.62,,
428245.03,369030.62,,
428454.9,369030.62,,
428664.75,369030.62,,
428874.62,369030.62,,
429084.5,369030.62,,
429294.34,369030.62,,
429504.22,369030.62,,
429714.06,369030.62,,
429923.94,369030.62,,
430133.8,369030.62,,
430343.66,369030.62,,
430553.53,369030.62,,
430763.38,369030.62,,
430973.25,369030.62,,
431183.12,369030.62,,
431392.97,369030.62,,
431602.84,369030.62,,
431812.72,369030.62,,
432022.56,369030.62,,
432232.44,369030.62,,
432442.28,369030.62,,
432652.16,369030.62,,
432862.03,369030.62,,
433071.88,369030.62,,
433281.75,369030.62,,
433491.6,369030.62,,
433701.47,369030.62,,
433911.34,369030.62,,
434121.2,369030.62,,
434331.06,369030.62,,
434540.94,369030.62,,
434750.78,369030.62,,
434960.66,369030.62,,
435170.5,369030.62,,
435380.38,369030.62,,
435590.25,369030.62,,
435800.1,369030.62,,
436009.97,369030.62,,
436219.8,369030.62,,
436429.7,369030.62,,
436639.56,369030.62,,
436849.4,369030.62,,
437059.28,369030.62,,
437269.16,369030.62,,
437479.0,369030.62,,
437688.88,369030.62,,
437898.72,369030.62,,
438108.6,369030.62,,
438318.47,369030.62,,
438528.3,369030.62,,
438738.2,369030.62,,
438948.03,369030.62,,
439157.9,369030.62,,
439367.78,369030.62,,
439577.62,369030.62,,
439787.5,369030.62,,
439997.38,369030.62,,
440207.22,369030.62,,
440417.1,369030.62,,
440626.94,369030.62,,
440836.8,369030.62,,
441046.7,369030.62,,
441256.53,369030.62,,
441466.4,369030.62,,
441676.25,369030.62,,
441886.12,369030.62,,
442096.0,369030.62,,
442305.84,369030.62,,
442515.72,369030.62,,
442725.6,369030.62,,
442935.44,369030.62,,
443145.3,369030.62,,
443355.16,369030.62,,
443565.03,369030.62,,
443774.9,369030.62,,
443984.75,369030.62,,
444194.62,369030.62,,
444404.47,369030.62,,
444614.34,369030.62,,
444824.22,369030.62,,
445034.06,369030.62,,
445243.94,369030.62,,
445453.8,369030.62,32.0,-436.0
445663.66,369030.62,32.0,-436.0
445873.53,369030.62,32.0,-436.0
446083.38,369030.62,32.0,-436.0
446293.25,369030.62,32.0,-436.0
446503.12,369030.62,32.0,-436.0
446712.97,369030.62,32.0,-436.0
446922.84,369030.62,44.0,-436.0
447132.7,369030.62,-4.0,-604.0
447342.56,369030.62,8.0,-604.0
447552.44,369030.62,8.0,-604.0
447762.28,369030.62,8.0,-604.0
447972.16,369030.62,8.0,-604.0
448182.03,369030.62,8.0,-604.0
448391.88,369030.62,8.0,-604.0
448601.75,369030.62,8.0,-604.0
448811.6,369030.62,8.0,-604.0
449021.47,369030.62,8.0,-604.0
449231.34,369030.62,8.0,-604.0
449441.2,369030.62,20.0,-604.0
449651.06,369030.62,20.0,-604.0
449860.9,369030.62,20.0,-604.0
450070.78,369030.62,20.0,-604.0
450280.66,369030.62,20.0,-604.0
450490.5,369030.62,20.0,-604.0
450700.38,369030.62,20.0,-604.0
450910.25,369030.62,20.0,-604.0
451120.1,369030.62,20.0,-604.0
451329.97,369030.62,20.0,-604.0
451539.8,369030.62,20.0,-604.0
451749.7,369030.62,20.0,-604.0
451959.56,369030.62,20.0,-604.0
452169.4,369030.62,20.0,-604.0
452379.28,369030.62,20.0,-604.0
452589.12,369030.62,20.0,-604.0
452799.0,369030.62,20.0,-604.0
453008.88,369030.62,68.0,-748.0
453218.72,369030.62,68.0,-748.0
453428.6,369030.62,68.0,-748.0
453638.47,369030.62,68.0,-748.0
453848.3,369030.62,68.0,-748.0
454058.2,369030.62,68.0,-748.0
454268.03,369030.62,68.0,-736.0
454477.9,369030.62,68.0,-736.0
454687.78,369030.62,68.0,-736.0
454897.62,369030.62,68.0,-736.0
455107.5,369030.62,68.0,-736.0
455317.34,369030.62,68.0,-736.0
455527.22,369030.62,68.0,-736.0
455737.1,369030.62,68.0,-736.0
455946.94,369030.62,68.0,-736.0
456156.8,369030.62,68.0,-736.0
456366.7,369030.62,68.0,-736.0
456576.53,369030.62,68.0,-736.0
456786.4,369030.62,68.0,-736.0
456996.25,369030.62,68.0,-736.0
457206.12,369030.62,68.0,-736.0
457416.0,369030.62,68.0,-736.0
457625.84,369030.62,68.0,-736.0
457835.72,369030.62,68.0,-736.0
458045.6,369030.62,68.0,-736.0
458255.44,369030.62,68.0,-736.0
458465.3,369030.62,68.0,-736.0
458675.16,369030.62,68.0,-736.0
458885.03,369030.62,68.0,-736.0
459094.9,369030.62,68.0,-736.0
459304.75,369030.62,68.0,-736.0
459514.62,369030.62,68.0,-724.0
459724.47,369030.62,68.0,-724.0
459934.34,369030.62,68.0,-724.0
460144.22,369030.62,68.0,-724.0
418381.47,369233.25,,
418591.34,369233.25,,
418801.2,369233.25,,
419011.06,369233.25,,
419220.94,369233.25,,
419430.78,369233.25,140.0,68.0
419640.66,369233.25,140.0,68.0
419850.5,369233.25,140.0,68.0
420060.38,369233.25,140.0,68.0
420270.25,369233.25,140.0,68.0
420480.1,369233.25,140.0,68.0
420689.97,369233.25,140.0,68.0
420899.84,369233.25,140.0,68.0
421109.7,369233.25,140.0,68.0
421319.56,369233.25,140.0,68.0
421529.4,369233.25,140.0,68.0
421739.28,369233.25,,
421949.16,369233.25,,
422159.0,369233.25,,
422368.88,369233.25,,
422578.72,369233.25,,
422788.6,369233.25,,
422998.47,369233.25,,
423208.3,369233.25,,
423418.2,369233.25,,
423628.06,369233.25,,
423837.9,369233.25,,
424047.78,369233.25,,
424257.62,369233.25,,
424467.5,369233.25,,
424677.38,369233.25,,
424887.22,369233.25,,
425097.1,369233.25,,
425306.94,369233.25,,
425516.8,369233.25,,
425726.7,369233.25,,
425936.53,369233.25,,
426146.4,369233.25,,
426356.28,369233.25,,
426566.12,369233.25,,
426776.0,369233.25,,
426985.84,369233.25,,
427195.72,369233.25,,
427405.6,369233.25,,
427615.44,369233.25,,
427825.3,369233.25,,
428035.16,369233.25,,
428245.03,369233.25,,
428454.9,369233.25,,
428664.75,369233.25,,
428874.62,369233.25,,
429084.5,369233.25,,
429294.34,369233.25,,
429504.22,369233.25,,
429714.06,369233.25,,
429923.94,369233.25,,
430133.8,369233.25,,
430343.66,369233.25,,
430553.53,369233.25,,
430763.38,369233.25,,
430973.25,369233.25,,
431183.12,369233.25,,
431392.97,369233.25,,
431602.84,369233.25,,
431812.72,369233.25,,
432022.56,369233.25,,
432232.44,369233.25,,
432442.28,369233.25,,
432652.16,369233.25,,
432862.03,369233.25,,
433071.88,369233.25,,
433281.75,369233.25,,
433491.6,369233.25,,
433701.47,369233.25,,
433911.34,369233.25,,
434121.2,369233.25,,
434331.06,369233.25,,
434540.94,369233.25,,
434750.78,369233.25,,
434960.66,369233.25,,
435170.5,369233.25,,
435380.38,369233.25,,
435590.25,369233.25,,
435800.1,369233.25,,
436009.97,369233.25,,
436219.8,369233.25,,
436429.7,369233.25,,
436639.56,369233.25,,
436849.4,369233.25,,
437059.28,369233.25,,
437269.16,369233.25,,
437479.0,369233.25,,
437688.88,369233.25,,
437898.72,369233.25,,
438108.6,369233.25,,
438318.47,369233.25,,
438528.3,369233.25,,
438738.2,369233.25,,
438948.03,369233.25,,
439157.9,369233.25,,
439367.78,369233.25,,
439577.62,369233.25,,
439787.5,369233.25,,
439997.38,369233.25,,
440207.22,369233.25,,
440417.1,369233.25,,
440626.94,369233.25,,
440836.8,369233.25,,
441046.7,369233.25,,
441256.53,369233.25,,
441466.4,369233.25,,
441676.25,369233.25,,
441886.12,369233.25,,
442096.0,369233.25,,
442305.84,369233.25,,
442515.72,369233.25,,
442725.6,369233.25,,
442935.44,369233.25,,
443145.3,369233.25,,
443355.16,369233.25,,
443565.03,369233.25,,
443774.9,369233.25,,
443984.75,369233.25,,
444194.62,369233.25,,
444404.47,369233.25,,
444614.34,369233.25,,
444824.22,369233.25,,
445034.06,369233.25,,
445243.94,369233.25,,
445453.8,369233.25,32.0,-436.0
445663.66,369233.25,32.0,-436.0
445873.53,369233.25,32.0,-436.0
446083.38,369233.25,32.0,-436.0
446293.25,369233.25,32.0,-436.0
446503.12,369233.25,32.0,-436.0
446712.97,369233.25,32.0,-436.0
446922.84,369233.25,32.0,-436.0
447132.7,369233.25,-4.0,-604.0
447342.56,369233.25,-4.0,-604.0
447552.44,369233.25,-4.0,-604.0
447762.28,369233.25,8.0,-604.0
447972.16,369233.25,8.0,-604.0
448182.03,369233.25,8.0,-604.0
448391.88,369233.25,8.0,-604.0
448601.75,369233.25,8.0,-604.0
448811.6,369233.25,8.0,-604.0
449021.47,369233.25,8.0,-604.0
449231.34,369233.25,8.0,-604.0
449441.2,369233.25,8.0,-604.0
449651.06,369233.25,8.0,-604.0
449860.9,369233.25,20.0,-604.0
450070.78,369233.25,20.0,-604.0
450280.66,369233.25,20.0,-604.0
450490.5,369233.25,20.0,-604.0
450700.38,369233.25,20.0,-604.0
450910.25,369233.25,20.0,-604.0
451120.1,369233.25,20.0,-604.0
451329.97,369233.25,20.0,-604.0
451539.8,369233.25,20.0,-604.0
451749.7,369233.25,20.0,-604.0
451959.56,369233.25,20.0,-604.0
452169.4,369233.25,20.0,-604.0
452379.28,369233.25,20.0,-604.0
452589.12,369233.25,20.0,-604.0
452799.0,369233.25,20.0,-604.0
453008.88,369233.25,20.0,-604.0
453218.72,369233.25,68.0,-748.0
453428.6,369233.25,68.0,-748.0
453638.47,369233.25,68.0,-748.0
453848.3,369233.25,68.0,-748.0
454058.2,369233.25,68.0,-748.0
454268.03,369233.25,68.0,-748.0
454477.9,369233.25,68.0,-748.0
454687.78,369233.25,68.0,-748.0
454897.62,369233.25,68.0,-748.0
455107.5,369233.25,68.0,-736.0
455317.34,369233.25,68.0,-736.0
455527.22,369233.25,68.0,-736.0
455737.1,369233.25,68.0,-736.0
455946.94,369233.25,68.0,-736.0
456156.8,369233.25,68.0,-736.0
456366.7,369233.25,68.0,-736.0
456576.53,369233.25,68.0,-736.0
456786.4,369233.25,68.0,-736.0
456996.25,369233.25,68.0,-736.0
457206.12,369233.25,68.0,-736.0
457416.0,369233.25,68.0,-736.0
457625.84,369233.25,68.0,-736.0
457835.72,369233.25,68.0,-736.0
458045.6,369233.25,68.0,-736.0
458255.44,369233.25,68.0,-736.0
458465.3,369233.25,68.0,-736.0
458675.16,369233.25,68.0,-736.0
458885.03,369233.25,68.0,-736.0
459094.9,369233.25,68.0,-736.0
459304.75,369233.25,68.0,-736.0
459514.62,369233.25,68.0,-736.0
459724.47,369233.25,68.0,-736.0
459934.34,369233.25,68.0,-736.0
460144.22,369233.25,56.0,-736.0
418381.47,369435.88,,
418591.34,369435.88,,
418801.2,369435.88,,
419011.06,369435.88,,
419220.94,369435.88,140.0,68.0
419430.78,369435.88,140.0,68.0
419640.66,369435.88,140.0,68.0
419850.5,369435.88,140.0,68.0
420060.38,369435.88,140.0,68.0
420270.25,369435.88,140.0,68.0
420480.1,369435.88,140.0,68.0
420689.97,369435.88,140.0,68.0
420899.84,369435.88,140.0,68.0
421109.7,369435.88,140.0,68.0
421319.56,369435.88,140.0,68.0
421529.4,369435.88,,
421739.28,369435.88,,
421949.16,369435.88,,
422159.0,369435.88,,
422368.88,369435.88,,
422578.72,369435.88,,
422788.6,369435.88,,
422998.47,369435.88,,
423208.3,369435.88,,
423418.2,369435.88,,
423628.06,369435.88,,
423837.9,369435.88,,
424047.78,369435.88,,
424257.62,369435.88,,
424467.5,369435.88,,
424677.38,369435.88,,
424887.22,369435.88,,
425097.1,369435.88,,
425306.94,369435.88,,
425516.8,369435.88,,
425726.7,369435.88,,
425936.53,369435.88,,
426146.4,369435.88,,
426356.28,369435.88,,
426566.12,369435.88,,
426776.0,369435.88,,
426985.84,369435.88,,
427195.72,369435.88,,
427405.6,369435.88,,
427615.44,369435.88,,
427825.3,369435.88,,
428035.16,369435.88,,
428245.03,369435.88,,
428454.9,369435.88,,
428664.75,369435.88,,
428874.62,369435.88,,
429084.5,369435.88,,
429294.34,369435.88,,
429504.22,369435.88,,
429714.06,369435.88,,
429923.94,369435.88,,
430133.8,369435.88,,
430343.66,369435.88,,
430553.53,369435.88,,
430763.38,369435.88,,
430973.25,369435.88,,
431183.12,369435.88,,
431392.97,369435.88,,
431602.84,369435.88,,
431812.72,369435.88,,
432022.56,369435.88,,
432232.44,369435.88,,
432442.28,369435.88,,
432652.16,369435.88,,
432862.03,369435.88,,
433071.88,369435.88,,
433281.75,369435.88,,
433491.6,369435.88,,
433701.47,369435.88,,
433911.34,369435.88,,
434121.2,369435.88,,
434331.06,369435.88,,
434540.94,369435.88,,
434750.78,369435.88,,
434960.66,369435.88,,
435170.5,369435.88,,
435380.38,369435.88,,
435590.25,369435.88,,
435800.1,369435.88,,
436009.97,369435.88,,
436219.8,369435.88,,
436429.7,369435.88,,
436639.56,369435.88,,
436849.4,369435.88,,
437059.28,369435.88,,
437269.16,369435.88,,
437479.0,369435.88,,
437688.88,369435.88,,
437898.72,369435.88,,
438108.6,369435.88,,
438318.47,369435.88,,
438528.3,369435.88,,
438738.2,369435.88,,
438948.03,369435.88,,
439157.9,369435.88,,
439367.78,369435.88,,
439577.62,369435.88,,
439787.5,369435.88,,
439997.38,369435.88,,
440207.22,369435.88,,
440417.1,369435.88,,
440626.94,369435.88,,
440836.8,369435.88,,
441046.7,369435.88,,
441256.53,369435.88,,
441466.4,369435.88,,
441676.25,369435.88,,
441886.12,369435.88,,
442096.0,369435.88,,
442305.84,369435.88,,
442515.72,369435.88,,
442725.6,369435.88,,
442935.44,369435.88,,
443145.3,369435.88,,
443355.16,369435.88,,
443565.03,369435.88,,
443774.9,369435.88,,
443984.75,369435.88,,
444194.62,369435.88,,
444404.47,369435.88,,
444614.34,369435.88,,
444824.22,369435.88,,
445034.06,369435.88,,
445243.94,369435.88,,
445453.8,369435.88,20.0,-436.0
445663.66,369435.88,32.0,-436.0
445873.53,369435.88,32.0,-436.0
446083.38,369435.88,32.0,-436.0
446293.25,369435.88,32.0,-436.0
446503.12,369435.88,32.0,-436.0
446712.97,369435.88,32.0,-436.0
446922.84,369435.88,-4.0,-604.0
447132.7,369435.88,-4.0,-604.0
447342.56,369435.88,-4.0,-604.0
447552.44,369435.88,-4.0,-604.0
447762.28,369435.88,-4.0,-604.0
447972.16,369435.88,8.0,-604.0
448182.03,369435.88,8.0,-604.0
448391.88,369435.88,8.0,-604.0
448601.75,369435.88,8.0,-604.0
448811.6,369435.88,8.0,-604.0
449021.47,369435.88,8.0,-604.0
449231.34,369435.88,8.0,-604.0
449441.2,369435.88,8.0,-604.0
449651.06,369435.88,8.0,-604.0
449860.9,369435.88,8.0,-604.0
450070.78,369435.88,8.0,-604.0
450280.66,369435.88,20.0,-604.0
450490.5,369435.88,20.0,-604.0
450700.38,369435.88,20.0,-604.0
450910.25,369435.88,20.0,-604.0
451120.1,369435.88,20.0,-604.0
451329.97,369435.88,20.0,-604.0
451539.8,369435.88,20.0,-604.0
451749.7,369435.88,20.0,-604.0
451959.56,369435.88,20.0,-604.0
452169.4,369435.88,20.0,-604.0
452379.28,369435.88,20.0,-604.0
452589.12,369435.88,20.0,-604.0
452799.0,369435.88,20.0,-604.0
453008.88,369435.88,20.0,-604.0
453218.72,369435.88,68.0,-748.0
453428.6,369435.88,68.0,-748.0
453638.47,369435.88,68.0,-748.0
453848.3,369435.88,68.0,-748.0
454058.2,369435.88,68.0,-748.0
454268.03,369435.88,68.0,-748.0
454477.9,369435.88,68.0,-748.0
454687.78,369435.88,68.0,-748.0
454897.62,369435.88,68.0,-748.0
455107.5,369435.88,68.0,-748.0
455317.34,369435.88,68.0,-748.0
455527.22,369435.88,68.0,-748.0
455737.1,369435.88,68.0,-736.0
455946.94,369435.88,68.0,-736.0
456156.8,369435.88,68.0,-736.0
456366.7,369435.88,68.0,-736.0
456576.53,369435.88,68.0,-736.0
456786.4,369435.88,68.0,-736.0
456996.25,369435.88,68.0,-736.0
457206.12,369435.88,68.0,-736.0
457416.0,369435.88,68.0,-736.0
457625.84,369435.88,68.0,-736.0
457835.72,369435.88,68.0,-736.0
458045.6,369435.88,68.0,-736.0
458255.44,369435.88,68.0,-736.0
458465.3,369435.88,68.0,-736.0
458675.16,369435.88,68.0,-736.0
458885.03,369435.88,68.0,-736.0
459094.9,369435.88,68.0,-736.0
459304.75,369435.88,68.0,-736.0
459514.62,369435.88,68.0,-736.0
459724.47,369435.88,68.0,-736.0
459934.34,369435.88,68.0,-736.0
460144.22,369435.88,56.0,-736.0
418381.47,369638.5,,
418591.34,369638.5,,
418801.2,369638.5,,
419011.06,369638.5,140.0,68.0
419220.94,369638.5,140.0,68.0
419430.78,369638.5,140.0,68.0
419640.66,369638.5,140.0,68.0
419850.5,369638.5,140.0,68.0
420060.38,369638.5,140.0,68.0
420270.25,369638.5,140.0,68.0
420480.1,369638.5,140.0,68.0
420689.97,369638.5,140.0,68.0
420899.84,369638.5,140.0,68.0
421109.7,369638.5,140.0,68.0
421319.56,369638.5,,
421529.4,369638.5,,
421739.28,369638.5,,
421949.16,369638.5,,
422159.0,369638.5,,
422368.88,369638.5,,
422578.72,369638.5,,
422788.6,369638.5,,
422998.47,369638.5,,
423208.3,369638.5,,
423418.2,369638.5,,
423628.06,369638.5,,
423837.9,369638.5,,
424047.78,369638.5,,
424257.62,369638.5,,
424467.5,369638.5,,
424677.38,369638.5,,
424887.22,369638.5,,
425097.1,369638.5,,
425306.94,369638.5,,
425516.8,369638.5,,
425726.7,369638.5,,
425936.53,369638.5,,
426146.4,369638.5,,
426356.28,369638.5,,
426566.12,369638.5,,
426776.0,369638.5,,
426985.84,369638.5,,
427195.72,369638.5,,
427405.6,369638.5,,
427615.44,369638.5,,
427825.3,369638.5,,
428035.16,369638.5,,
428245.03,369638.5,,
428454.9,369638.5,,
428664.75,369638.5,,
428874.62,369638.5,,
429084.5,369638.5,,
429294.34,369638.5,,
429504.22,369638.5,,
429714.06,369638.5,,
429923.94,369638.5,,
430133.8,369638.5,,
430343.66,369638.5,,
430553.53,369638.5,,
430763.38,369638.5,,
430973.25,369638.5,,
431183.12,369638.5,,
431392.97,369638.5,,
431602.84,369638.5,,
431812.72,369638.5,,
432022.56,369638.5,,
432232.44,369638.5,,
432442.28,369638.5,,
432652.16,369638.5,,
432862.03,369638.5,,
433071.88,369638.5,,
433281.75,369638.5,,
433491.6,369638.5,,
433701.47,369638.5,,
433911.34,369638.5,,
434121.2,369638.5,,
434331.06,369638.5,,
434540.94,369638.5,,
434750.78,369638.5,,
434960.66,369638.5,,
435170.5,369638.5,,
435380.38,369638.5,,
435590.25,369638.5,,
435800.1,369638.5,,
436009.97,369638.5,,
436219.8,369638.5,,
436429.7,369638.5,,
436639.56,369638.5,,
436849.4,369638.5,,
437059.28,369638.5,,
437269.16,369638.5,,
437479.0,369638.5,,
437688.88,369638.5,,
437898.72,369638.5,,
438108.6,369638.5,,
438318.47,369638.5,,
438528.3,369638.5,,
438738.2,369638.5,,
438948.03,369638.5,,
439157.9,369638.5,,
439367.78,369638.5,,
439577.62,369638.5,,
439787.5,369638.5,,
439997.38,369638.5,,
440207.22,369638.5,,
440417.1,369638.5,,
440626.94,369638.5,,
440836.8,369638.5,,
441046.7,369638.5,,
441256.53,369638.5,,
441466.4,369638.5,,
441676.25,369638.5,,
441886.12,369638.5,,
442096.0,369638.5,,
442305.84,369638.5,,
442515.72,369638.5,,
442725.6,369638.5,,
442935.44,369638.5,,
443145.3,369638.5,,
443355.16,369638.5,,
443565.03,369638.5,,
443774.9,369638.5,,
443984.75,369638.5,,
444194.62,369638.5,,
444404.47,369638.5,,
444614.34,369638.5,,
444824.22,369638.5,,
445034.06,369638.5,,
445243.94,369638.5,,
445453.8,369638.5,20.0,-436.0
445663.66,369638.5,20.0,-436.0
445873.53,369638.5,20.0,-436.0
446083.38,369638.5,32.0,-436.0
446293.25,369638.5,32.0,-436.0
446503.12,369638.5,32.0,-436.0
446712.97,369638.5,-4.0,-604.0
446922.84,369638.5,-4.0,-604.0
447132.7,369638.5,-4.0,-604.0
447342.56,369638.5,-4.0,-604.0
447552.44,369638.5,-4.0,-604.0
447762.28,369638.5,-4.0,-604.0
447972.16,369638.5,-4.0,-604.0
448182.03,369638.5,-4.0,-604.0
448391.88,369638.5,8.0,-604.0
448601.75,369638.5,8.0,-604.0
448811.6,369638.5,8.0,-604.0
449021.47,369638.5,8.0,-604.0
449231.34,369638.5,8.0,-604.0
449441.2,369638.5,8.0,-604.0
449651.06,369638.5,8.0,-604.0
449860.9,369638.5,8.0,-604.0
450070.78,369638.5,8.0,-604.0
450280.66,369638.5,8.0,-604.0
450490.5,369638.5,8.0,-604.0
450700.38,369638.5,20.0,-604.0
450910.25,369638.5,20.0,-604.0
451120.1,369638.5,20.0,-604.0
451329.97,369638.5,20.0,-604.0
451539.8,369638.5,20.0,-604.0
451749.7,369638.5,20.0,-604.0
451959.56,369638.5,20.0,-604.0
452169.4,369638.5,20.0,-604.0
452379.28,369638.5,20.0,-604.0
452589.12,369638.5,20.0,-604.0
452799.0,369638.5,20.0,-604.0
453008.88,369638.5,20.0,-604.0
453218.72,369638.5,56.0,-748.0
453428.6,369638.5,56.0,-748.0
453638.47,369638.5,56.0,-748.0
453848.3,369638.5,56.0,-748.0
454058.2,369638.5,56.0,-748.0
454268.03,369638.5,56.0,-748.0
454477.9,369638.5,56.0,-748.0
454687.78,369638.5,56.0,-748.0
454897.62,369638.5,56.0,-748.0
455107.5,369638.5,56.0,-748.0
455317.34,369638.5,56.0,-748.0
455527.22,369638.5,56.0,-748.0
455737.1,369638.5,56.0,-748.0
455946.94,369638.5,68.0,-748.0
456156.8,369638.5,68.0,-748.0
456366.7,369638.5,68.0,-748.0
456576.53,369638.5,68.0,-748.0
456786.4,369638.5,68.0,-736.0
456996.25,369638.5,68.0,-736.0
457206.12,369638.5,68.0,-736.0
457416.0,369638.5,68.0,-736.0
457625.84,369638.5,68.0,-736.0
457835.72,369638.5,68.0,-736.0
458045.6,369638.5,68.0,-736.0
458255.44,369638.5,68.0,-736.0
458465.3,369638.5,68.0,-736.0
458675.16,369638.5,68.0,-736.0
458885.03,369638.5,68.0,-736.0
459094.9,369638.5,68.0,-736.0
459304.75,369638.5,68.0,-736.0
459514.62,369638.5,68.0,-736.0
459724.47,369638.5,68.0,-736.0
459934.34,369638.5,56.0,-736.0
460144.22,369638.5,56.0,-736.0
418381.47,369841.1,,
418591.34,369841.1,,
418801.2,369841.1,,
419011.06,369841.1,140.0,68.0
419220.94,369841.1,140.0,68.0
419430.78,369841.1,140.0,68.0
419640.66,369841.1,140.0,68.0
419850.5,369841.1,140.0,68.0
420060.38,369841.1,140.0,68.0
420270.25,369841.1,140.0,68.0
420480.1,369841.1,140.0,68.0
420689.97,369841.1,140.0,68.0
420899.84,369841.1,140.0,68.0
421109.7,369841.1,,
421319.56,369841.1,,
421529.4,369841.1,,
421739.28,369841.1,,
421949.16,369841.1,,
422159.0,369841.1,,
422368.88,369841.1,,
422578.72,369841.1,,
422788.6,369841.1,,
422998.47,369841.1,,
423208.3,369841.1,,
423418.2,369841.1,,
423628.06,369841.1,,
423837.9,369841.1,,
424047.78,369841.1,,
424257.62,369841.1,,
424467.5,369841.1,,
424677.38,369841.1,,
424887.22,369841.1,,
425097.1,369841.1,,
425306.94,369841.1,,
425516.8,369841.1,,
425726.7,369841.1,,
425936.53,369841.1,,
426146.4,369841.1,,
426356.28,369841.1,,
426566.12,369841.1,,
426776.0,369841.1,,
426985.84,369841.1,,
427195.72,369841.1,,
427405.6,369841.1,,
427615.44,369841.1,,
427825.3,369841.1,,
428035.16,369841.1,,
428245.03,369841.1,,
428454.9,369841.1,,
428664.75,369841.1,,
428874.62,369841.1,,
429084.5,369841.1,,
429294.34,369841.1,,
429504.22,369841.1,,
429714.06,369841.1,,
429923.94,369841.1,,
430133.8,369841.1,,
430343.66,369841.1,,
430553.53,369841.1,,
430763.38,369841.1,,
430973.25,369841.1,,
431183.12,369841.1,,
431392.97,369841.1,,
431602.84,369841.1,,
431812.72,369841.1,,
432022.56,369841.1,,
432232.44,369841.1,,
432442.28,369841.1,,
432652.16,369841.1,,
432862.03,369841.1,,
433071.88,369841.1,,
433281.75,369841.1,,
433491.6,369841.1,,
433701.47,369841.1,,
433911.34,369841.1,,
434121.2,369841.1,,
434331.06,369841.1,,
434540.94,369841.1,,
434750.78,369841.1,,
434960.66,369841.1,,
435170.5,369841.1,,
435380.38,369841.1,,
435590.25,369841.1,,
435800.1,369841.1,,
436009.97,369841.1,,
436219.8,369841.1,,
436429.7,369841.1,,
436639.56,369841.1,,
436849.4,369841.1,,
437059.28,369841.1,,
437269.16,369841.1,,
437479.0,369841.1,,
437688.88,369841.1,,
437898.72,369841.1,,
438108.6,369841.1,,
438318.47,369841.1,,
438528.3,369841.1,,
438738.2,369841.1,,
438948.03,369841.1,,
439157.9,369841.1,,
439367.78,369841.1,,
439577.62,369841.1,,
439787.5,369841.1,,
439997.38,369841.1,,
440207.22,369841.1,,
440417.1,369841.1,,
440626.94,369841.1,,
440836.8,369841.1,,
441046.7,369841.1,,
441256.53,369841.1,,
441466.4,369841.1,,
441676.25,369841.1,,
441886.12,369841.1,,
442096.0,369841.1,,
442305.84,369841.1,,
442515.72,369841.1,,
442725.6,369841.1,,
442935.44,369841.1,,
443145.3,369841.1,,
443355.16,369841.1,,
443565.03,369841.1,,
443774.9,369841.1,,
443984.75,369841.1,,
444194.62,369841.1,,
444404.47,369841.1,,
444614.34,369841.1,,
444824.22,369841.1,,
445034.06,369841.1,,
445243.94,369841.1,,
445453.8,369841.1,20.0,-436.0
445663.66,369841.1,20.0,-436.0
445873.53,369841.1,20.0,-436.0
446083.38,369841.1,20.0,-436.0
446293.25,369841.1,20.0,-436.0
446503.12,369841.1,-4.0,-604.0
446712.97,369841.1,-4.0,-604.0
446922.84,369841.1,-4.0,-604.0
447132.7,369841.1,-4.0,-604.0
447342.56,369841.1,-4.0,-604.0
447552.44,369841.1,-4.0,-604.0
447762.28,369841.1,-4.0,-604.0
447972.16,369841.1,-4.0,-604.0
448182.03,369841.1,-4.0,-604.0
448391.88,369841.1,-4.0,-604.0
448601.75,369841.1,8.0,-604.0
448811.6,369841.1,8.0,-604.0
449021.47,369841.1,8.0,-604.0
449231.34,369841.1,8.0,-604.0
449441.2,369841.1,8.0,-604.0
449651.06,369841.1,8.0,-604.0
449860.9,369841.1,8.0,-604.0
450070.78,369841.1,8.0,-604.0
450280.66,369841.1,8.0,-604.0
450490.5,369841.1,8.0,-604.0
450700.38,369841.1,8.0,-604.0
450910.25,369841.1,8.0,-616.0
451120.1,369841.1,8.0,-616.0
451329.97,369841.1,8.0,-616.0
451539.8,369841.1,8.0,-616.0
451749.7,369841.1,8.0,-604.0
451959.56,369841.1,8.0,-604.0
452169.4,369841.1,8.0,-604.0
452379.28,369841.1,8.0,-604.0
452589.12,369841.1,8.0,-604.0
452799.0,369841.1,8.0,-604.0
453008.88,369841.1,8.0,-604.0
453218.72,369841.1,20.0,-604.0
453428.6,369841.1,56.0,-748.0
453638.47,369841.1,56.0,-748.0
453848.3,369841.1,56.0,-748.0
454058.2,369841.1,56.0,-748.0
454268.03,369841.1,56.0,-748.0
454477.9,369841.1,56.0,-748.0
454687.78,369841.1,56.0,-748.0
454897.62,369841.1,56.0,-748.0
455107.5,369841.1,56.0,-748.0
455317.34,369841.1,56.0,-748.0
455527.22,369841.1,56.0,-748.0
455737.1,369841.1,56.0,-748.0
455946.94,369841.1,56.0,-748.0
456156.8,369841.1,56.0,-748.0
456366.7,369841.1,56.0,-748.0
456576.53,369841.1,56.0,-748.0
456786.4,369841.1,68.0,-748.0
456996.25,369841.1,68.0,-748.0
457206.12,369841.1,68.0,-748.0
457416.0,369841.1,68.0,-748.0
457625.84,369841.1,68.0,-748.0
457835.72,369841.1,68.0,-736.0
458045.6,369841.1,68.0,-736.0
458255.44,369841.1,68.0,-736.0
458465.3,369841.1,68.0,-736.0
458675.16,369841.1,68.0,-736.0
458885.03,369841.1,68.0,-736.0
459094.9,369841.1,68.0,-736.0
459304.75,369841.1,68.0,-736.0
459514.62,369841.1,68.0,-736.0
459724.47,369841.1,56.0,-736.0
459934.34,369841.1,56.0,-736.0
460144.22,369841.1,56.0,-736.0
